id,generic_name,brand_name,manufacturer,category,subcategory,ndc,price,dosage_form,dosage,description,gene_interactions,stock
1,Qutriptan,qutriptan,Strides Pharma,Central Nervous System,NSAID,55220-854-73,138.72,Extended-Release Tablet,"5 mcg Extended-Release Tablet, 14 Extended-Release Tablets per bottle. Typical dosing: once daily.","qutriptan is indicated for the management of chronic pain conditions through its action on central pain pathways.

Mechanism of Action: qutriptan works by binding to opioid receptors, modulating pain perception pathways.

Pharmacokinetics: Rapidly absorbed from the gastrointestinal tract. Crosses the blood-brain barrier. Extensively metabolized in the liver via CYP450 enzymes, primarily CYP3A4. Excreted in urine as metabolites.

Contraindications: Recent myocardial infarction; Pregnancy and lactation; Hypersensitivity to the active substance or any of the excipients; Concomitant use of monoamine oxidase inhibitors; Angle-closure glaucoma.

Common Adverse Effects: Insomnia, Depression, Confusion, Memory impairment.","G6PD,CYP2D6,HLA-B*5701",652
2,Hyciclovir,hyciclovir Hydrochloride,Serum Institute,Anticancer,Immunotherapy,39295-602-56,590.24,Capsule,"1.0 g Capsule, 10 Capsules per bottle. Typical dosing: three times daily.","hyciclovir is used in the treatment of conditions requiring anticancer therapy.

Mechanism of Action: hyciclovir works by counteracting pathological changes in tissue function.

Pharmacokinetics: Subject to significant first-pass metabolism resulting in reduced bioavailability. Crosses the blood-brain barrier. Metabolized via non-CYP450 pathways. Elimination rate depends on hepatic function.

Contraindications: Hypersensitivity to the active substance or any of the excipients; Pregnancy and lactation; Severe hepatic impairment.

Common Adverse Effects: Dizziness, Headache, Vomiting, Rash.",,357
3,Qusal,qusal Sodium,Johnson & Johnson,Gastrointestinal,Antispasmodic,94004-483-31,349.04,Injection,"20 mg Injection, 5 5 mL vials. Typical dosing: twice daily.","qusal is a antispasmodic used in the treatment of acid-related gastrointestinal disorders.

Mechanism of Action: qusal works by stimulating gastrointestinal motility through acetylcholine-like effects.

Pharmacokinetics: Subject to significant first-pass metabolism resulting in reduced bioavailability. Moderately protein-bound (approximately 60-80%). Metabolized via non-CYP450 pathways. Excreted in urine as metabolites.

Contraindications: Inflammatory bowel disease in acute phase; Severe renal impairment; Gastrointestinal obstruction.

Common Adverse Effects: Abdominal pain, Flatulence, Pruritus, Vomiting, Headache, Dyspepsia, Dizziness.",,602
4,Peglitazone,peglitazone,AbbVie,Anticancer,Topoisomerase Inhibitor,39095-225-59,352.89,Lozenges,"10 mg Lozenges, 30 units per package. Typical dosing: as directed by physician.","peglitazone is a topoisomerase inhibitor medication classified under anticancer drugs.

Mechanism of Action: peglitazone works by inhibiting key enzymes in pathological processes.

Pharmacokinetics: Bioavailability is approximately 60-80% after oral administration. Low protein binding (<30%). Undergoes conjugation reactions in the liver. Eliminated through both renal and biliary routes.

Contraindications: Pregnancy and lactation; Hypersensitivity to the active substance or any of the excipients; Severe renal impairment; Severe hepatic impairment.

Common Adverse Effects: Dizziness, Diarrhea, Nausea, Fatigue.",,508
5,Tithiazide,AL-tithiazide XR,Alkem Laboratories,Antiparasitic,Antihelminthic,23588-868-75,97.18,Extended-Release Capsule,"200 mcg Extended-Release Capsule, 28 Extended-Release Capsules per bottle. Typical dosing: twice daily.","tithiazide belongs to the class of antihelminthic agents within the antiparasitic category.

Mechanism of Action: tithiazide works by modulating biochemical pathways involved in the disease process.

Pharmacokinetics: Absorption is enhanced when taken with food. Distribution limited primarily to the vascular compartment. Extensively metabolized in the liver via CYP450 enzymes, primarily CYP3A4. Eliminated through both renal and biliary routes.

Contraindications: Severe hepatic impairment; Hypersensitivity to the active substance or any of the excipients; Pregnancy and lactation; Severe renal impairment.

Common Adverse Effects: Nausea, Abdominal pain, Headache, Vomiting, Pruritus.",,362
6,Nazepine,nazepine,Zydus Cadila,Dermatological,Antibiotic,59644-733-15,101.9,Syrup,"0.25 mg/5mL Syrup, 10 mL bottle. Typical dosing: three times daily.","nazepine is used in the treatment of conditions requiring dermatological therapy.

Mechanism of Action: nazepine works by modulating biochemical pathways involved in the disease process.

Pharmacokinetics: Bioavailability is approximately 60-80% after oral administration. Widely distributed throughout body tissues. Extensively metabolized in the liver via CYP450 enzymes, primarily CYP3A4. Prolonged half-life allowing once-daily dosing.

Contraindications: Pregnancy and lactation; Severe hepatic impairment; Severe renal impairment; Hypersensitivity to the active substance or any of the excipients.

Common Adverse Effects: Nausea, Fatigue, Abdominal pain, Rash, Diarrhea, Vomiting.","DPYD,CYP3A4,CFTR",595
7,Sumicin,sumicin Hydrochloride,Eli Lilly,Antibiotic,Quinolone,30597-179-33,10.12,Drops,"1000 mg Drops, 30 units per package. Typical dosing: four times daily.","sumicin is a broad-spectrum antibiotic used to treat various bacterial infections throughout the body.

Mechanism of Action: sumicin works by inhibiting DNA gyrase and topoisomerase IV, preventing bacterial DNA replication.

Pharmacokinetics: Rapidly absorbed from the gastrointestinal tract. Crosses the blood-brain barrier. Metabolized through multiple pathways with no single dominant route. Elimination rate depends on hepatic function.

Contraindications: Concurrent use of contraindicated medications; Severe renal impairment; Severe hepatic impairment; Hypersensitivity to the active substance or any of the excipients.

Common Adverse Effects: Dizziness, QT interval prolongation, Nausea, Pruritus, Rash, Candidiasis, Fatigue.",,730
8,Simycin,EL-simycin,Eli Lilly,Immunological,Antirheumatic,68761-509-57,290.2,Extended-Release Tablet,"75 mcg Extended-Release Tablet, 90 Extended-Release Tablets per bottle. Typical dosing: as directed by physician.","simycin is a antirheumatic medication classified under immunological drugs.

Mechanism of Action: simycin works by binding to specific receptors in target tissues.

Pharmacokinetics: Absorption is pH-dependent, optimized in acidic environment. Accumulates in adipose tissue due to lipophilic properties. Metabolized to active metabolites that contribute to the therapeutic effect. Clearance is reduced in patients with renal impairment.

Contraindications: Hypersensitivity to the active substance or any of the excipients; Severe hepatic impairment; Pregnancy and lactation; Severe renal impairment.

Common Adverse Effects: Pruritus, Headache, Fatigue, Abdominal pain, Diarrhea, Vomiting, Rash.",,661
9,Vamicin,vamicin D,Amgen,Antibiotic,Glycopeptide,39646-387-23,95.72,Oral Suspension,"0.1 % Oral Suspension, 120 mL bottle. Typical dosing: twice daily.","vamicin is indicated for the treatment of infections caused by susceptible strains of designated microorganisms.

Mechanism of Action: vamicin works by interfering with bacterial folate synthesis, inhibiting DNA and RNA production.

Pharmacokinetics: Slowly absorbed after oral administration. Widely distributed throughout body tissues. Metabolism shows significant inter-individual variability. Eliminated primarily via renal excretion of unchanged drug.

Contraindications: Known bacterial resistance; Severe renal impairment; Pregnancy and lactation; Hypersensitivity to the active substance or any of the excipients; Myasthenia gravis (for certain antibiotic classes).

Common Adverse Effects: Allergic reactions, Tooth discoloration, Candidiasis, Nausea.",,668
10,Semethasone,semethasone Maleate D,AstraZeneca,Immunological,Immunosuppressant,58758-679-20,263.3,Tablet,"1.0 g Tablet, 100 Tablets per bottle. Typical dosing: as directed by physician.","semethasone belongs to the class of immunosuppressant agents within the immunological category.

Mechanism of Action: semethasone works by enhancing physiological defense mechanisms.

Pharmacokinetics: Slowly absorbed after oral administration. Crosses the blood-brain barrier. Metabolized through multiple pathways with no single dominant route. Clearance is reduced in patients with renal impairment.

Contraindications: Hypersensitivity to the active substance or any of the excipients; Pregnancy and lactation; Severe hepatic impairment.

Common Adverse Effects: Fatigue, Rash, Vomiting, Pruritus, Dizziness, Headache, Nausea.",,681
11,Cecitabine,Sancecitabine CR,Sanofi,Dermatological,Antiseptic,84044-942-46,171.18,Intravenous Solution,"10 mcg/mL Intravenous Solution, 60 mL bottle. Typical dosing: as directed by physician.","cecitabine is used in the treatment of conditions requiring dermatological therapy.

Mechanism of Action: cecitabine works by counteracting pathological changes in tissue function.

Pharmacokinetics: Well absorbed through transdermal application. Highly protein-bound (approximately 90-95%). Metabolized through multiple pathways with no single dominant route. Elimination rate depends on hepatic function.

Contraindications: Hypersensitivity to the active substance or any of the excipients; Severe renal impairment; Pregnancy and lactation; Severe hepatic impairment.

Common Adverse Effects: Diarrhea, Dizziness, Pruritus, Fatigue, Vomiting.",,698
12,Gemicin,gemicin IR,Alembic Pharmaceuticals,Antibiotic,Penicillin,43149-539-43,39.07,Rectal Suppository,"125 mg Rectal Suppository, 20 units per package. Typical dosing: four times daily.","gemicin is indicated for the treatment of infections caused by susceptible strains of designated microorganisms.

Mechanism of Action: gemicin works by disrupting bacterial cell membrane integrity, leading to cell death.

Pharmacokinetics: Well absorbed through transdermal application. Crosses the blood-brain barrier. Subject to minimal metabolism, with most of the drug excreted unchanged. Clearance is reduced in patients with renal impairment.

Contraindications: Concurrent use of contraindicated medications; Severe hepatic impairment; Known bacterial resistance.

Common Adverse Effects: QT interval prolongation, Photosensitivity, Antibiotic-associated diarrhea, Fatigue, Diarrhea, Abdominal pain, Allergic reactions.",,571
13,Stacitabine,stacitabine SR,Dr. Reddy's,Antiparasitic,Antihelminthic,52375-358-28,24.58,Powder for Reconstitution,"50 mg Powder for Reconstitution, 100 units per package. Typical dosing: as directed by physician.","stacitabine belongs to the class of antihelminthic agents within the antiparasitic category.

Mechanism of Action: stacitabine works by counteracting pathological changes in tissue function.

Pharmacokinetics: Bioavailability is approximately 60-80% after oral administration. Distribution limited primarily to the vascular compartment. Undergoes conjugation reactions in the liver. Excreted in urine as metabolites.

Contraindications: Severe hepatic impairment; Hypersensitivity to the active substance or any of the excipients; Pregnancy and lactation.

Common Adverse Effects: Diarrhea, Nausea, Fatigue, Dizziness.",CYP3A4,475
14,Stafenac,stafenac HCl,Zydus Cadila,Hormonal,Oxytocic,80359-546-21,81.4,Syrup,"0.15 mg/5mL Syrup, 480 mL bottle. Typical dosing: three times daily.","stafenac is used in the treatment of conditions requiring hormonal therapy.

Mechanism of Action: stafenac works by binding to specific receptors in target tissues.

Pharmacokinetics: Well absorbed through transdermal application. Distribution limited primarily to the vascular compartment. Extensively metabolized in the liver via CYP450 enzymes, primarily CYP3A4. Excreted in urine as metabolites.

Contraindications: Severe renal impairment; Hypersensitivity to the active substance or any of the excipients; Severe hepatic impairment; Pregnancy and lactation.

Common Adverse Effects: Headache, Nausea, Dizziness, Rash, Fatigue.",,290
15,Enlukast,Pfienlukast Hydrochloride D,Pfizer,Dermatological,Antifungal,26049-148-91,56.56,Ophthalmic Ointment,"15.0 mg/g Ophthalmic Ointment, 50 g tube. Typical dosing: three times daily.","enlukast is indicated for therapeutic applications related to dermatological conditions.

Mechanism of Action: enlukast works by modulating biochemical pathways involved in the disease process.

Pharmacokinetics: Subject to significant first-pass metabolism resulting in reduced bioavailability. Widely distributed throughout body tissues. Metabolized through multiple pathways with no single dominant route. Elimination rate depends on hepatic function.

Contraindications: Severe renal impairment; Hypersensitivity to the active substance or any of the excipients; Severe hepatic impairment; Pregnancy and lactation.

Common Adverse Effects: Dizziness, Nausea, Abdominal pain, Pruritus, Headache, Fatigue, Diarrhea.",MTHFR,279
16,Esridone,Bioesridone D,Biocon,Central Nervous System,Opioid,38128-172-88,42.35,Sublingual Tablet,"15.0 mg Sublingual Tablet, 14 Sublingual Tablets per bottle. Typical dosing: as needed for pain.","esridone helps restore the balance of certain natural substances in the brain, improving mood, thoughts, and behavior.

Mechanism of Action: esridone works by enhancing GABAergic neurotransmission, producing anxiolytic and sedative effects.

Pharmacokinetics: Absorption is enhanced when taken with food. Moderately protein-bound (approximately 60-80%). Metabolized to active metabolites that contribute to the therapeutic effect. Eliminated through both renal and biliary routes.

Contraindications: Angle-closure glaucoma; Concomitant use of monoamine oxidase inhibitors; Hypersensitivity to the active substance or any of the excipients; Severe hepatic impairment.

Common Adverse Effects: Nausea, Abdominal pain, Headache, Vomiting.","MTHFR,CYP2E1,CYP2D6",480
17,Sivastatin,sivastatin Sodium,Serum Institute,Dermatological,Keratolytic,29097-305-85,26.01,Topical Cream,"40.0 mg/g Topical Cream, 5 g tube. Typical dosing: three times daily.","sivastatin belongs to the class of keratolytic agents within the dermatological category.

Mechanism of Action: sivastatin works by modulating biochemical pathways involved in the disease process.

Pharmacokinetics: Absorption is pH-dependent, optimized in acidic environment. Moderately protein-bound (approximately 60-80%). Metabolism shows significant inter-individual variability. Excreted in urine as metabolites.

Contraindications: Pregnancy and lactation; Severe hepatic impairment; Severe renal impairment.

Common Adverse Effects: Abdominal pain, Vomiting, Dizziness, Fatigue, Headache, Diarrhea, Rash.","CFTR,CYP1A2,BCHE",436
18,Siparib,siparib CR,Alkem Laboratories,Central Nervous System,Antipyretic,88064-759-71,200.7,Chewable Tablet,"5.0 mg Chewable Tablet, 10 Chewable Tablets per bottle. Typical dosing: as needed for pain.","siparib is a antipyretic that acts on the central nervous system to treat conditions such as depression, anxiety, or seizures.

Mechanism of Action: siparib works by enhancing GABAergic neurotransmission, producing anxiolytic and sedative effects.

Pharmacokinetics: Slowly absorbed after oral administration. Does not significantly penetrate the blood-brain barrier. Metabolized to active metabolites that contribute to the therapeutic effect. Short half-life of 2-4 hours requiring multiple daily dosing.

Contraindications: Seizure disorders; Recent myocardial infarction; Concomitant use of monoamine oxidase inhibitors.

Common Adverse Effects: Pruritus, Nausea, Headache, Insomnia, Memory impairment, Fatigue.",UGT1A1,624
19,Broglitazone,Glebroglitazone,Glenmark,Ophthalmological,Mydriatic,91518-760-38,65.06,Vaginal Cream,"25 mg Vaginal Cream, 60 g tube. Typical dosing: three times daily.","broglitazone is a mydriatic medication classified under ophthalmological drugs.

Mechanism of Action: broglitazone works by inhibiting key enzymes in pathological processes.

Pharmacokinetics: Rapidly absorbed from the gastrointestinal tract. Distribution limited primarily to the vascular compartment. Undergoes conjugation reactions in the liver. Eliminated primarily via renal excretion of unchanged drug.

Contraindications: Severe hepatic impairment; Hypersensitivity to the active substance or any of the excipients; Pregnancy and lactation.

Common Adverse Effects: Rash, Fatigue, Nausea, Headache, Dizziness, Pruritus, Vomiting.",,181
20,Geoxacin,SI-geoxacin Maleate,Serum Institute,Immunological,Immunosuppressant,68992-183-52,114.65,Lozenges,"100 mg Lozenges, 100 units per package. Typical dosing: as directed by physician.","geoxacin is used in the treatment of conditions requiring immunological therapy.

Mechanism of Action: geoxacin works by inhibiting key enzymes in pathological processes.

Pharmacokinetics: Subject to significant first-pass metabolism resulting in reduced bioavailability. Distribution limited primarily to the vascular compartment. Metabolized to active metabolites that contribute to the therapeutic effect. Elimination rate depends on hepatic function.

Contraindications: Pregnancy and lactation; Severe hepatic impairment; Hypersensitivity to the active substance or any of the excipients; Severe renal impairment.

Common Adverse Effects: Abdominal pain, Headache, Fatigue, Dizziness, Rash, Pruritus.","HLA-B*1502,CYP3A4",464
21,Cipril,cipril IV,Biocon,Central Nervous System,Antipyretic,91251-310-52,122.26,Ophthalmic Solution,"0.025 % Ophthalmic Solution, 100 mL bottle. Typical dosing: as needed for pain.","cipril helps restore the balance of certain natural substances in the brain, improving mood, thoughts, and behavior.

Mechanism of Action: cipril works by inhibiting monoamine oxidase, increasing levels of monoamine neurotransmitters.

Pharmacokinetics: Well absorbed through transdermal application. Crosses the blood-brain barrier. Metabolized via non-CYP450 pathways. Elimination rate depends on hepatic function.

Contraindications: Suicidal ideation; Angle-closure glaucoma; Severe renal impairment; Hypersensitivity to the active substance or any of the excipients.

Common Adverse Effects: Rash, Tremor, Dizziness, Anxiety.",,685
22,Fisartan,fisartan,Novartis,Musculoskeletal,Muscle Relaxant,15891-579-60,51.8,Tablet,"200 mg Tablet, 90 Tablets per bottle. Typical dosing: as directed by physician.","fisartan is used in the treatment of conditions requiring musculoskeletal therapy.

Mechanism of Action: fisartan works by modulating biochemical pathways involved in the disease process.

Pharmacokinetics: Well absorbed through transdermal application. Does not significantly penetrate the blood-brain barrier. Metabolized through multiple pathways with no single dominant route. Eliminated primarily via renal excretion of unchanged drug.

Contraindications: Severe hepatic impairment; Hypersensitivity to the active substance or any of the excipients; Pregnancy and lactation; Severe renal impairment.

Common Adverse Effects: Rash, Nausea, Fatigue, Abdominal pain, Pruritus, Vomiting.",UGT1A1,252
23,Rotate,rotate,Glenmark,Gastrointestinal,Prokinetic,30250-392-60,52.88,Inhalation Solution,"50 mcg/mL Inhalation Solution, 30 mL bottle. Typical dosing: once daily.","rotate is a prokinetic used in the treatment of acid-related gastrointestinal disorders.

Mechanism of Action: rotate works by forming a protective barrier over inflamed areas in the gastrointestinal tract.

Pharmacokinetics: Absorption is pH-dependent, optimized in acidic environment. Does not significantly penetrate the blood-brain barrier. Extensively metabolized in the liver via CYP450 enzymes, primarily CYP3A4. Prolonged half-life allowing once-daily dosing.

Contraindications: Gastrointestinal perforation; Hypersensitivity to the active substance or any of the excipients; Gastrointestinal obstruction; Severe renal impairment.

Common Adverse Effects: Rash, Dizziness, Nausea, Dyspepsia, Dry mouth, Increased appetite, Pruritus.",,370
24,Nathiazide,nathiazide Sodium HCl,Regeneron,Dermatological,Antifungal,95888-686-15,127.09,Topical Gel,"0.025 % Topical Gel, 30 g tube. Typical dosing: three times daily.","nathiazide belongs to the class of antifungal agents within the dermatological category.

Mechanism of Action: nathiazide works by modulating biochemical pathways involved in the disease process.

Pharmacokinetics: Subject to significant first-pass metabolism resulting in reduced bioavailability. Distribution limited primarily to the vascular compartment. Metabolized via non-CYP450 pathways. Elimination rate depends on hepatic function.

Contraindications: Severe hepatic impairment; Pregnancy and lactation; Hypersensitivity to the active substance or any of the excipients; Severe renal impairment.

Common Adverse Effects: Headache, Diarrhea, Abdominal pain, Rash.",DPYD,656
25,Rocaine,IP-rocaine,Intas Pharmaceuticals,Gastrointestinal,Antispasmodic,81424-859-85,159.23,Ophthalmic Ointment,"40 mg/g Ophthalmic Ointment, 10 g tube. Typical dosing: three times daily.","rocaine is indicated for the treatment of various gastrointestinal motility disorders and functional gastrointestinal syndromes.

Mechanism of Action: rocaine works by blocking dopamine D2 receptors in the chemoreceptor trigger zone, providing antiemetic effects.

Pharmacokinetics: Absorption is pH-dependent, optimized in acidic environment. Does not significantly penetrate the blood-brain barrier. Extensively metabolized in the liver via CYP450 enzymes, primarily CYP3A4. Terminal half-life of approximately 12-24 hours.

Contraindications: Severe renal impairment; Pregnancy and lactation; Active gastrointestinal bleeding; Hypersensitivity to the active substance or any of the excipients.

Common Adverse Effects: Abdominal pain, Dizziness, Diarrhea, Vomiting, Increased appetite, Dry mouth.",,282
26,Brotuximab,brotuximab HCT,Sanofi,Ophthalmological,Miotic,68253-854-98,56.33,Vaginal Suppository,"5 mg Vaginal Suppository, 10 units per package. Typical dosing: as directed by physician.","brotuximab is indicated for therapeutic applications related to ophthalmological conditions.

Mechanism of Action: brotuximab works by inhibiting key enzymes in pathological processes.

Pharmacokinetics: Well absorbed through transdermal application. Accumulates in adipose tissue due to lipophilic properties. Extensively metabolized in the liver via CYP450 enzymes, primarily CYP3A4. Excreted in urine as metabolites.

Contraindications: Severe hepatic impairment; Hypersensitivity to the active substance or any of the excipients; Severe renal impairment; Pregnancy and lactation.

Common Adverse Effects: Pruritus, Abdominal pain, Fatigue, Nausea, Headache, Rash.",,707
27,Vetriptan,vetriptan Calcium Plus,Amgen,Ophthalmological,Antiglaucoma,86089-794-17,127.35,Oral Suspension,"200 mcg/mL Oral Suspension, 240 mL bottle. Typical dosing: once daily.","vetriptan is a antiglaucoma medication classified under ophthalmological drugs.

Mechanism of Action: vetriptan works by binding to specific receptors in target tissues.

Pharmacokinetics: Well absorbed through transdermal application. Does not significantly penetrate the blood-brain barrier. Metabolism shows significant inter-individual variability. Prolonged half-life allowing once-daily dosing.

Contraindications: Hypersensitivity to the active substance or any of the excipients; Severe hepatic impairment; Severe renal impairment; Pregnancy and lactation.

Common Adverse Effects: Headache, Rash, Dizziness, Vomiting, Nausea, Pruritus, Abdominal pain.","CYP3A4,MTHFR",585
28,Nofibrate,nofibrate D,Glenmark,Respiratory,Mucolytic,30638-894-21,93.43,Rectal Suppository,"20 mg Rectal Suppository, 50 units per package. Typical dosing: every 4-6 hours as needed.","nofibrate is a mucolytic indicated for the treatment of asthma and chronic obstructive pulmonary disease (COPD).

Mechanism of Action: nofibrate works by inhibiting phosphodiesterase enzymes, resulting in bronchodilation and anti-inflammatory effects.

Pharmacokinetics: Subject to significant first-pass metabolism resulting in reduced bioavailability. Highly protein-bound (approximately 90-95%). Metabolized via non-CYP450 pathways. Elimination rate depends on hepatic function.

Contraindications: Severe hepatic impairment; Pregnancy and lactation; Severe COPD with respiratory insufficiency; Severe renal impairment; Hypersensitivity to the active substance or any of the excipients.

Common Adverse Effects: Cough, Increased sputum production, Headache, Rhinitis, Dyspnea, Dizziness, Fatigue.",,489
29,Esplatin,esplatin,AstraZeneca,Dermatological,Antiseptic,65238-542-68,122.48,Topical Cream,"1.0 % Topical Cream, 50 g tube. Typical dosing: as directed by physician.","esplatin is a antiseptic medication classified under dermatological drugs.

Mechanism of Action: esplatin works by counteracting pathological changes in tissue function.

Pharmacokinetics: Absorption is enhanced when taken with food. Crosses the blood-brain barrier. Undergoes conjugation reactions in the liver. Clearance is reduced in patients with renal impairment.

Contraindications: Pregnancy and lactation; Severe renal impairment; Severe hepatic impairment; Hypersensitivity to the active substance or any of the excipients.

Common Adverse Effects: Abdominal pain, Rash, Headache, Nausea, Fatigue, Dizziness, Pruritus.",,602
30,Enfloxacin,Gleenfloxacin Nitrate,Glenmark,Antibiotic,Carbapenem,56029-687-88,82.55,Vaginal Suppository,"100 mg Vaginal Suppository, 10 units per package. Typical dosing: twice daily.","enfloxacin is a broad-spectrum antibiotic used to treat various bacterial infections throughout the body.

Mechanism of Action: enfloxacin works by inhibiting DNA gyrase and topoisomerase IV, preventing bacterial DNA replication.

Pharmacokinetics: Absorption is reduced when taken with food. Low protein binding (<30%). Metabolized via non-CYP450 pathways. Prolonged half-life allowing once-daily dosing.

Contraindications: Known bacterial resistance; Hypersensitivity to the active substance or any of the excipients; Myasthenia gravis (for certain antibiotic classes); Severe hepatic impairment; Concurrent use of contraindicated medications.

Common Adverse Effects: Vomiting, Abdominal pain, Antibiotic-associated diarrhea, Nausea, Headache, Photosensitivity.",,302
31,Gegliptin,gegliptin HCl,Genentech,Antiviral,Nucleoside Analog,20703-963-13,849.63,Extended-Release Tablet,"5 mcg Extended-Release Tablet, 60 Extended-Release Tablets per bottle. Typical dosing: once daily.","gegliptin is a nucleoside analog medication classified under antiviral drugs.

Mechanism of Action: gegliptin works by modulating biochemical pathways involved in the disease process.

Pharmacokinetics: Slowly absorbed after oral administration. Highly protein-bound (approximately 90-95%). Subject to minimal metabolism, with most of the drug excreted unchanged. Terminal half-life of approximately 12-24 hours.

Contraindications: Severe hepatic impairment; Pregnancy and lactation; Hypersensitivity to the active substance or any of the excipients; Severe renal impairment.

Common Adverse Effects: Dizziness, Fatigue, Nausea, Abdominal pain, Headache, Rash.",,719
32,Cafenac,cafenac IR,Roche,Central Nervous System,Antidepressant,84301-458-45,157.13,Vaginal Tablet,"300.0 mg Vaginal Tablet, 180 Vaginal Tablets per bottle. Typical dosing: at bedtime.","cafenac helps restore the balance of certain natural substances in the brain, improving mood, thoughts, and behavior.

Mechanism of Action: cafenac works by binding to opioid receptors, modulating pain perception pathways.

Pharmacokinetics: Subject to significant first-pass metabolism resulting in reduced bioavailability. Does not significantly penetrate the blood-brain barrier. Undergoes conjugation reactions in the liver. Eliminated through both renal and biliary routes.

Contraindications: Seizure disorders; Pregnancy and lactation; Severe renal impairment; Suicidal ideation; Recent myocardial infarction.

Common Adverse Effects: Paresthesia, Anxiety, Confusion, Somnolence.",,415
33,Gemustine,gemustine Calcium D,Teva Pharmaceutical,Dermatological,Antibiotic,78069-391-58,145.04,Topical Ointment,"2.5 % Topical Ointment, 5 g tube. Typical dosing: three times daily.","gemustine belongs to the class of antibiotic agents within the dermatological category.

Mechanism of Action: gemustine works by counteracting pathological changes in tissue function.

Pharmacokinetics: Rapidly absorbed from the gastrointestinal tract. Does not significantly penetrate the blood-brain barrier. Undergoes conjugation reactions in the liver. Clearance is reduced in patients with renal impairment.

Contraindications: Severe renal impairment; Severe hepatic impairment; Hypersensitivity to the active substance or any of the excipients; Pregnancy and lactation.

Common Adverse Effects: Fatigue, Vomiting, Pruritus, Abdominal pain, Diarrhea, Rash, Headache.",BCHE,567
34,Miafil,miafil,Celgene,Antiviral,CCR5 Antagonist,99771-805-12,944.19,Powder for Reconstitution,"50 mg Powder for Reconstitution, 20 units per package. Typical dosing: three times daily.","miafil belongs to the class of ccr5 antagonist agents within the antiviral category.

Mechanism of Action: miafil works by inhibiting key enzymes in pathological processes.

Pharmacokinetics: Absorption is enhanced when taken with food. Low protein binding (<30%). Extensively metabolized in the liver via CYP450 enzymes, primarily CYP3A4. Excreted in urine as metabolites.

Contraindications: Pregnancy and lactation; Severe renal impairment; Hypersensitivity to the active substance or any of the excipients; Severe hepatic impairment.

Common Adverse Effects: Abdominal pain, Dizziness, Nausea, Fatigue, Diarrhea, Rash.",,664
35,Figliptin,figliptin Sodium,Torrent Pharmaceuticals,Antidiabetic,SGLT2 Inhibitor,50884-668-79,133.21,Tablet,"0.5 g Tablet, 30 Tablets per bottle. Typical dosing: with meals.","figliptin is indicated as an adjunct to diet and exercise to improve glycemic control in adults with type 2 diabetes.

Mechanism of Action: figliptin works by increasing tissue sensitivity to insulin and reducing hepatic glucose production.

Pharmacokinetics: Absorption is reduced when taken with food. Moderately protein-bound (approximately 60-80%). Metabolized to active metabolites that contribute to the therapeutic effect. Excreted in urine as metabolites.

Contraindications: Pregnancy and lactation; Hypersensitivity to the active substance or any of the excipients; Severe renal impairment (GFR < 30 mL/min); Severe hepatic impairment.

Common Adverse Effects: Lactic acidosis, Urinary tract infections, Headache, Diarrhea, Nausea, Peripheral edema, Fatigue.",,919
36,Meolol,meolol,Eli Lilly,Ophthalmological,Lubricant,41345-230-94,148.12,Inhalation Powder,"10 mcg/dose Inhalation Powder, 60 doses per inhaler. Typical dosing: as directed by physician.","meolol is indicated for therapeutic applications related to ophthalmological conditions.

Mechanism of Action: meolol works by enhancing physiological defense mechanisms.

Pharmacokinetics: Well absorbed through transdermal application. Highly protein-bound (approximately 90-95%). Subject to minimal metabolism, with most of the drug excreted unchanged. Short half-life of 2-4 hours requiring multiple daily dosing.

Contraindications: Severe hepatic impairment; Pregnancy and lactation; Hypersensitivity to the active substance or any of the excipients; Severe renal impairment.

Common Adverse Effects: Abdominal pain, Fatigue, Nausea, Dizziness, Diarrhea, Headache.",,408
37,Fluparib,fluparib Oral,Piramal Healthcare,Immunological,Immunosuppressant,18627-971-91,391.72,Ophthalmic Ointment,"200 mg/g Ophthalmic Ointment, 15 g tube. Typical dosing: three times daily.","fluparib belongs to the class of immunosuppressant agents within the immunological category.

Mechanism of Action: fluparib works by enhancing physiological defense mechanisms.

Pharmacokinetics: Well absorbed through transdermal application. Crosses the blood-brain barrier. Extensively metabolized in the liver via CYP450 enzymes, primarily CYP3A4. Terminal half-life of approximately 12-24 hours.

Contraindications: Pregnancy and lactation; Severe hepatic impairment; Severe renal impairment; Hypersensitivity to the active substance or any of the excipients.

Common Adverse Effects: Fatigue, Pruritus, Rash, Dizziness, Abdominal pain.",,687
38,Moconazole,moconazole Plus,Eli Lilly,Antiparasitic,Antiprotozoal,90293-895-95,15.78,Sublingual Tablet,"10 mg Sublingual Tablet, 100 Sublingual Tablets per bottle. Typical dosing: as directed by physician.","moconazole belongs to the class of antiprotozoal agents within the antiparasitic category.

Mechanism of Action: moconazole works by modulating biochemical pathways involved in the disease process.

Pharmacokinetics: Rapidly absorbed from the gastrointestinal tract. Accumulates in adipose tissue due to lipophilic properties. Subject to minimal metabolism, with most of the drug excreted unchanged. Clearance is reduced in patients with renal impairment.

Contraindications: Severe renal impairment; Pregnancy and lactation; Severe hepatic impairment; Hypersensitivity to the active substance or any of the excipients.

Common Adverse Effects: Dizziness, Pruritus, Vomiting, Fatigue, Diarrhea.",,610
39,Cacycline,Lupcacycline,Lupin,Dermatological,Corticosteroid,81904-391-86,58.02,Inhalation Powder,"100 mcg/dose Inhalation Powder, 90 doses per inhaler. Typical dosing: twice daily.","cacycline is used in the treatment of conditions requiring dermatological therapy.

Mechanism of Action: cacycline works by inhibiting key enzymes in pathological processes.

Pharmacokinetics: Bioavailability is approximately 60-80% after oral administration. Accumulates in adipose tissue due to lipophilic properties. Subject to minimal metabolism, with most of the drug excreted unchanged. Short half-life of 2-4 hours requiring multiple daily dosing.

Contraindications: Severe hepatic impairment; Severe renal impairment; Hypersensitivity to the active substance or any of the excipients; Pregnancy and lactation.

Common Adverse Effects: Fatigue, Pruritus, Nausea, Rash, Diarrhea, Vomiting.",,518
40,Esprofen,Astesprofen,AstraZeneca,Antiparasitic,Antimalarial,31328-919-51,86.38,Buccal Tablet,"100 mg Buccal Tablet, 28 Buccal Tablets per bottle. Typical dosing: once daily.","esprofen is a antimalarial medication classified under antiparasitic drugs.

Mechanism of Action: esprofen works by binding to specific receptors in target tissues.

Pharmacokinetics: Absorption is pH-dependent, optimized in acidic environment. Moderately protein-bound (approximately 60-80%). Primarily metabolized by CYP2D6 with genetic polymorphisms affecting rate of metabolism. Short half-life of 2-4 hours requiring multiple daily dosing.

Contraindications: Severe renal impairment; Hypersensitivity to the active substance or any of the excipients; Severe hepatic impairment; Pregnancy and lactation.

Common Adverse Effects: Nausea, Dizziness, Fatigue, Headache, Abdominal pain, Rash.","MTHFR,HLA-B*1502",653
41,Dimycin,dimycin Sodium,Dr. Reddy's,Ophthalmological,Lubricant,51287-848-58,67.24,Buccal Tablet,"20 mg Buccal Tablet, 120 Buccal Tablets per bottle. Typical dosing: twice daily.","dimycin is used in the treatment of conditions requiring ophthalmological therapy.

Mechanism of Action: dimycin works by binding to specific receptors in target tissues.

Pharmacokinetics: Well absorbed through transdermal application. Accumulates in adipose tissue due to lipophilic properties. Undergoes conjugation reactions in the liver. Short half-life of 2-4 hours requiring multiple daily dosing.

Contraindications: Pregnancy and lactation; Hypersensitivity to the active substance or any of the excipients; Severe renal impairment; Severe hepatic impairment.

Common Adverse Effects: Headache, Pruritus, Diarrhea, Vomiting, Rash, Nausea.",,426
42,Suafil,suafil,Mankind Pharma,Dermatological,Emollient,87199-844-91,93.21,Topical Ointment,"0.025 % Topical Ointment, 15 g tube. Typical dosing: once daily.","suafil belongs to the class of emollient agents within the dermatological category.

Mechanism of Action: suafil works by inhibiting key enzymes in pathological processes.

Pharmacokinetics: Absorption is pH-dependent, optimized in acidic environment. Low protein binding (<30%). Subject to minimal metabolism, with most of the drug excreted unchanged. Elimination rate depends on hepatic function.

Contraindications: Hypersensitivity to the active substance or any of the excipients; Severe hepatic impairment; Pregnancy and lactation.

Common Adverse Effects: Abdominal pain, Vomiting, Diarrhea, Nausea, Dizziness, Pruritus, Fatigue.",,386
43,Inprazole,inprazole,Piramal Healthcare,Ophthalmological,Lubricant,78265-542-57,47.37,Capsule,"500 mcg Capsule, 10 Capsules per bottle. Typical dosing: once daily.","inprazole belongs to the class of lubricant agents within the ophthalmological category.

Mechanism of Action: inprazole works by inhibiting key enzymes in pathological processes.

Pharmacokinetics: Absorption is pH-dependent, optimized in acidic environment. Widely distributed throughout body tissues. Subject to minimal metabolism, with most of the drug excreted unchanged. Clearance is reduced in patients with renal impairment.

Contraindications: Severe hepatic impairment; Pregnancy and lactation; Hypersensitivity to the active substance or any of the excipients; Severe renal impairment.

Common Adverse Effects: Rash, Nausea, Vomiting, Abdominal pain.",,179
44,Moterol,GS-moterol,Gilead Sciences,Respiratory,Expectorant,77281-270-46,183.37,Syrup,"400 mg/5mL Syrup, 60 mL bottle. Typical dosing: twice daily.","moterol helps reduce inflammation and bronchospasm in the airways, improving breathing in patients with respiratory conditions.

Mechanism of Action: moterol works by antagonizing histamine H1 receptors, reducing allergic responses.

Pharmacokinetics: Slowly absorbed after oral administration. Low protein binding (<30%). Metabolized to active metabolites that contribute to the therapeutic effect. Terminal half-life of approximately 12-24 hours.

Contraindications: Severe hepatic impairment; Severe COPD with respiratory insufficiency; Status asthmaticus; Untreated fungal infections of the respiratory tract; Severe renal impairment.

Common Adverse Effects: Nausea, Pruritus, Cough, Rash.",,618
45,Dioxacin,ZC-dioxacin D,Zydus Cadila,Antibiotic,Penicillin,80477-470-11,11.53,Oral Suspension,"20.0 mg/mL Oral Suspension, 60 mL bottle. Typical dosing: three times daily.","dioxacin is indicated for the treatment of infections caused by susceptible strains of designated microorganisms.

Mechanism of Action: dioxacin works by disrupting bacterial cell membrane integrity, leading to cell death.

Pharmacokinetics: Bioavailability is approximately 60-80% after oral administration. Moderately protein-bound (approximately 60-80%). Metabolized through multiple pathways with no single dominant route. Elimination rate depends on hepatic function.

Contraindications: History of antibiotic-associated colitis; Severe hepatic impairment; Pregnancy and lactation; Known bacterial resistance.

Common Adverse Effects: Tooth discoloration, Rash, Antibiotic-associated diarrhea, Vomiting, Pruritus, Headache, Photosensitivity.","CYP1A2,CFTR,CYP2C19",505
46,Siracil,siracil,GlaxoSmithKline,Ophthalmological,Antiglaucoma,74059-206-37,76.53,Topical Gel,"10.0 % Topical Gel, 60 g tube. Typical dosing: as directed by physician.","siracil is a antiglaucoma medication classified under ophthalmological drugs.

Mechanism of Action: siracil works by counteracting pathological changes in tissue function.

Pharmacokinetics: Absorption is reduced when taken with food. Moderately protein-bound (approximately 60-80%). Subject to minimal metabolism, with most of the drug excreted unchanged. Eliminated primarily via renal excretion of unchanged drug.

Contraindications: Severe hepatic impairment; Hypersensitivity to the active substance or any of the excipients; Pregnancy and lactation; Severe renal impairment.

Common Adverse Effects: Vomiting, Pruritus, Nausea, Headache, Fatigue, Rash, Diarrhea.",,515
47,Nogliptin,nogliptin Sodium,Alembic Pharmaceuticals,Dermatological,Keratolytic,85338-180-90,27.11,Tablet,"2.0 g Tablet, 60 Tablets per bottle. Typical dosing: three times daily.","nogliptin belongs to the class of keratolytic agents within the dermatological category.

Mechanism of Action: nogliptin works by binding to specific receptors in target tissues.

Pharmacokinetics: Rapidly absorbed from the gastrointestinal tract. Accumulates in adipose tissue due to lipophilic properties. Metabolized through multiple pathways with no single dominant route. Short half-life of 2-4 hours requiring multiple daily dosing.

Contraindications: Severe hepatic impairment; Severe renal impairment; Hypersensitivity to the active substance or any of the excipients; Pregnancy and lactation.

Common Adverse Effects: Abdominal pain, Nausea, Dizziness, Vomiting, Rash, Fatigue.",,677
48,Diazine,diazine Maleate,Teva Pharmaceutical,Immunological,Immunosuppressant,95705-652-70,110.37,Rectal Suppository,"10 mg Rectal Suppository, 30 units per package. Typical dosing: three times daily.","diazine is a immunosuppressant medication classified under immunological drugs.

Mechanism of Action: diazine works by enhancing physiological defense mechanisms.

Pharmacokinetics: Absorption is enhanced when taken with food. Moderately protein-bound (approximately 60-80%). Undergoes conjugation reactions in the liver. Terminal half-life of approximately 12-24 hours.

Contraindications: Severe renal impairment; Severe hepatic impairment; Pregnancy and lactation; Hypersensitivity to the active substance or any of the excipients.

Common Adverse Effects: Vomiting, Diarrhea, Nausea, Pruritus, Fatigue, Rash, Dizziness.",,635
49,Fiparib,fiparib CR,GlaxoSmithKline,Dermatological,Antipsoriatic,76104-177-51,43.58,Topical Ointment,"1.0 % Topical Ointment, 100 g tube. Typical dosing: once daily.","fiparib is a antipsoriatic medication classified under dermatological drugs.

Mechanism of Action: fiparib works by enhancing physiological defense mechanisms.

Pharmacokinetics: Slowly absorbed after oral administration. Highly protein-bound (approximately 90-95%). Metabolized to active metabolites that contribute to the therapeutic effect. Eliminated through both renal and biliary routes.

Contraindications: Pregnancy and lactation; Hypersensitivity to the active substance or any of the excipients; Severe hepatic impairment; Severe renal impairment.

Common Adverse Effects: Vomiting, Headache, Abdominal pain, Pruritus, Diarrhea, Dizziness.",,410
50,Hetoin,Amghetoin Calcium,Amgen,Nutritional,Mineral,20553-997-39,56.54,Ophthalmic Solution,"0.05 % Ophthalmic Solution, 240 mL bottle. Typical dosing: once daily.","hetoin is used in the treatment of conditions requiring nutritional therapy.

Mechanism of Action: hetoin works by counteracting pathological changes in tissue function.

Pharmacokinetics: Well absorbed through transdermal application. Crosses the blood-brain barrier. Undergoes conjugation reactions in the liver. Clearance is reduced in patients with renal impairment.

Contraindications: Severe hepatic impairment; Severe renal impairment; Pregnancy and lactation; Hypersensitivity to the active substance or any of the excipients.

Common Adverse Effects: Abdominal pain, Fatigue, Vomiting, Pruritus, Nausea, Headache.",CFTR,274
51,Neglitazone,neglitazone D,Baxter International,Antidiabetic,GLP-1 Receptor Agonist,85329-593-38,215.27,Drops,"0.5 mg Drops, 10 units per package. Typical dosing: twice daily.","neglitazone improves insulin sensitivity and reduces hepatic glucose production, leading to better glycemic control.

Mechanism of Action: neglitazone works by stimulating insulin release from pancreatic beta cells.

Pharmacokinetics: Absorption is enhanced when taken with food. Highly protein-bound (approximately 90-95%). Undergoes conjugation reactions in the liver. Elimination rate depends on hepatic function.

Contraindications: Severe hepatic impairment; Acute or chronic metabolic acidosis; Pregnancy and lactation; Type 1 diabetes mellitus (for certain antidiabetic classes).

Common Adverse Effects: Pruritus, Lactic acidosis, Peripheral edema, Fatigue, Abdominal pain.",CYP2E1,448
52,Dosemide,dosemide Phosphate,Dr. Reddy's,Dermatological,Keratolytic,24923-749-94,97.76,Buccal Tablet,"20.0 mg Buccal Tablet, 10 Buccal Tablets per bottle. Typical dosing: as directed by physician.","dosemide is a keratolytic medication classified under dermatological drugs.

Mechanism of Action: dosemide works by counteracting pathological changes in tissue function.

Pharmacokinetics: Absorption is reduced when taken with food. Does not significantly penetrate the blood-brain barrier. Extensively metabolized in the liver via CYP450 enzymes, primarily CYP3A4. Short half-life of 2-4 hours requiring multiple daily dosing.

Contraindications: Hypersensitivity to the active substance or any of the excipients; Severe hepatic impairment; Severe renal impairment.

Common Adverse Effects: Pruritus, Vomiting, Dizziness, Nausea.",HLA-B*1502,406
53,Kevastatin,Baykevastatin Hydrochloride,Bayer,Cardiovascular,ACE Inhibitor,93161-841-46,149.99,Vaginal Cream,"80.0 mg Vaginal Cream, 45 g tube. Typical dosing: twice daily.","kevastatin is indicated for the treatment of hypertension, either alone or in combination with other antihypertensive agents.

Mechanism of Action: kevastatin works by selectively blocking beta-adrenergic receptors, reducing the effects of epinephrine.

Pharmacokinetics: Rapidly absorbed from the gastrointestinal tract. Does not significantly penetrate the blood-brain barrier. Metabolized to active metabolites that contribute to the therapeutic effect. Clearance is reduced in patients with renal impairment.

Contraindications: Severe renal impairment; Cardiogenic shock; Severe bradycardia.

Common Adverse Effects: Pruritus, Vomiting, Nausea, Palpitations, Dizziness.",,615
54,Hesemide,hesemide Maleate,Sun Pharmaceutical,Antiviral,Protease Inhibitor,78985-717-77,128.99,Topical Gel,"0.5 % Topical Gel, 10 g tube. Typical dosing: three times daily.","hesemide belongs to the class of protease inhibitor agents within the antiviral category.

Mechanism of Action: hesemide works by counteracting pathological changes in tissue function.

Pharmacokinetics: Subject to significant first-pass metabolism resulting in reduced bioavailability. Crosses the blood-brain barrier. Metabolized to active metabolites that contribute to the therapeutic effect. Elimination rate depends on hepatic function.

Contraindications: Hypersensitivity to the active substance or any of the excipients; Severe hepatic impairment; Pregnancy and lactation; Severe renal impairment.

Common Adverse Effects: Fatigue, Nausea, Diarrhea, Headache.",,263
55,Lisetron,lisetron Citrate,Pfizer,Gastrointestinal,H2 Antagonist,15964-287-44,186.45,Extended-Release Tablet,"150 mg Extended-Release Tablet, 10 Extended-Release Tablets per bottle. Typical dosing: three times daily.","lisetron helps manage symptoms and promote healing in patients with inflammatory bowel conditions.

Mechanism of Action: lisetron works by antagonizing histamine H2 receptors in gastric parietal cells, reducing acid secretion.

Pharmacokinetics: Slowly absorbed after oral administration. Low protein binding (<30%). Extensively metabolized in the liver via CYP450 enzymes, primarily CYP3A4. Eliminated through both renal and biliary routes.

Contraindications: Gastrointestinal obstruction; Inflammatory bowel disease in acute phase; Severe hepatic impairment; Active gastrointestinal bleeding; Severe renal impairment.

Common Adverse Effects: Altered taste, Dyspepsia, Nausea, Flatulence, Headache, Abdominal pain, Dry mouth.","CYP2B6,CYP2D6",204
56,Lociclovir,lociclovir,Amgen,Immunological,Monoclonal Antibody,91855-870-82,124.75,Syrup,"1.0 mg/mL Syrup, 15 mL bottle. Typical dosing: three times daily.","lociclovir is used in the treatment of conditions requiring immunological therapy.

Mechanism of Action: lociclovir works by modulating biochemical pathways involved in the disease process.

Pharmacokinetics: Rapidly absorbed from the gastrointestinal tract. Crosses the blood-brain barrier. Metabolized through multiple pathways with no single dominant route. Elimination rate depends on hepatic function.

Contraindications: Severe hepatic impairment; Severe renal impairment; Hypersensitivity to the active substance or any of the excipients; Pregnancy and lactation.

Common Adverse Effects: Pruritus, Dizziness, Vomiting, Fatigue, Headache.",,418
57,Diciclovir,diciclovir XR,Zydus Cadila,Antidiabetic,SGLT2 Inhibitor,88973-820-79,429.09,Intravenous Solution,"4.0 mEq/mL Intravenous Solution, 120 mL bottle. Typical dosing: twice daily.","diciclovir improves insulin sensitivity and reduces hepatic glucose production, leading to better glycemic control.

Mechanism of Action: diciclovir works by inhibiting intestinal alpha-glucosidase enzymes, delaying carbohydrate absorption.

Pharmacokinetics: Absorption is reduced when taken with food. Low protein binding (<30%). Metabolized to active metabolites that contribute to the therapeutic effect. Eliminated through both renal and biliary routes.

Contraindications: Pregnancy and lactation; Type 1 diabetes mellitus (for certain antidiabetic classes); Severe renal impairment (GFR < 30 mL/min); Diabetic ketoacidosis; Hypersensitivity to the active substance or any of the excipients.

Common Adverse Effects: Abdominal pain, Fatigue, Urinary tract infections, Headache, Vomiting.","IFNL3,CFTR",466
58,Figlutide,figlutide HBr,Alembic Pharmaceuticals,Antidiabetic,Insulin,40713-669-10,59.83,Rectal Suppository,"1.0 mg Rectal Suppository, 30 units per package. Typical dosing: with meals.","figlutide improves insulin sensitivity and reduces hepatic glucose production, leading to better glycemic control.

Mechanism of Action: figlutide works by enhancing incretin effect by inhibiting dipeptidyl peptidase-4 (DPP-4).

Pharmacokinetics: Slowly absorbed after oral administration. Crosses the blood-brain barrier. Undergoes conjugation reactions in the liver. Eliminated primarily via renal excretion of unchanged drug.

Contraindications: Diabetic ketoacidosis; Acute or chronic metabolic acidosis; Severe renal impairment; Pregnancy and lactation; Severe hepatic impairment.

Common Adverse Effects: Abdominal pain, Diarrhea, Pruritus, Nausea, Weight gain.",,723
59,Ketaxel,ketaxel Maleate,AstraZeneca,Anticancer,Alkylating Agent,77454-928-61,910.95,Drops,"200 mg Drops, 30 units per package. Typical dosing: twice daily.","ketaxel belongs to the class of alkylating agent agents within the anticancer category.

Mechanism of Action: ketaxel works by inhibiting key enzymes in pathological processes.

Pharmacokinetics: Subject to significant first-pass metabolism resulting in reduced bioavailability. Moderately protein-bound (approximately 60-80%). Undergoes conjugation reactions in the liver. Elimination rate depends on hepatic function.

Contraindications: Severe renal impairment; Pregnancy and lactation; Hypersensitivity to the active substance or any of the excipients.

Common Adverse Effects: Vomiting, Abdominal pain, Rash, Pruritus.",,583
60,Tazepine,tazepine Citrate,Roche,Anticancer,Alkylating Agent,35278-533-85,1729.32,Nasal Spray,"500 mg/dose Nasal Spray, 30 mL bottle. Typical dosing: once daily.","tazepine belongs to the class of alkylating agent agents within the anticancer category.

Mechanism of Action: tazepine works by counteracting pathological changes in tissue function.

Pharmacokinetics: Rapidly absorbed from the gastrointestinal tract. Widely distributed throughout body tissues. Metabolized via non-CYP450 pathways. Short half-life of 2-4 hours requiring multiple daily dosing.

Contraindications: Pregnancy and lactation; Hypersensitivity to the active substance or any of the excipients; Severe hepatic impairment.

Common Adverse Effects: Diarrhea, Nausea, Vomiting, Pruritus, Fatigue, Headache.",,533
61,Dimycin,AP-dimycin Sodium CR,Alembic Pharmaceuticals,Antibiotic,Tetracycline,25701-906-97,93.96,Rectal Suppository,"750 mg Rectal Suppository, 30 units per package. Typical dosing: three times daily.","dimycin is a broad-spectrum antibiotic used to treat various bacterial infections throughout the body.

Mechanism of Action: dimycin works by binding to the 30S ribosomal subunit, inhibiting bacterial protein synthesis.

Pharmacokinetics: Slowly absorbed after oral administration. Distribution limited primarily to the vascular compartment. Metabolized to active metabolites that contribute to the therapeutic effect. Excreted in urine as metabolites.

Contraindications: Known bacterial resistance; Hypersensitivity to the active substance or any of the excipients; Pregnancy and lactation; Concurrent use of contraindicated medications; Severe hepatic impairment.

Common Adverse Effects: QT interval prolongation, Tooth discoloration, Pruritus, Candidiasis.",,495
62,Glidipine,glidipine Sulfate,AbbVie,Otological,Anti-Inflammatory,72284-221-94,37.0,Nasal Spray,"50 mcg/dose Nasal Spray, 30 mL bottle. Typical dosing: three times daily.","glidipine is a anti-inflammatory medication classified under otological drugs.

Mechanism of Action: glidipine works by binding to specific receptors in target tissues.

Pharmacokinetics: Absorption is pH-dependent, optimized in acidic environment. Moderately protein-bound (approximately 60-80%). Extensively metabolized in the liver via CYP450 enzymes, primarily CYP3A4. Terminal half-life of approximately 12-24 hours.

Contraindications: Severe renal impairment; Hypersensitivity to the active substance or any of the excipients; Severe hepatic impairment; Pregnancy and lactation.

Common Adverse Effects: Rash, Abdominal pain, Headache, Nausea, Pruritus, Vomiting.",,566
63,Racitabine,ZC-racitabine,Zydus Cadila,Anticancer,Immunotherapy,90124-537-50,2169.81,Intravenous Solution,"0.05 % Intravenous Solution, 100 mL bottle. Typical dosing: as directed by physician.","racitabine is indicated for therapeutic applications related to anticancer conditions.

Mechanism of Action: racitabine works by binding to specific receptors in target tissues.

Pharmacokinetics: Absorption is reduced when taken with food. Widely distributed throughout body tissues. Subject to minimal metabolism, with most of the drug excreted unchanged. Elimination rate depends on hepatic function.

Contraindications: Pregnancy and lactation; Hypersensitivity to the active substance or any of the excipients; Severe hepatic impairment; Severe renal impairment.

Common Adverse Effects: Vomiting, Abdominal pain, Fatigue, Rash.",,360
64,Taplatin,taplatin Citrate,Biocon,Anticancer,Plant Alkaloid,32109-269-40,586.81,Chewable Tablet,"100 mg Chewable Tablet, 28 Chewable Tablets per bottle. Typical dosing: twice daily.","taplatin is indicated for therapeutic applications related to anticancer conditions.

Mechanism of Action: taplatin works by modulating biochemical pathways involved in the disease process.

Pharmacokinetics: Well absorbed through transdermal application. Crosses the blood-brain barrier. Primarily metabolized by CYP2D6 with genetic polymorphisms affecting rate of metabolism. Clearance is reduced in patients with renal impairment.

Contraindications: Severe renal impairment; Severe hepatic impairment; Pregnancy and lactation; Hypersensitivity to the active substance or any of the excipients.

Common Adverse Effects: Rash, Nausea, Fatigue, Vomiting, Dizziness.",,407
65,Setide,setide HBr,Novo Nordisk,Antidiabetic,DPP-4 Inhibitor,58795-919-35,133.73,Transdermal Patch,"0.5 mg/24h Transdermal Patch, 14 patches per box. Typical dosing: once daily.","setide stimulates insulin secretion from pancreatic beta cells, helping to lower blood glucose levels in diabetic patients.

Mechanism of Action: setide works by stimulating insulin release from pancreatic beta cells.

Pharmacokinetics: Subject to significant first-pass metabolism resulting in reduced bioavailability. Does not significantly penetrate the blood-brain barrier. Metabolized through multiple pathways with no single dominant route. Clearance is reduced in patients with renal impairment.

Contraindications: Pregnancy and lactation; Diabetic ketoacidosis; Hypersensitivity to the active substance or any of the excipients; Acute or chronic metabolic acidosis; Severe renal impairment (GFR < 30 mL/min).

Common Adverse Effects: Abdominal pain, Fatigue, Vomiting, Urinary tract infections.",,676
66,Statinib,Rocstatinib Calcium,Roche,Otological,Anti-Inflammatory,35940-757-74,35.32,Vaginal Tablet,"500 mg Vaginal Tablet, 180 Vaginal Tablets per bottle. Typical dosing: twice daily.","statinib is used in the treatment of conditions requiring otological therapy.

Mechanism of Action: statinib works by inhibiting key enzymes in pathological processes.

Pharmacokinetics: Absorption is reduced when taken with food. Crosses the blood-brain barrier. Undergoes conjugation reactions in the liver. Short half-life of 2-4 hours requiring multiple daily dosing.

Contraindications: Hypersensitivity to the active substance or any of the excipients; Severe hepatic impairment; Severe renal impairment; Pregnancy and lactation.

Common Adverse Effects: Nausea, Headache, Abdominal pain, Rash.","ABCB1,COMT,DPYD",697
67,Clotidine,clotidine HBr,Glenmark,Musculoskeletal,Bisphosphonate,61410-307-88,60.6,Chewable Tablet,"100 mg Chewable Tablet, 50 Chewable Tablets per bottle. Typical dosing: once daily.","clotidine is indicated for therapeutic applications related to musculoskeletal conditions.

Mechanism of Action: clotidine works by binding to specific receptors in target tissues.

Pharmacokinetics: Slowly absorbed after oral administration. Crosses the blood-brain barrier. Metabolized to active metabolites that contribute to the therapeutic effect. Terminal half-life of approximately 12-24 hours.

Contraindications: Severe renal impairment; Severe hepatic impairment; Hypersensitivity to the active substance or any of the excipients; Pregnancy and lactation.

Common Adverse Effects: Nausea, Headache, Rash, Vomiting, Diarrhea, Dizziness, Fatigue.",,550
68,Teprofen,teprofen,Allergan,Otological,Anti-Inflammatory,69705-149-16,75.33,Sublingual Tablet,"25 mg Sublingual Tablet, 20 Sublingual Tablets per bottle. Typical dosing: as directed by physician.","teprofen is a anti-inflammatory medication classified under otological drugs.

Mechanism of Action: teprofen works by counteracting pathological changes in tissue function.

Pharmacokinetics: Absorption is reduced when taken with food. Accumulates in adipose tissue due to lipophilic properties. Metabolized to active metabolites that contribute to the therapeutic effect. Short half-life of 2-4 hours requiring multiple daily dosing.

Contraindications: Pregnancy and lactation; Hypersensitivity to the active substance or any of the excipients; Severe hepatic impairment.

Common Adverse Effects: Headache, Fatigue, Pruritus, Rash.",,463
69,Leglinide,leglinide Maleate,Lupin,Antidiabetic,Biguanide,37478-282-92,489.04,Inhalation Powder,"2.5 mg/dose Inhalation Powder, 60 doses per inhaler. Typical dosing: twice daily.","leglinide improves insulin sensitivity and reduces hepatic glucose production, leading to better glycemic control.

Mechanism of Action: leglinide works by stimulating insulin release from pancreatic beta cells.

Pharmacokinetics: Bioavailability is approximately 60-80% after oral administration. Crosses the blood-brain barrier. Metabolized via non-CYP450 pathways. Short half-life of 2-4 hours requiring multiple daily dosing.

Contraindications: Severe renal impairment (GFR < 30 mL/min); Pregnancy and lactation; Severe renal impairment.

Common Adverse Effects: Genital mycotic infections, Dizziness, Diarrhea, Hypoglycemia, Lactic acidosis, Rash.",,500
70,Zomycin,zomycin,Johnson & Johnson,Ophthalmological,Antiglaucoma,45266-166-34,149.03,Injection,"0.5 g Injection, 10 20 mL vials. Typical dosing: once daily.","zomycin is used in the treatment of conditions requiring ophthalmological therapy.

Mechanism of Action: zomycin works by enhancing physiological defense mechanisms.

Pharmacokinetics: Absorption is enhanced when taken with food. Does not significantly penetrate the blood-brain barrier. Metabolized through multiple pathways with no single dominant route. Short half-life of 2-4 hours requiring multiple daily dosing.

Contraindications: Pregnancy and lactation; Severe renal impairment; Severe hepatic impairment; Hypersensitivity to the active substance or any of the excipients.

Common Adverse Effects: Headache, Abdominal pain, Dizziness, Diarrhea, Pruritus, Rash.",,477
71,Pecitabine,Abbpecitabine,AbbVie,Anticancer,Cytotoxic Antibiotic,60672-495-93,429.63,Powder for Reconstitution,"25 mg Powder for Reconstitution, 30 units per package. Typical dosing: as directed by physician.","pecitabine is indicated for therapeutic applications related to anticancer conditions.

Mechanism of Action: pecitabine works by counteracting pathological changes in tissue function.

Pharmacokinetics: Absorption is pH-dependent, optimized in acidic environment. Moderately protein-bound (approximately 60-80%). Metabolized through multiple pathways with no single dominant route. Short half-life of 2-4 hours requiring multiple daily dosing.

Contraindications: Severe renal impairment; Severe hepatic impairment; Pregnancy and lactation; Hypersensitivity to the active substance or any of the excipients.

Common Adverse Effects: Abdominal pain, Vomiting, Nausea, Pruritus, Rash, Fatigue.",,711
72,Limicin,limicin Oral,AbbVie,Ophthalmological,Antiglaucoma,17838-108-15,128.72,Tablet,"0.5 g Tablet, 90 Tablets per bottle. Typical dosing: three times daily.","limicin is indicated for therapeutic applications related to ophthalmological conditions.

Mechanism of Action: limicin works by counteracting pathological changes in tissue function.

Pharmacokinetics: Bioavailability is approximately 60-80% after oral administration. Low protein binding (<30%). Extensively metabolized in the liver via CYP450 enzymes, primarily CYP3A4. Eliminated primarily via renal excretion of unchanged drug.

Contraindications: Severe hepatic impairment; Pregnancy and lactation; Severe renal impairment; Hypersensitivity to the active substance or any of the excipients.

Common Adverse Effects: Rash, Headache, Pruritus, Dizziness, Abdominal pain, Fatigue.",,553
73,Mecycline,EL-mecycline Oral,Eli Lilly,Antibiotic,Penicillin,70152-200-76,13.54,Vaginal Tablet,"750 mg Vaginal Tablet, 14 Vaginal Tablets per bottle. Typical dosing: twice daily.","mecycline is a penicillin antibiotic that inhibits bacterial cell wall synthesis, effective against both gram-positive and gram-negative organisms.

Mechanism of Action: mecycline works by interfering with bacterial folate synthesis, inhibiting DNA and RNA production.

Pharmacokinetics: Slowly absorbed after oral administration. Widely distributed throughout body tissues. Metabolized to active metabolites that contribute to the therapeutic effect. Eliminated through both renal and biliary routes.

Contraindications: History of antibiotic-associated colitis; Known bacterial resistance; Pregnancy and lactation; Hypersensitivity to the active substance or any of the excipients; Myasthenia gravis (for certain antibiotic classes).

Common Adverse Effects: Abdominal pain, Allergic reactions, Fatigue, Diarrhea, Candidiasis.",,424
74,Doglutide,doglutide,Novartis,Antidiabetic,Biguanide,69230-641-95,247.55,Otic Solution,"2.5 % Otic Solution, 30 mL bottle. Typical dosing: with meals.","doglutide is a biguanide medication that helps control blood sugar levels in patients with type 2 diabetes mellitus.

Mechanism of Action: doglutide works by inhibiting sodium-glucose cotransporter 2 (SGLT2) in the kidneys, increasing urinary glucose excretion.

Pharmacokinetics: Subject to significant first-pass metabolism resulting in reduced bioavailability. Does not significantly penetrate the blood-brain barrier. Extensively metabolized in the liver via CYP450 enzymes, primarily CYP3A4. Clearance is reduced in patients with renal impairment.

Contraindications: Pregnancy and lactation; Hypersensitivity to the active substance or any of the excipients; Severe hepatic impairment; Severe renal impairment (GFR < 30 mL/min).

Common Adverse Effects: Diarrhea, Nausea, Headache, Lactic acidosis, Weight gain, Genital mycotic infections.",,332
75,Demethasone,demethasone,Vertex,Otological,Cerumenolytic,81630-423-33,46.48,Orally Disintegrating Tablet,"500 mg Orally Disintegrating Tablet, 30 Orally Disintegrating Tablets per bottle. Typical dosing: as directed by physician.","demethasone is a cerumenolytic medication classified under otological drugs.

Mechanism of Action: demethasone works by enhancing physiological defense mechanisms.

Pharmacokinetics: Absorption is enhanced when taken with food. Crosses the blood-brain barrier. Extensively metabolized in the liver via CYP450 enzymes, primarily CYP3A4. Excreted in urine as metabolites.

Contraindications: Hypersensitivity to the active substance or any of the excipients; Pregnancy and lactation; Severe hepatic impairment; Severe renal impairment.

Common Adverse Effects: Rash, Headache, Nausea, Dizziness, Diarrhea, Vomiting, Abdominal pain.",,510
76,Fipramine,AL-fipramine,Alkem Laboratories,Central Nervous System,SNRI,25378-751-29,82.37,Topical Gel,"300.0 mg/g Topical Gel, 50 g tube. Typical dosing: at bedtime.","fipramine is a snri that acts on the central nervous system to treat conditions such as depression, anxiety, or seizures.

Mechanism of Action: fipramine works by binding to opioid receptors, modulating pain perception pathways.

Pharmacokinetics: Absorption is enhanced when taken with food. Accumulates in adipose tissue due to lipophilic properties. Extensively metabolized in the liver via CYP450 enzymes, primarily CYP3A4. Excreted in urine as metabolites.

Contraindications: Recent myocardial infarction; Severe renal impairment; Pregnancy and lactation.

Common Adverse Effects: Depression, Anxiety, Somnolence, Tremor, Confusion, Memory impairment.",,180
77,Rozole,rozole Calcium Plus,Bayer,Antibiotic,Macrolide,34986-298-74,61.69,Vaginal Cream,"125 mg Vaginal Cream, 20 g tube. Typical dosing: twice daily.","rozole is a broad-spectrum antibiotic used to treat various bacterial infections throughout the body.

Mechanism of Action: rozole works by disrupting bacterial cell membrane integrity, leading to cell death.

Pharmacokinetics: Absorption is enhanced when taken with food. Does not significantly penetrate the blood-brain barrier. Extensively metabolized in the liver via CYP450 enzymes, primarily CYP3A4. Terminal half-life of approximately 12-24 hours.

Contraindications: Known bacterial resistance; Severe renal impairment; History of antibiotic-associated colitis; Severe hepatic impairment.

Common Adverse Effects: Allergic reactions, Pruritus, Photosensitivity, Headache, Vomiting.",,749
78,Maconazole,Glamaconazole HBr,GlaxoSmithKline,Nutritional,Electrolyte,36211-414-76,26.87,Inhalation Solution,"10.0 % Inhalation Solution, 10 mL bottle. Typical dosing: twice daily.","maconazole is a electrolyte medication classified under nutritional drugs.

Mechanism of Action: maconazole works by binding to specific receptors in target tissues.

Pharmacokinetics: Absorption is pH-dependent, optimized in acidic environment. Accumulates in adipose tissue due to lipophilic properties. Metabolized through multiple pathways with no single dominant route. Clearance is reduced in patients with renal impairment.

Contraindications: Hypersensitivity to the active substance or any of the excipients; Severe renal impairment; Pregnancy and lactation; Severe hepatic impairment.

Common Adverse Effects: Nausea, Headache, Abdominal pain, Fatigue, Pruritus, Vomiting, Rash.",,483
79,Stasterone,stasterone,Piramal Healthcare,Hormonal,Progestin,93700-810-34,105.41,Inhalation Powder,"25 mcg/dose Inhalation Powder, 180 doses per inhaler. Typical dosing: once daily.","stasterone belongs to the class of progestin agents within the hormonal category.

Mechanism of Action: stasterone works by counteracting pathological changes in tissue function.

Pharmacokinetics: Bioavailability is approximately 60-80% after oral administration. Highly protein-bound (approximately 90-95%). Subject to minimal metabolism, with most of the drug excreted unchanged. Prolonged half-life allowing once-daily dosing.

Contraindications: Severe renal impairment; Hypersensitivity to the active substance or any of the excipients; Severe hepatic impairment; Pregnancy and lactation.

Common Adverse Effects: Abdominal pain, Pruritus, Fatigue, Nausea, Headache, Dizziness, Rash.","CYP3A4,G6PD,UGT1A1",442
80,Abmethasone,abmethasone,Roche,Dermatological,Keratolytic,92208-113-38,26.83,Rectal Suppository,"1.0 mg Rectal Suppository, 50 units per package. Typical dosing: as directed by physician.","abmethasone is a keratolytic medication classified under dermatological drugs.

Mechanism of Action: abmethasone works by inhibiting key enzymes in pathological processes.

Pharmacokinetics: Rapidly absorbed from the gastrointestinal tract. Widely distributed throughout body tissues. Metabolized via non-CYP450 pathways. Eliminated primarily via renal excretion of unchanged drug.

Contraindications: Pregnancy and lactation; Severe renal impairment; Severe hepatic impairment; Hypersensitivity to the active substance or any of the excipients.

Common Adverse Effects: Rash, Dizziness, Headache, Vomiting, Nausea, Pruritus, Abdominal pain.",,416
81,Gliplatin,gliplatin Sodium,Serum Institute,Anticancer,Immunotherapy,99941-892-27,1640.26,Otic Solution,"50.0 mg/mL Otic Solution, 15 mL bottle. Typical dosing: once daily.","gliplatin is used in the treatment of conditions requiring anticancer therapy.

Mechanism of Action: gliplatin works by enhancing physiological defense mechanisms.

Pharmacokinetics: Slowly absorbed after oral administration. Widely distributed throughout body tissues. Metabolized to active metabolites that contribute to the therapeutic effect. Terminal half-life of approximately 12-24 hours.

Contraindications: Severe renal impairment; Hypersensitivity to the active substance or any of the excipients; Pregnancy and lactation; Severe hepatic impairment.

Common Adverse Effects: Fatigue, Vomiting, Headache, Abdominal pain, Dizziness, Rash, Diarrhea.",,557
82,Moglitazone,moglitazone,Novartis,Antidiabetic,Meglitinide,67756-128-50,231.43,Inhalation Powder,"25 mcg/dose Inhalation Powder, 60 doses per inhaler. Typical dosing: with meals.","moglitazone is indicated as an adjunct to diet and exercise to improve glycemic control in adults with type 2 diabetes.

Mechanism of Action: moglitazone works by increasing tissue sensitivity to insulin and reducing hepatic glucose production.

Pharmacokinetics: Absorption is enhanced when taken with food. Distribution limited primarily to the vascular compartment. Metabolized to active metabolites that contribute to the therapeutic effect. Elimination rate depends on hepatic function.

Contraindications: Pregnancy and lactation; Acute or chronic metabolic acidosis; Severe hepatic impairment; Severe renal impairment.

Common Adverse Effects: Headache, Fatigue, Hypoglycemia, Weight gain, Peripheral edema.",,697
83,Brosemide,brosemide,Aurobindo Pharma,Otological,Cerumenolytic,37357-254-64,67.34,Orally Disintegrating Tablet,"200 mg Orally Disintegrating Tablet, 20 Orally Disintegrating Tablets per bottle. Typical dosing: twice daily.","brosemide is indicated for therapeutic applications related to otological conditions.

Mechanism of Action: brosemide works by inhibiting key enzymes in pathological processes.

Pharmacokinetics: Bioavailability is approximately 60-80% after oral administration. Low protein binding (<30%). Metabolized to active metabolites that contribute to the therapeutic effect. Terminal half-life of approximately 12-24 hours.

Contraindications: Hypersensitivity to the active substance or any of the excipients; Pregnancy and lactation; Severe hepatic impairment; Severe renal impairment.

Common Adverse Effects: Diarrhea, Vomiting, Abdominal pain, Dizziness.",HLA-B*1502,491
84,Netidine,TP-netidine,Teva Pharmaceutical,Gastrointestinal,Antiemetic,71501-547-40,156.1,Tablet,"0.5 g Tablet, 28 Tablets per bottle. Typical dosing: as directed by physician.","netidine helps manage symptoms and promote healing in patients with inflammatory bowel conditions.

Mechanism of Action: netidine works by stimulating gastrointestinal motility through acetylcholine-like effects.

Pharmacokinetics: Rapidly absorbed from the gastrointestinal tract. Crosses the blood-brain barrier. Metabolized to active metabolites that contribute to the therapeutic effect. Clearance is reduced in patients with renal impairment.

Contraindications: Severe hepatic impairment; Inflammatory bowel disease in acute phase; Pregnancy and lactation; Severe renal impairment; Active gastrointestinal bleeding.

Common Adverse Effects: Fatigue, Pruritus, Vomiting, Increased appetite, Dyspepsia, Nausea, Altered taste.","CYP2D6,HLA-B*5701,IFNL3",598
85,Stastatin,NN-stastatin,Novo Nordisk,Cardiovascular,ACE Inhibitor,96213-121-32,38.45,Vaginal Tablet,"25.0 mg Vaginal Tablet, 120 Vaginal Tablets per bottle. Typical dosing: twice daily.","stastatin is indicated for the treatment of hypertension, either alone or in combination with other antihypertensive agents.

Mechanism of Action: stastatin works by inhibiting angiotensin-converting enzyme (ACE), which reduces the production of angiotensin II.

Pharmacokinetics: Well absorbed through transdermal application. Low protein binding (<30%). Primarily metabolized by CYP2D6 with genetic polymorphisms affecting rate of metabolism. Clearance is reduced in patients with renal impairment.

Contraindications: Second or third-degree heart block; Hypersensitivity to the active substance or any of the excipients; Pregnancy and lactation; Severe renal impairment; Cardiogenic shock.

Common Adverse Effects: Palpitations, Pruritus, Nausea, Fatigue, Edema, Headache, Dizziness.","ABCG2,ABCB1",516
86,Misteride,misteride Oral,Roche,Hormonal,Antithyroid,25267-192-42,63.68,Ophthalmic Ointment,"0.25 mg/g Ophthalmic Ointment, 60 g tube. Typical dosing: three times daily.","misteride is used in the treatment of conditions requiring hormonal therapy.

Mechanism of Action: misteride works by inhibiting key enzymes in pathological processes.

Pharmacokinetics: Well absorbed through transdermal application. Widely distributed throughout body tissues. Primarily metabolized by CYP2D6 with genetic polymorphisms affecting rate of metabolism. Short half-life of 2-4 hours requiring multiple daily dosing.

Contraindications: Pregnancy and lactation; Severe hepatic impairment; Hypersensitivity to the active substance or any of the excipients; Severe renal impairment.

Common Adverse Effects: Dizziness, Fatigue, Abdominal pain, Nausea, Headache, Pruritus.",ABCB1,590
87,Paphylline,paphylline Phosphate,Serum Institute,Dermatological,Antibiotic,28708-620-35,39.0,Vaginal Cream,"1.0 mg Vaginal Cream, 30 g tube. Typical dosing: twice daily.","paphylline belongs to the class of antibiotic agents within the dermatological category.

Mechanism of Action: paphylline works by inhibiting key enzymes in pathological processes.

Pharmacokinetics: Bioavailability is approximately 60-80% after oral administration. Moderately protein-bound (approximately 60-80%). Extensively metabolized in the liver via CYP450 enzymes, primarily CYP3A4. Short half-life of 2-4 hours requiring multiple daily dosing.

Contraindications: Severe renal impairment; Hypersensitivity to the active substance or any of the excipients; Pregnancy and lactation; Severe hepatic impairment.

Common Adverse Effects: Diarrhea, Nausea, Dizziness, Headache, Vomiting, Pruritus.","NAT2,G6PD",548
88,Brocycline,brocycline HBr,Allergan,Antibiotic,Macrolide,64128-909-81,51.03,Rectal Suppository,"125 mg Rectal Suppository, 20 units per package. Typical dosing: four times daily.","brocycline is a macrolide antibiotic that inhibits bacterial cell wall synthesis, effective against both gram-positive and gram-negative organisms.

Mechanism of Action: brocycline works by inhibiting bacterial cell wall synthesis by binding to penicillin-binding proteins.

Pharmacokinetics: Slowly absorbed after oral administration. Widely distributed throughout body tissues. Metabolism shows significant inter-individual variability. Terminal half-life of approximately 12-24 hours.

Contraindications: Known bacterial resistance; History of antibiotic-associated colitis; Severe renal impairment; Pregnancy and lactation; Severe hepatic impairment.

Common Adverse Effects: QT interval prolongation, Pruritus, Tooth discoloration, Vomiting.",,231
89,Hyglinide,hyglinide,Serum Institute,Antidiabetic,Sulfonylurea,19895-368-53,71.38,Drops,"10.0 mg Drops, 20 units per package. Typical dosing: twice daily.","hyglinide is indicated as an adjunct to diet and exercise to improve glycemic control in adults with type 2 diabetes.

Mechanism of Action: hyglinide works by inhibiting sodium-glucose cotransporter 2 (SGLT2) in the kidneys, increasing urinary glucose excretion.

Pharmacokinetics: Rapidly absorbed from the gastrointestinal tract. Highly protein-bound (approximately 90-95%). Metabolized to active metabolites that contribute to the therapeutic effect. Prolonged half-life allowing once-daily dosing.

Contraindications: Hypersensitivity to the active substance or any of the excipients; Diabetic ketoacidosis; Pregnancy and lactation; Severe hepatic impairment.

Common Adverse Effects: Pruritus, Genital mycotic infections, Headache, Abdominal pain.",,585
90,Nodipine,Cipnodipine IV,Cipla,Anticancer,Cytotoxic Antibiotic,52019-321-62,600.98,Enteric-Coated Tablet,"500 mg Enteric-Coated Tablet, 20 Enteric-Coated Tablets per bottle. Typical dosing: once daily.","nodipine is a cytotoxic antibiotic medication classified under anticancer drugs.

Mechanism of Action: nodipine works by binding to specific receptors in target tissues.

Pharmacokinetics: Slowly absorbed after oral administration. Crosses the blood-brain barrier. Metabolism shows significant inter-individual variability. Clearance is reduced in patients with renal impairment.

Contraindications: Severe renal impairment; Pregnancy and lactation; Hypersensitivity to the active substance or any of the excipients; Severe hepatic impairment.

Common Adverse Effects: Pruritus, Nausea, Fatigue, Dizziness, Abdominal pain, Headache.",,580
91,Nolizid,nolizid Sodium CR,Torrent Pharmaceuticals,Nutritional,Mineral,80071-848-69,21.59,Vaginal Suppository,"10 mg Vaginal Suppository, 50 units per package. Typical dosing: once daily.","nolizid is a mineral medication classified under nutritional drugs.

Mechanism of Action: nolizid works by binding to specific receptors in target tissues.

Pharmacokinetics: Absorption is pH-dependent, optimized in acidic environment. Low protein binding (<30%). Metabolism shows significant inter-individual variability. Terminal half-life of approximately 12-24 hours.

Contraindications: Severe renal impairment; Hypersensitivity to the active substance or any of the excipients; Severe hepatic impairment.

Common Adverse Effects: Fatigue, Vomiting, Headache, Abdominal pain, Rash.",,343
92,Cepril,SP-cepril Nitrate,Sun Pharmaceutical,Cardiovascular,Beta Blocker,46762-915-60,38.72,Drops,"50.0 mg Drops, 10 units per package. Typical dosing: three times daily.","cepril is indicated for the treatment of hypertension, either alone or in combination with other antihypertensive agents.

Mechanism of Action: cepril works by inhibiting angiotensin-converting enzyme (ACE), which reduces the production of angiotensin II.

Pharmacokinetics: Absorption is enhanced when taken with food. Crosses the blood-brain barrier. Metabolized via non-CYP450 pathways. Elimination rate depends on hepatic function.

Contraindications: Severe renal impairment; Pregnancy and lactation; Hypersensitivity to the active substance or any of the excipients.

Common Adverse Effects: Nausea, Pruritus, Hypotension, Edema, Flushing, Diarrhea.","CYP2C19,MTHFR",786
93,Gevatib,Astgevatib,AstraZeneca,Hormonal,Estrogen,76492-734-32,35.56,Buccal Tablet,"0.05 mg Buccal Tablet, 20 Buccal Tablets per bottle. Typical dosing: as directed by physician.","gevatib belongs to the class of estrogen agents within the hormonal category.

Mechanism of Action: gevatib works by inhibiting key enzymes in pathological processes.

Pharmacokinetics: Absorption is enhanced when taken with food. Crosses the blood-brain barrier. Subject to minimal metabolism, with most of the drug excreted unchanged. Elimination rate depends on hepatic function.

Contraindications: Hypersensitivity to the active substance or any of the excipients; Severe hepatic impairment; Pregnancy and lactation.

Common Adverse Effects: Pruritus, Diarrhea, Dizziness, Headache, Rash.","SLCO1B1,CYP2B6,COMT",493
94,Tozosin,tozosin,Amgen,Nutritional,Caloric Agent,84266-892-50,13.49,Inhalation Powder,"200 mg/dose Inhalation Powder, 30 doses per inhaler. Typical dosing: three times daily.","tozosin is a caloric agent medication classified under nutritional drugs.

Mechanism of Action: tozosin works by counteracting pathological changes in tissue function.

Pharmacokinetics: Bioavailability is approximately 60-80% after oral administration. Does not significantly penetrate the blood-brain barrier. Extensively metabolized in the liver via CYP450 enzymes, primarily CYP3A4. Prolonged half-life allowing once-daily dosing.

Contraindications: Hypersensitivity to the active substance or any of the excipients; Pregnancy and lactation; Severe hepatic impairment.

Common Adverse Effects: Pruritus, Nausea, Fatigue, Abdominal pain, Rash, Headache.",,574
95,Proprazole,proprazole Sodium Plus,Johnson & Johnson,Hormonal,Antithyroid,55751-931-32,207.11,Inhalation Solution,"1.0 mg/mL Inhalation Solution, 60 mL bottle. Typical dosing: once daily.","proprazole is used in the treatment of conditions requiring hormonal therapy.

Mechanism of Action: proprazole works by inhibiting key enzymes in pathological processes.

Pharmacokinetics: Absorption is pH-dependent, optimized in acidic environment. Moderately protein-bound (approximately 60-80%). Extensively metabolized in the liver via CYP450 enzymes, primarily CYP3A4. Clearance is reduced in patients with renal impairment.

Contraindications: Hypersensitivity to the active substance or any of the excipients; Severe renal impairment; Pregnancy and lactation; Severe hepatic impairment.

Common Adverse Effects: Fatigue, Headache, Dizziness, Nausea, Diarrhea, Abdominal pain.",,672
96,Heplatin,heplatin Hydrochloride,Allergan,Anticancer,Hormone Therapy,96045-659-58,1307.41,Vaginal Cream,"200 mg Vaginal Cream, 15 g tube. Typical dosing: three times daily.","heplatin belongs to the class of hormone therapy agents within the anticancer category.

Mechanism of Action: heplatin works by inhibiting key enzymes in pathological processes.

Pharmacokinetics: Absorption is enhanced when taken with food. Crosses the blood-brain barrier. Undergoes conjugation reactions in the liver. Eliminated through both renal and biliary routes.

Contraindications: Pregnancy and lactation; Severe hepatic impairment; Hypersensitivity to the active substance or any of the excipients; Severe renal impairment.

Common Adverse Effects: Abdominal pain, Dizziness, Nausea, Pruritus, Vomiting, Headache, Diarrhea.",VKORC1,654
97,Dephylline,dephylline,Torrent Pharmaceuticals,Otological,Cerumenolytic,21320-409-14,46.89,Capsule,"200 mg Capsule, 14 Capsules per bottle. Typical dosing: once daily.","dephylline is used in the treatment of conditions requiring otological therapy.

Mechanism of Action: dephylline works by modulating biochemical pathways involved in the disease process.

Pharmacokinetics: Well absorbed through transdermal application. Accumulates in adipose tissue due to lipophilic properties. Metabolism shows significant inter-individual variability. Elimination rate depends on hepatic function.

Contraindications: Hypersensitivity to the active substance or any of the excipients; Pregnancy and lactation; Severe hepatic impairment.

Common Adverse Effects: Headache, Dizziness, Fatigue, Nausea, Vomiting.",,737
98,Cestrol,cestrol,AstraZeneca,Hormonal,Antithyroid,57045-599-13,155.05,Buccal Tablet,"0.3 mg Buccal Tablet, 50 Buccal Tablets per bottle. Typical dosing: once daily.","cestrol belongs to the class of antithyroid agents within the hormonal category.

Mechanism of Action: cestrol works by inhibiting key enzymes in pathological processes.

Pharmacokinetics: Slowly absorbed after oral administration. Distribution limited primarily to the vascular compartment. Extensively metabolized in the liver via CYP450 enzymes, primarily CYP3A4. Excreted in urine as metabolites.

Contraindications: Severe hepatic impairment; Pregnancy and lactation; Hypersensitivity to the active substance or any of the excipients; Severe renal impairment.

Common Adverse Effects: Diarrhea, Nausea, Dizziness, Headache, Rash, Pruritus, Abdominal pain.",,167
99,Brofenac,Glabrofenac Phosphate,GlaxoSmithKline,Antiviral,Fusion Inhibitor,99208-814-15,789.47,Drops,"200 mg Drops, 10 units per package. Typical dosing: once daily.","brofenac is used in the treatment of conditions requiring antiviral therapy.

Mechanism of Action: brofenac works by modulating biochemical pathways involved in the disease process.

Pharmacokinetics: Absorption is enhanced when taken with food. Distribution limited primarily to the vascular compartment. Primarily metabolized by CYP2D6 with genetic polymorphisms affecting rate of metabolism. Eliminated primarily via renal excretion of unchanged drug.

Contraindications: Severe renal impairment; Hypersensitivity to the active substance or any of the excipients; Severe hepatic impairment.

Common Adverse Effects: Headache, Abdominal pain, Pruritus, Dizziness, Diarrhea, Fatigue.",,317
100,Lamicin,lamicin Sodium HBr,Sun Pharmaceutical,Antibiotic,Tetracycline,22432-966-26,150.92,Ophthalmic Solution,"1.0 % Ophthalmic Solution, 480 mL bottle. Typical dosing: four times daily.","lamicin is a tetracycline antibiotic that inhibits bacterial cell wall synthesis, effective against both gram-positive and gram-negative organisms.

Mechanism of Action: lamicin works by inhibiting DNA gyrase and topoisomerase IV, preventing bacterial DNA replication.

Pharmacokinetics: Absorption is pH-dependent, optimized in acidic environment. Moderately protein-bound (approximately 60-80%). Primarily metabolized by CYP2D6 with genetic polymorphisms affecting rate of metabolism. Short half-life of 2-4 hours requiring multiple daily dosing.

Contraindications: Hypersensitivity to the active substance or any of the excipients; Severe renal impairment; Severe hepatic impairment.

Common Adverse Effects: Diarrhea, Abdominal pain, Tooth discoloration, Antibiotic-associated diarrhea.",,543
101,Cemicin,cemicin,Piramal Healthcare,Antibiotic,Quinolone,70624-634-77,107.79,Otic Solution,"2.0 mg/mL Otic Solution, 480 mL bottle. Typical dosing: twice daily.","cemicin is a broad-spectrum antibiotic used to treat various bacterial infections throughout the body.

Mechanism of Action: cemicin works by inhibiting DNA gyrase and topoisomerase IV, preventing bacterial DNA replication.

Pharmacokinetics: Well absorbed through transdermal application. Highly protein-bound (approximately 90-95%). Metabolized to active metabolites that contribute to the therapeutic effect. Prolonged half-life allowing once-daily dosing.

Contraindications: Myasthenia gravis (for certain antibiotic classes); Known bacterial resistance; Concurrent use of contraindicated medications; Severe hepatic impairment.

Common Adverse Effects: Antibiotic-associated diarrhea, Diarrhea, Abdominal pain, Tooth discoloration.",,677
102,Qucaine,qucaine,Strides Pharma,Gastrointestinal,H2 Antagonist,29189-941-59,145.78,Inhalation Solution,"1000 mcg/mL Inhalation Solution, 10 mL bottle. Typical dosing: twice daily.","qucaine helps manage symptoms and promote healing in patients with inflammatory bowel conditions.

Mechanism of Action: qucaine works by stimulating gastrointestinal motility through acetylcholine-like effects.

Pharmacokinetics: Rapidly absorbed from the gastrointestinal tract. Does not significantly penetrate the blood-brain barrier. Metabolism shows significant inter-individual variability. Prolonged half-life allowing once-daily dosing.

Contraindications: Pregnancy and lactation; Active gastrointestinal bleeding; Hypersensitivity to the active substance or any of the excipients; Severe hepatic impairment; Inflammatory bowel disease in acute phase.

Common Adverse Effects: Dry mouth, Nausea, Constipation, Abdominal pain.","DPYD,MTHFR,CYP2B6",508
103,Timethasone,timethasone IV,Abbott Laboratories,Musculoskeletal,Antigout,15860-932-84,38.55,Buccal Tablet,"25 mg Buccal Tablet, 120 Buccal Tablets per bottle. Typical dosing: twice daily.","timethasone is a antigout medication classified under musculoskeletal drugs.

Mechanism of Action: timethasone works by counteracting pathological changes in tissue function.

Pharmacokinetics: Absorption is pH-dependent, optimized in acidic environment. Highly protein-bound (approximately 90-95%). Extensively metabolized in the liver via CYP450 enzymes, primarily CYP3A4. Prolonged half-life allowing once-daily dosing.

Contraindications: Severe hepatic impairment; Hypersensitivity to the active substance or any of the excipients; Severe renal impairment.

Common Adverse Effects: Fatigue, Nausea, Headache, Diarrhea.",,618
104,Hefloxacin,hefloxacin Phosphate,Celgene,Ophthalmological,Miotic,85678-851-74,106.27,Effervescent Tablet,"25 mg Effervescent Tablet, 60 Effervescent Tablets per bottle. Typical dosing: as directed by physician.","hefloxacin is used in the treatment of conditions requiring ophthalmological therapy.

Mechanism of Action: hefloxacin works by modulating biochemical pathways involved in the disease process.

Pharmacokinetics: Absorption is pH-dependent, optimized in acidic environment. Crosses the blood-brain barrier. Metabolism shows significant inter-individual variability. Terminal half-life of approximately 12-24 hours.

Contraindications: Severe hepatic impairment; Hypersensitivity to the active substance or any of the excipients; Severe renal impairment.

Common Adverse Effects: Fatigue, Headache, Pruritus, Dizziness, Nausea.",,427
105,Pamethasone,pamethasone,Novartis,Musculoskeletal,Antigout,37705-701-19,91.92,Capsule,"5 mcg Capsule, 28 Capsules per bottle. Typical dosing: once daily.","pamethasone is a antigout medication classified under musculoskeletal drugs.

Mechanism of Action: pamethasone works by enhancing physiological defense mechanisms.

Pharmacokinetics: Well absorbed through transdermal application. Distribution limited primarily to the vascular compartment. Metabolized via non-CYP450 pathways. Eliminated through both renal and biliary routes.

Contraindications: Severe renal impairment; Pregnancy and lactation; Severe hepatic impairment.

Common Adverse Effects: Diarrhea, Rash, Dizziness, Pruritus, Nausea, Abdominal pain, Vomiting.",,480
106,Esgestin,Rocesgestin Phosphate ER,Roche,Hormonal,Oxytocic,29825-108-63,120.53,Enteric-Coated Tablet,"0.25 mg Enteric-Coated Tablet, 100 Enteric-Coated Tablets per bottle. Typical dosing: three times daily.","esgestin is a oxytocic medication classified under hormonal drugs.

Mechanism of Action: esgestin works by counteracting pathological changes in tissue function.

Pharmacokinetics: Bioavailability is approximately 60-80% after oral administration. Distribution limited primarily to the vascular compartment. Extensively metabolized in the liver via CYP450 enzymes, primarily CYP3A4. Clearance is reduced in patients with renal impairment.

Contraindications: Severe renal impairment; Hypersensitivity to the active substance or any of the excipients; Severe hepatic impairment.

Common Adverse Effects: Pruritus, Diarrhea, Fatigue, Nausea, Headache, Vomiting.",,375
107,Vaconazole,vaconazole Plus,Piramal Healthcare,Respiratory,Antihistamine,75776-121-27,173.89,Orally Disintegrating Tablet,"400 mg Orally Disintegrating Tablet, 10 Orally Disintegrating Tablets per bottle. Typical dosing: every 4-6 hours as needed.","vaconazole is used for symptomatic relief of respiratory tract disorders characterized by congestion and inflammation.

Mechanism of Action: vaconazole works by inhibiting phosphodiesterase enzymes, resulting in bronchodilation and anti-inflammatory effects.

Pharmacokinetics: Slowly absorbed after oral administration. Highly protein-bound (approximately 90-95%). Metabolized via non-CYP450 pathways. Eliminated primarily via renal excretion of unchanged drug.

Contraindications: Hypersensitivity to the active substance or any of the excipients; Severe hepatic impairment; Severe renal impairment; Untreated fungal infections of the respiratory tract; Pregnancy and lactation.

Common Adverse Effects: Rash, Bronchospasm, Headache, Fatigue.",,283
108,Sefibrate,sefibrate Phosphate,Aurobindo Pharma,Dermatological,Antifungal,81507-218-78,59.76,Chewable Tablet,"10.0 mg Chewable Tablet, 90 Chewable Tablets per bottle. Typical dosing: as directed by physician.","sefibrate belongs to the class of antifungal agents within the dermatological category.

Mechanism of Action: sefibrate works by enhancing physiological defense mechanisms.

Pharmacokinetics: Absorption is enhanced when taken with food. Distribution limited primarily to the vascular compartment. Metabolized via non-CYP450 pathways. Eliminated through both renal and biliary routes.

Contraindications: Severe renal impairment; Hypersensitivity to the active substance or any of the excipients; Pregnancy and lactation.

Common Adverse Effects: Vomiting, Abdominal pain, Diarrhea, Fatigue, Rash, Nausea.",,401
109,Procitabine,BI-procitabine Sulfate,Boehringer Ingelheim,Antiviral,Protease Inhibitor,87387-937-66,190.39,Buccal Tablet,"500 mg Buccal Tablet, 120 Buccal Tablets per bottle. Typical dosing: three times daily.","procitabine is indicated for therapeutic applications related to antiviral conditions.

Mechanism of Action: procitabine works by counteracting pathological changes in tissue function.

Pharmacokinetics: Bioavailability is approximately 60-80% after oral administration. Distribution limited primarily to the vascular compartment. Metabolized to active metabolites that contribute to the therapeutic effect. Elimination rate depends on hepatic function.

Contraindications: Hypersensitivity to the active substance or any of the excipients; Pregnancy and lactation; Severe hepatic impairment.

Common Adverse Effects: Pruritus, Diarrhea, Fatigue, Dizziness, Rash.",,410
110,Prosetron,Sanprosetron Potassium,Sanofi,Gastrointestinal,Antidiarrheal,81690-344-66,86.39,Rectal Suppository,"30 mg Rectal Suppository, 50 units per package. Typical dosing: three times daily.","prosetron helps manage symptoms and promote healing in patients with inflammatory bowel conditions.

Mechanism of Action: prosetron works by antagonizing histamine H2 receptors in gastric parietal cells, reducing acid secretion.

Pharmacokinetics: Subject to significant first-pass metabolism resulting in reduced bioavailability. Highly protein-bound (approximately 90-95%). Metabolized via non-CYP450 pathways. Elimination rate depends on hepatic function.

Contraindications: Inflammatory bowel disease in acute phase; Gastrointestinal obstruction; Severe hepatic impairment; Pregnancy and lactation.

Common Adverse Effects: Pruritus, Altered taste, Dizziness, Nausea, Rash.",OPRM1,571
111,Gligliptin,AL-gligliptin,Alkem Laboratories,Otological,Anti-Inflammatory,49519-437-45,88.18,Buccal Tablet,"500 mg Buccal Tablet, 50 Buccal Tablets per bottle. Typical dosing: twice daily.","gligliptin belongs to the class of anti-inflammatory agents within the otological category.

Mechanism of Action: gligliptin works by enhancing physiological defense mechanisms.

Pharmacokinetics: Subject to significant first-pass metabolism resulting in reduced bioavailability. Highly protein-bound (approximately 90-95%). Metabolized to active metabolites that contribute to the therapeutic effect. Short half-life of 2-4 hours requiring multiple daily dosing.

Contraindications: Hypersensitivity to the active substance or any of the excipients; Severe renal impairment; Pregnancy and lactation.

Common Adverse Effects: Headache, Fatigue, Vomiting, Diarrhea, Rash.",,384
112,Moconazole,moconazole,Amgen,Antidiabetic,GLP-1 Receptor Agonist,74168-343-95,149.4,Topical Cream,"0.1 % Topical Cream, 15 g tube. Typical dosing: with meals.","moconazole is indicated as an adjunct to diet and exercise to improve glycemic control in adults with type 2 diabetes.

Mechanism of Action: moconazole works by stimulating insulin release from pancreatic beta cells.

Pharmacokinetics: Absorption is pH-dependent, optimized in acidic environment. Distribution limited primarily to the vascular compartment. Metabolized via non-CYP450 pathways. Excreted in urine as metabolites.

Contraindications: Hypersensitivity to the active substance or any of the excipients; Severe hepatic impairment; Acute or chronic metabolic acidosis.

Common Adverse Effects: Rash, Dizziness, Genital mycotic infections, Abdominal pain, Hypoglycemia, Lactic acidosis, Peripheral edema.",,643
113,Separib,Celseparib IV,Celgene,Ophthalmological,Antiglaucoma,81148-961-18,209.18,Intravenous Solution,"0.05 % Intravenous Solution, 100 mL bottle. Typical dosing: twice daily.","separib is indicated for therapeutic applications related to ophthalmological conditions.

Mechanism of Action: separib works by inhibiting key enzymes in pathological processes.

Pharmacokinetics: Subject to significant first-pass metabolism resulting in reduced bioavailability. Does not significantly penetrate the blood-brain barrier. Subject to minimal metabolism, with most of the drug excreted unchanged. Prolonged half-life allowing once-daily dosing.

Contraindications: Severe hepatic impairment; Severe renal impairment; Pregnancy and lactation.

Common Adverse Effects: Diarrhea, Abdominal pain, Pruritus, Fatigue, Dizziness, Nausea, Rash.",,250
114,Vaphylline,vaphylline,Roche,Respiratory,Leukotriene Modifier,87439-481-56,206.27,Ophthalmic Ointment,"0.05 % Ophthalmic Ointment, 50 g tube. Typical dosing: twice daily.","vaphylline is used for symptomatic relief of respiratory tract disorders characterized by congestion and inflammation.

Mechanism of Action: vaphylline works by reducing mucus production and improving mucociliary clearance.

Pharmacokinetics: Rapidly absorbed from the gastrointestinal tract. Highly protein-bound (approximately 90-95%). Undergoes conjugation reactions in the liver. Elimination rate depends on hepatic function.

Contraindications: Untreated fungal infections of the respiratory tract; Severe renal impairment; Status asthmaticus; Hypersensitivity to the active substance or any of the excipients; Pregnancy and lactation.

Common Adverse Effects: Cough, Rhinitis, Fatigue, Pharyngitis.",ABCG2,428
115,Prosteride,Regprosteride,Regeneron,Hormonal,Oxytocic,15299-577-88,155.91,Vaginal Tablet,"0.25 mg Vaginal Tablet, 100 Vaginal Tablets per bottle. Typical dosing: three times daily.","prosteride is indicated for therapeutic applications related to hormonal conditions.

Mechanism of Action: prosteride works by counteracting pathological changes in tissue function.

Pharmacokinetics: Rapidly absorbed from the gastrointestinal tract. Low protein binding (<30%). Undergoes conjugation reactions in the liver. Short half-life of 2-4 hours requiring multiple daily dosing.

Contraindications: Severe hepatic impairment; Hypersensitivity to the active substance or any of the excipients; Severe renal impairment; Pregnancy and lactation.

Common Adverse Effects: Abdominal pain, Rash, Diarrhea, Vomiting, Dizziness, Headache, Pruritus.",,303
116,Flucitabine,Merflucitabine CR,Merck,Antibiotic,Macrolide,97533-310-70,190.86,Inhalation Solution,"0.025 % Inhalation Solution, 10 mL bottle. Typical dosing: twice daily.","flucitabine demonstrates bactericidal activity against a wide spectrum of pathogens commonly associated with respiratory, skin, and urinary tract infections.

Mechanism of Action: flucitabine works by binding to the 30S ribosomal subunit, inhibiting bacterial protein synthesis.

Pharmacokinetics: Absorption is enhanced when taken with food. Accumulates in adipose tissue due to lipophilic properties. Subject to minimal metabolism, with most of the drug excreted unchanged. Eliminated through both renal and biliary routes.

Contraindications: Myasthenia gravis (for certain antibiotic classes); History of antibiotic-associated colitis; Known bacterial resistance; Hypersensitivity to the active substance or any of the excipients; Pregnancy and lactation.

Common Adverse Effects: Candidiasis, Nausea, Tooth discoloration, Pruritus, Dizziness, Allergic reactions.",,148
117,Didipine,didipine,Allergan,Cardiovascular,Beta Blocker,67890-182-72,82.45,Rectal Suppository,"10.0 mg Rectal Suppository, 50 units per package. Typical dosing: three times daily.","didipine belongs to the class of beta blocker medications and is used to treat various cardiovascular disorders including coronary artery disease.

Mechanism of Action: didipine works by inhibiting angiotensin-converting enzyme (ACE), which reduces the production of angiotensin II.

Pharmacokinetics: Well absorbed through transdermal application. Accumulates in adipose tissue due to lipophilic properties. Extensively metabolized in the liver via CYP450 enzymes, primarily CYP3A4. Clearance is reduced in patients with renal impairment.

Contraindications: Cardiogenic shock; Severe hepatic impairment; Acute heart failure; Pregnancy and lactation; Severe bradycardia.

Common Adverse Effects: Bradycardia, Dizziness, Vomiting, Pruritus, Rash, Hypotension.",,685
118,Hyfloxacin,hyfloxacin,Glenmark,Hormonal,Growth Hormone,70803-913-36,60.55,Capsule,"50 mcg Capsule, 180 Capsules per bottle. Typical dosing: three times daily.","hyfloxacin is used in the treatment of conditions requiring hormonal therapy.

Mechanism of Action: hyfloxacin works by inhibiting key enzymes in pathological processes.

Pharmacokinetics: Slowly absorbed after oral administration. Crosses the blood-brain barrier. Metabolized to active metabolites that contribute to the therapeutic effect. Eliminated primarily via renal excretion of unchanged drug.

Contraindications: Severe renal impairment; Hypersensitivity to the active substance or any of the excipients; Severe hepatic impairment.

Common Adverse Effects: Rash, Headache, Pruritus, Nausea, Vomiting, Diarrhea, Abdominal pain.",,377
119,Broparib,broparib Phosphate IR,Alembic Pharmaceuticals,Nutritional,Vitamin,12455-389-28,20.07,Oral Suspension,"500 mcg/mL Oral Suspension, 60 mL bottle. Typical dosing: three times daily.","broparib is used in the treatment of conditions requiring nutritional therapy.

Mechanism of Action: broparib works by enhancing physiological defense mechanisms.

Pharmacokinetics: Slowly absorbed after oral administration. Distribution limited primarily to the vascular compartment. Metabolism shows significant inter-individual variability. Eliminated primarily via renal excretion of unchanged drug.

Contraindications: Pregnancy and lactation; Severe renal impairment; Severe hepatic impairment; Hypersensitivity to the active substance or any of the excipients.

Common Adverse Effects: Nausea, Fatigue, Abdominal pain, Vomiting, Headache, Dizziness, Pruritus.",,427
120,Hygliptin,hygliptin HCT,Zydus Cadila,Musculoskeletal,Muscle Relaxant,83695-490-87,216.89,Transdermal Patch,"5 mg/24h Transdermal Patch, 10 patches per box. Typical dosing: as directed by physician.","hygliptin is used in the treatment of conditions requiring musculoskeletal therapy.

Mechanism of Action: hygliptin works by enhancing physiological defense mechanisms.

Pharmacokinetics: Rapidly absorbed from the gastrointestinal tract. Moderately protein-bound (approximately 60-80%). Metabolized through multiple pathways with no single dominant route. Elimination rate depends on hepatic function.

Contraindications: Severe hepatic impairment; Hypersensitivity to the active substance or any of the excipients; Severe renal impairment; Pregnancy and lactation.

Common Adverse Effects: Fatigue, Pruritus, Vomiting, Abdominal pain, Dizziness.",,349
121,Fluzolam,fluzolam D,Genentech,Central Nervous System,NSAID,85846-733-40,95.24,Topical Gel,"2.5 % Topical Gel, 30 g tube. Typical dosing: once daily.","fluzolam is used in the treatment of neurological and psychiatric disorders by modulating neurotransmitter activity.

Mechanism of Action: fluzolam works by enhancing GABAergic neurotransmission, producing anxiolytic and sedative effects.

Pharmacokinetics: Absorption is pH-dependent, optimized in acidic environment. Low protein binding (<30%). Undergoes conjugation reactions in the liver. Terminal half-life of approximately 12-24 hours.

Contraindications: Severe renal impairment; Recent myocardial infarction; Severe hepatic impairment.

Common Adverse Effects: Dizziness, Depression, Nausea, Rash.",,423
122,Ligestin,ligestin Maleate,Serum Institute,Hormonal,Androgen,87755-785-84,152.62,Orally Disintegrating Tablet,"0.5 mg Orally Disintegrating Tablet, 120 Orally Disintegrating Tablets per bottle. Typical dosing: once daily.","ligestin belongs to the class of androgen agents within the hormonal category.

Mechanism of Action: ligestin works by binding to specific receptors in target tissues.

Pharmacokinetics: Absorption is enhanced when taken with food. Does not significantly penetrate the blood-brain barrier. Subject to minimal metabolism, with most of the drug excreted unchanged. Elimination rate depends on hepatic function.

Contraindications: Pregnancy and lactation; Severe hepatic impairment; Severe renal impairment; Hypersensitivity to the active substance or any of the excipients.

Common Adverse Effects: Dizziness, Headache, Vomiting, Nausea, Pruritus.",,562
123,Toazine,toazine,Celgene,Musculoskeletal,Bisphosphonate,91566-679-45,152.11,Oral Solution,"0.025 % Oral Solution, 30 mL bottle. Typical dosing: as directed by physician.","toazine is a bisphosphonate medication classified under musculoskeletal drugs.

Mechanism of Action: toazine works by counteracting pathological changes in tissue function.

Pharmacokinetics: Well absorbed through transdermal application. Accumulates in adipose tissue due to lipophilic properties. Metabolized via non-CYP450 pathways. Eliminated through both renal and biliary routes.

Contraindications: Pregnancy and lactation; Severe renal impairment; Hypersensitivity to the active substance or any of the excipients; Severe hepatic impairment.

Common Adverse Effects: Fatigue, Pruritus, Rash, Dizziness.",,492
124,Femicin,Merfemicin Potassium,Merck,Antibiotic,Tetracycline,46909-155-66,207.4,Transdermal Patch,"125 mg/24h Transdermal Patch, 4 patches per box. Typical dosing: four times daily.","femicin demonstrates bactericidal activity against a wide spectrum of pathogens commonly associated with respiratory, skin, and urinary tract infections.

Mechanism of Action: femicin works by disrupting bacterial cell membrane integrity, leading to cell death.

Pharmacokinetics: Subject to significant first-pass metabolism resulting in reduced bioavailability. Widely distributed throughout body tissues. Metabolized via non-CYP450 pathways. Eliminated primarily via renal excretion of unchanged drug.

Contraindications: History of antibiotic-associated colitis; Concurrent use of contraindicated medications; Hypersensitivity to the active substance or any of the excipients; Severe hepatic impairment; Severe renal impairment.

Common Adverse Effects: Diarrhea, Tooth discoloration, Pruritus, QT interval prolongation, Dizziness, Headache, Candidiasis.",,747
125,Hemethasone,ZC-hemethasone,Zydus Cadila,Otological,Anti-Infective,56250-462-97,57.43,Film-Coated Tablet,"200 mg Film-Coated Tablet, 50 Film-Coated Tablets per bottle. Typical dosing: as directed by physician.","hemethasone belongs to the class of anti-infective agents within the otological category.

Mechanism of Action: hemethasone works by binding to specific receptors in target tissues.

Pharmacokinetics: Absorption is enhanced when taken with food. Accumulates in adipose tissue due to lipophilic properties. Metabolized to active metabolites that contribute to the therapeutic effect. Clearance is reduced in patients with renal impairment.

Contraindications: Pregnancy and lactation; Hypersensitivity to the active substance or any of the excipients; Severe renal impairment; Severe hepatic impairment.

Common Adverse Effects: Pruritus, Fatigue, Rash, Vomiting, Diarrhea.","NAT2,DPYD,IFNL3",479
126,Milizid,milizid Oral,Dr. Reddy's,Respiratory,Antihistamine,55851-958-18,61.68,Tablet,"10 mcg Tablet, 14 Tablets per bottle. Typical dosing: twice daily.","milizid is used for symptomatic relief of respiratory tract disorders characterized by congestion and inflammation.

Mechanism of Action: milizid works by reducing mucus production and improving mucociliary clearance.

Pharmacokinetics: Bioavailability is approximately 60-80% after oral administration. Accumulates in adipose tissue due to lipophilic properties. Metabolized to active metabolites that contribute to the therapeutic effect. Short half-life of 2-4 hours requiring multiple daily dosing.

Contraindications: Severe COPD with respiratory insufficiency; Status asthmaticus; Hypersensitivity to the active substance or any of the excipients; Pregnancy and lactation; Untreated fungal infections of the respiratory tract.

Common Adverse Effects: Cough, Rhinitis, Dyspnea, Fatigue, Pharyngitis.",,397
127,Zofibrate,zofibrate,Alembic Pharmaceuticals,Hormonal,Corticosteroid,95780-816-48,223.56,Inhalation Solution,"500 mcg/mL Inhalation Solution, 60 mL bottle. Typical dosing: twice daily.","zofibrate is indicated for therapeutic applications related to hormonal conditions.

Mechanism of Action: zofibrate works by modulating biochemical pathways involved in the disease process.

Pharmacokinetics: Well absorbed through transdermal application. Distribution limited primarily to the vascular compartment. Undergoes conjugation reactions in the liver. Excreted in urine as metabolites.

Contraindications: Severe renal impairment; Pregnancy and lactation; Severe hepatic impairment.

Common Adverse Effects: Rash, Diarrhea, Dizziness, Abdominal pain, Vomiting, Nausea.","BCHE,DPYD,G6PD",609
128,Vaparib,Celvaparib IV,Celgene,Anticancer,Alkylating Agent,98255-371-19,1167.56,Orally Disintegrating Tablet,"100 mg Orally Disintegrating Tablet, 30 Orally Disintegrating Tablets per bottle. Typical dosing: as directed by physician.","vaparib belongs to the class of alkylating agent agents within the anticancer category.

Mechanism of Action: vaparib works by modulating biochemical pathways involved in the disease process.

Pharmacokinetics: Well absorbed through transdermal application. Crosses the blood-brain barrier. Primarily metabolized by CYP2D6 with genetic polymorphisms affecting rate of metabolism. Eliminated through both renal and biliary routes.

Contraindications: Hypersensitivity to the active substance or any of the excipients; Severe renal impairment; Severe hepatic impairment.

Common Adverse Effects: Abdominal pain, Vomiting, Pruritus, Fatigue, Dizziness, Nausea, Rash.",,584
129,Abstatin,Regabstatin,Regeneron,Musculoskeletal,Antigout,36434-461-95,122.52,Ophthalmic Ointment,"2.5 % Ophthalmic Ointment, 15 g tube. Typical dosing: twice daily.","abstatin is a antigout medication classified under musculoskeletal drugs.

Mechanism of Action: abstatin works by enhancing physiological defense mechanisms.

Pharmacokinetics: Rapidly absorbed from the gastrointestinal tract. Distribution limited primarily to the vascular compartment. Metabolism shows significant inter-individual variability. Elimination rate depends on hepatic function.

Contraindications: Pregnancy and lactation; Hypersensitivity to the active substance or any of the excipients; Severe hepatic impairment; Severe renal impairment.

Common Adverse Effects: Fatigue, Pruritus, Vomiting, Dizziness, Headache, Abdominal pain.",,492
130,Vezepine,vezepine,Intas Pharmaceuticals,Immunological,Immunosuppressant,41840-936-87,133.37,Extended-Release Tablet,"100 mg Extended-Release Tablet, 20 Extended-Release Tablets per bottle. Typical dosing: once daily.","vezepine is a immunosuppressant medication classified under immunological drugs.

Mechanism of Action: vezepine works by modulating biochemical pathways involved in the disease process.

Pharmacokinetics: Absorption is reduced when taken with food. Accumulates in adipose tissue due to lipophilic properties. Subject to minimal metabolism, with most of the drug excreted unchanged. Eliminated primarily via renal excretion of unchanged drug.

Contraindications: Hypersensitivity to the active substance or any of the excipients; Pregnancy and lactation; Severe renal impairment.

Common Adverse Effects: Fatigue, Nausea, Rash, Pruritus, Dizziness, Abdominal pain.",,496
131,Pelizid,pelizid HBr,Novartis,Dermatological,Emollient,81943-937-29,138.87,Effervescent Tablet,"2.0 mg Effervescent Tablet, 90 Effervescent Tablets per bottle. Typical dosing: once daily.","pelizid is a emollient medication classified under dermatological drugs.

Mechanism of Action: pelizid works by inhibiting key enzymes in pathological processes.

Pharmacokinetics: Absorption is reduced when taken with food. Moderately protein-bound (approximately 60-80%). Undergoes conjugation reactions in the liver. Elimination rate depends on hepatic function.

Contraindications: Severe hepatic impairment; Pregnancy and lactation; Severe renal impairment.

Common Adverse Effects: Vomiting, Rash, Pruritus, Abdominal pain, Fatigue.","CYP1A2,CFTR",424
132,Rogliptin,rogliptin Phosphate,Glenmark,Dermatological,Antipruritic,65628-827-51,24.35,Chewable Tablet,"0.25 mg Chewable Tablet, 14 Chewable Tablets per bottle. Typical dosing: once daily.","rogliptin is indicated for therapeutic applications related to dermatological conditions.

Mechanism of Action: rogliptin works by modulating biochemical pathways involved in the disease process.

Pharmacokinetics: Subject to significant first-pass metabolism resulting in reduced bioavailability. Widely distributed throughout body tissues. Metabolized via non-CYP450 pathways. Prolonged half-life allowing once-daily dosing.

Contraindications: Severe hepatic impairment; Severe renal impairment; Pregnancy and lactation; Hypersensitivity to the active substance or any of the excipients.

Common Adverse Effects: Headache, Rash, Pruritus, Vomiting, Diarrhea, Nausea, Fatigue.",,774
133,Gecitabine,gecitabine,Cipla,Immunological,Vaccine,50212-155-35,320.04,Otic Solution,"25.0 mg/mL Otic Solution, 120 mL bottle. Typical dosing: as directed by physician.","gecitabine is a vaccine medication classified under immunological drugs.

Mechanism of Action: gecitabine works by binding to specific receptors in target tissues.

Pharmacokinetics: Absorption is enhanced when taken with food. Low protein binding (<30%). Metabolized through multiple pathways with no single dominant route. Short half-life of 2-4 hours requiring multiple daily dosing.

Contraindications: Hypersensitivity to the active substance or any of the excipients; Severe hepatic impairment; Severe renal impairment; Pregnancy and lactation.

Common Adverse Effects: Rash, Headache, Diarrhea, Fatigue, Vomiting, Dizziness.",,185
134,Cistrol,cistrol Sulfate,Baxter International,Hormonal,Corticosteroid,60495-573-19,207.19,Vaginal Tablet,"0.125 mg Vaginal Tablet, 10 Vaginal Tablets per bottle. Typical dosing: three times daily.","cistrol is indicated for therapeutic applications related to hormonal conditions.

Mechanism of Action: cistrol works by enhancing physiological defense mechanisms.

Pharmacokinetics: Subject to significant first-pass metabolism resulting in reduced bioavailability. Accumulates in adipose tissue due to lipophilic properties. Subject to minimal metabolism, with most of the drug excreted unchanged. Prolonged half-life allowing once-daily dosing.

Contraindications: Pregnancy and lactation; Severe renal impairment; Severe hepatic impairment.

Common Adverse Effects: Fatigue, Vomiting, Nausea, Pruritus, Diarrhea.","TPMT,MTHFR,CYP3A4",467
135,Mastrol,AP-mastrol Sulfate D,Alembic Pharmaceuticals,Hormonal,Androgen,75763-159-70,256.46,Ophthalmic Ointment,"10.0 % Ophthalmic Ointment, 100 g tube. Typical dosing: as directed by physician.","mastrol is a androgen medication classified under hormonal drugs.

Mechanism of Action: mastrol works by binding to specific receptors in target tissues.

Pharmacokinetics: Bioavailability is approximately 60-80% after oral administration. Low protein binding (<30%). Metabolized to active metabolites that contribute to the therapeutic effect. Prolonged half-life allowing once-daily dosing.

Contraindications: Pregnancy and lactation; Hypersensitivity to the active substance or any of the excipients; Severe renal impairment; Severe hepatic impairment.

Common Adverse Effects: Pruritus, Headache, Abdominal pain, Fatigue, Diarrhea, Nausea.","ABCB1,CYP2C9",460
136,Motidine,motidine IV,Bristol-Myers Squibb,Gastrointestinal,Prokinetic,29557-410-15,223.06,Ophthalmic Ointment,"100 mg/g Ophthalmic Ointment, 50 g tube. Typical dosing: as directed by physician.","motidine helps manage symptoms and promote healing in patients with inflammatory bowel conditions.

Mechanism of Action: motidine works by antagonizing histamine H2 receptors in gastric parietal cells, reducing acid secretion.

Pharmacokinetics: Subject to significant first-pass metabolism resulting in reduced bioavailability. Crosses the blood-brain barrier. Primarily metabolized by CYP2D6 with genetic polymorphisms affecting rate of metabolism. Excreted in urine as metabolites.

Contraindications: Gastrointestinal obstruction; Inflammatory bowel disease in acute phase; Hypersensitivity to the active substance or any of the excipients; Severe renal impairment.

Common Adverse Effects: Dizziness, Vomiting, Increased appetite, Dyspepsia, Diarrhea.",,470
137,Meoxacin,Mermeoxacin,Merck,Antiparasitic,Antihelminthic,45876-581-46,81.63,Nasal Spray,"20 mg/dose Nasal Spray, 20 mL bottle. Typical dosing: twice daily.","meoxacin is used in the treatment of conditions requiring antiparasitic therapy.

Mechanism of Action: meoxacin works by binding to specific receptors in target tissues.

Pharmacokinetics: Well absorbed through transdermal application. Distribution limited primarily to the vascular compartment. Extensively metabolized in the liver via CYP450 enzymes, primarily CYP3A4. Prolonged half-life allowing once-daily dosing.

Contraindications: Severe renal impairment; Severe hepatic impairment; Pregnancy and lactation; Hypersensitivity to the active substance or any of the excipients.

Common Adverse Effects: Dizziness, Abdominal pain, Fatigue, Nausea, Diarrhea.",,535
138,Firelin,firelin,Bristol-Myers Squibb,Hormonal,Growth Hormone,27099-734-23,211.41,Chewable Tablet,"2.0 mg Chewable Tablet, 60 Chewable Tablets per bottle. Typical dosing: three times daily.","firelin belongs to the class of growth hormone agents within the hormonal category.

Mechanism of Action: firelin works by enhancing physiological defense mechanisms.

Pharmacokinetics: Absorption is enhanced when taken with food. Moderately protein-bound (approximately 60-80%). Primarily metabolized by CYP2D6 with genetic polymorphisms affecting rate of metabolism. Eliminated through both renal and biliary routes.

Contraindications: Hypersensitivity to the active substance or any of the excipients; Pregnancy and lactation; Severe renal impairment; Severe hepatic impairment.

Common Adverse Effects: Fatigue, Vomiting, Abdominal pain, Headache, Dizziness, Pruritus, Nausea.",,819
139,Detinib,detinib Sodium,Alkem Laboratories,Dermatological,Keratolytic,14439-620-53,133.88,Oral Suspension,"0.5 mg/mL Oral Suspension, 60 mL bottle. Typical dosing: as directed by physician.","detinib is a keratolytic medication classified under dermatological drugs.

Mechanism of Action: detinib works by binding to specific receptors in target tissues.

Pharmacokinetics: Rapidly absorbed from the gastrointestinal tract. Accumulates in adipose tissue due to lipophilic properties. Subject to minimal metabolism, with most of the drug excreted unchanged. Terminal half-life of approximately 12-24 hours.

Contraindications: Hypersensitivity to the active substance or any of the excipients; Pregnancy and lactation; Severe hepatic impairment.

Common Adverse Effects: Pruritus, Headache, Nausea, Diarrhea, Vomiting, Rash.",,405
140,Mestrol,Mermestrol HCl,Merck,Hormonal,Thyroid Hormone,62761-901-42,202.34,Otic Solution,"2.0 % Otic Solution, 120 mL bottle. Typical dosing: once daily.","mestrol is indicated for therapeutic applications related to hormonal conditions.

Mechanism of Action: mestrol works by inhibiting key enzymes in pathological processes.

Pharmacokinetics: Bioavailability is approximately 60-80% after oral administration. Crosses the blood-brain barrier. Primarily metabolized by CYP2D6 with genetic polymorphisms affecting rate of metabolism. Prolonged half-life allowing once-daily dosing.

Contraindications: Severe hepatic impairment; Severe renal impairment; Pregnancy and lactation; Hypersensitivity to the active substance or any of the excipients.

Common Adverse Effects: Rash, Headache, Pruritus, Dizziness, Diarrhea, Fatigue, Abdominal pain.",,384
141,Necitabine,necitabine IV,Serum Institute,Anticancer,Immunotherapy,55421-674-46,1111.05,Extended-Release Tablet,"50 mcg Extended-Release Tablet, 28 Extended-Release Tablets per bottle. Typical dosing: twice daily.","necitabine is indicated for therapeutic applications related to anticancer conditions.

Mechanism of Action: necitabine works by counteracting pathological changes in tissue function.

Pharmacokinetics: Absorption is pH-dependent, optimized in acidic environment. Crosses the blood-brain barrier. Metabolized through multiple pathways with no single dominant route. Eliminated through both renal and biliary routes.

Contraindications: Pregnancy and lactation; Severe hepatic impairment; Severe renal impairment.

Common Adverse Effects: Nausea, Rash, Dizziness, Pruritus, Abdominal pain.","IFNL3,VKORC1,CYP2E1",769
142,Lotoin,Biolotoin Sodium,Biocon,Dermatological,Keratolytic,49527-444-11,40.34,Oral Solution,"10.0 mg/mL Oral Solution, 150 mL bottle. Typical dosing: once daily.","lotoin is indicated for therapeutic applications related to dermatological conditions.

Mechanism of Action: lotoin works by binding to specific receptors in target tissues.

Pharmacokinetics: Bioavailability is approximately 60-80% after oral administration. Accumulates in adipose tissue due to lipophilic properties. Subject to minimal metabolism, with most of the drug excreted unchanged. Short half-life of 2-4 hours requiring multiple daily dosing.

Contraindications: Severe renal impairment; Severe hepatic impairment; Pregnancy and lactation.

Common Adverse Effects: Vomiting, Headache, Fatigue, Dizziness, Pruritus.",,594
143,Inzepam,inzepam Phosphate,Baxter International,Otological,Cerumenolytic,12137-650-41,93.23,Chewable Tablet,"50 mg Chewable Tablet, 120 Chewable Tablets per bottle. Typical dosing: three times daily.","inzepam is indicated for therapeutic applications related to otological conditions.

Mechanism of Action: inzepam works by modulating biochemical pathways involved in the disease process.

Pharmacokinetics: Absorption is pH-dependent, optimized in acidic environment. Crosses the blood-brain barrier. Metabolized via non-CYP450 pathways. Excreted in urine as metabolites.

Contraindications: Hypersensitivity to the active substance or any of the excipients; Pregnancy and lactation; Severe hepatic impairment; Severe renal impairment.

Common Adverse Effects: Fatigue, Headache, Pruritus, Rash, Diarrhea.",,366
144,Azcycline,azcycline HCT,Alembic Pharmaceuticals,Anticancer,Plant Alkaloid,54379-577-77,1321.6,Rectal Suppository,"200 mg Rectal Suppository, 50 units per package. Typical dosing: twice daily.","azcycline belongs to the class of plant alkaloid agents within the anticancer category.

Mechanism of Action: azcycline works by binding to specific receptors in target tissues.

Pharmacokinetics: Rapidly absorbed from the gastrointestinal tract. Crosses the blood-brain barrier. Subject to minimal metabolism, with most of the drug excreted unchanged. Clearance is reduced in patients with renal impairment.

Contraindications: Hypersensitivity to the active substance or any of the excipients; Severe renal impairment; Severe hepatic impairment.

Common Adverse Effects: Fatigue, Dizziness, Vomiting, Diarrhea, Headache.",,314
145,Escaine,GS-escaine Phosphate,Gilead Sciences,Dermatological,Antipruritic,76187-344-18,122.89,Vaginal Tablet,"25.0 mg Vaginal Tablet, 10 Vaginal Tablets per bottle. Typical dosing: once daily.","escaine is a antipruritic medication classified under dermatological drugs.

Mechanism of Action: escaine works by counteracting pathological changes in tissue function.

Pharmacokinetics: Slowly absorbed after oral administration. Does not significantly penetrate the blood-brain barrier. Metabolism shows significant inter-individual variability. Excreted in urine as metabolites.

Contraindications: Severe renal impairment; Hypersensitivity to the active substance or any of the excipients; Severe hepatic impairment; Pregnancy and lactation.

Common Adverse Effects: Dizziness, Fatigue, Nausea, Rash, Diarrhea, Vomiting, Headache.",,553
146,Miazine,Regmiazine,Regeneron,Antibiotic,Aminoglycoside,83271-255-14,51.24,Oral Solution,"10.0 % Oral Solution, 150 mL bottle. Typical dosing: three times daily.","miazine is a broad-spectrum antibiotic used to treat various bacterial infections throughout the body.

Mechanism of Action: miazine works by inhibiting bacterial cell wall synthesis by binding to penicillin-binding proteins.

Pharmacokinetics: Absorption is pH-dependent, optimized in acidic environment. Highly protein-bound (approximately 90-95%). Metabolism shows significant inter-individual variability. Terminal half-life of approximately 12-24 hours.

Contraindications: Hypersensitivity to the active substance or any of the excipients; Pregnancy and lactation; Severe hepatic impairment; Concurrent use of contraindicated medications; Known bacterial resistance.

Common Adverse Effects: Pruritus, Photosensitivity, Headache, Abdominal pain, Nausea.",,645
147,Abpride,SP-abpride ER,Sun Pharmaceutical,Gastrointestinal,Antiemetic,35418-711-69,60.57,Orally Disintegrating Tablet,"150 mg Orally Disintegrating Tablet, 180 Orally Disintegrating Tablets per bottle. Typical dosing: three times daily.","abpride is a antiemetic used in the treatment of acid-related gastrointestinal disorders.

Mechanism of Action: abpride works by stimulating gastrointestinal motility through acetylcholine-like effects.

Pharmacokinetics: Bioavailability is approximately 60-80% after oral administration. Does not significantly penetrate the blood-brain barrier. Undergoes conjugation reactions in the liver. Short half-life of 2-4 hours requiring multiple daily dosing.

Contraindications: Pregnancy and lactation; Inflammatory bowel disease in acute phase; Severe renal impairment.

Common Adverse Effects: Rash, Flatulence, Altered taste, Dyspepsia, Headache, Increased appetite, Dry mouth.",,245
148,Inmustine,inmustine,Genentech,Antiparasitic,Antihelminthic,35785-503-39,105.26,Inhalation Solution,"2.0 % Inhalation Solution, 240 mL bottle. Typical dosing: as directed by physician.","inmustine is indicated for therapeutic applications related to antiparasitic conditions.

Mechanism of Action: inmustine works by counteracting pathological changes in tissue function.

Pharmacokinetics: Absorption is pH-dependent, optimized in acidic environment. Moderately protein-bound (approximately 60-80%). Subject to minimal metabolism, with most of the drug excreted unchanged. Eliminated through both renal and biliary routes.

Contraindications: Pregnancy and lactation; Hypersensitivity to the active substance or any of the excipients; Severe renal impairment.

Common Adverse Effects: Fatigue, Dizziness, Pruritus, Diarrhea, Vomiting.",,595
149,Pacaine,pacaine Phosphate SR,Zydus Cadila,Antiviral,Protease Inhibitor,86150-944-67,204.35,Rectal Suppository,"25 mg Rectal Suppository, 30 units per package. Typical dosing: once daily.","pacaine is used in the treatment of conditions requiring antiviral therapy.

Mechanism of Action: pacaine works by inhibiting key enzymes in pathological processes.

Pharmacokinetics: Absorption is enhanced when taken with food. Highly protein-bound (approximately 90-95%). Primarily metabolized by CYP2D6 with genetic polymorphisms affecting rate of metabolism. Excreted in urine as metabolites.

Contraindications: Pregnancy and lactation; Severe hepatic impairment; Severe renal impairment; Hypersensitivity to the active substance or any of the excipients.

Common Adverse Effects: Fatigue, Headache, Nausea, Rash, Pruritus, Dizziness.","IFNL3,CYP2E1",651
150,Cicitabine,cicitabine,Bristol-Myers Squibb,Antiparasitic,Antihelminthic,64654-358-59,115.47,Dispersible Tablet,"5 mg Dispersible Tablet, 100 Dispersible Tablets per bottle. Typical dosing: once daily.","cicitabine is used in the treatment of conditions requiring antiparasitic therapy.

Mechanism of Action: cicitabine works by binding to specific receptors in target tissues.

Pharmacokinetics: Bioavailability is approximately 60-80% after oral administration. Distribution limited primarily to the vascular compartment. Subject to minimal metabolism, with most of the drug excreted unchanged. Clearance is reduced in patients with renal impairment.

Contraindications: Severe renal impairment; Pregnancy and lactation; Hypersensitivity to the active substance or any of the excipients; Severe hepatic impairment.

Common Adverse Effects: Vomiting, Abdominal pain, Nausea, Fatigue, Diarrhea, Rash.",,550
151,Azthiazide,Merazthiazide Sodium,Merck,Musculoskeletal,Antirheumatic,47761-436-53,102.07,Lozenges,"50 mg Lozenges, 30 units per package. Typical dosing: as directed by physician.","azthiazide is used in the treatment of conditions requiring musculoskeletal therapy.

Mechanism of Action: azthiazide works by modulating biochemical pathways involved in the disease process.

Pharmacokinetics: Bioavailability is approximately 60-80% after oral administration. Highly protein-bound (approximately 90-95%). Primarily metabolized by CYP2D6 with genetic polymorphisms affecting rate of metabolism. Clearance is reduced in patients with renal impairment.

Contraindications: Pregnancy and lactation; Hypersensitivity to the active substance or any of the excipients; Severe renal impairment; Severe hepatic impairment.

Common Adverse Effects: Diarrhea, Rash, Vomiting, Dizziness.",,337
152,Rocycline,SP-rocycline,Sun Pharmaceutical,Antibiotic,Macrolide,33701-446-10,82.15,Inhalation Solution,"0.5 % Inhalation Solution, 30 mL bottle. Typical dosing: four times daily.","rocycline is a broad-spectrum antibiotic used to treat various bacterial infections throughout the body.

Mechanism of Action: rocycline works by disrupting bacterial cell membrane integrity, leading to cell death.

Pharmacokinetics: Absorption is pH-dependent, optimized in acidic environment. Crosses the blood-brain barrier. Extensively metabolized in the liver via CYP450 enzymes, primarily CYP3A4. Prolonged half-life allowing once-daily dosing.

Contraindications: Myasthenia gravis (for certain antibiotic classes); Severe hepatic impairment; Pregnancy and lactation; Known bacterial resistance.

Common Adverse Effects: Tooth discoloration, Nausea, Pruritus, Candidiasis, Dizziness, Vomiting.","CYP2B6,G6PD",695
153,Abracil,abracil Plus,Sanofi,Hormonal,Progestin,72331-769-34,103.01,Vaginal Tablet,"1.0 mg Vaginal Tablet, 10 Vaginal Tablets per bottle. Typical dosing: once daily.","abracil is indicated for therapeutic applications related to hormonal conditions.

Mechanism of Action: abracil works by counteracting pathological changes in tissue function.

Pharmacokinetics: Absorption is reduced when taken with food. Crosses the blood-brain barrier. Extensively metabolized in the liver via CYP450 enzymes, primarily CYP3A4. Prolonged half-life allowing once-daily dosing.

Contraindications: Severe renal impairment; Severe hepatic impairment; Pregnancy and lactation.

Common Adverse Effects: Dizziness, Vomiting, Abdominal pain, Headache.",,373
154,Gliafil,gliafil Sodium,Eli Lilly,Antiviral,CCR5 Antagonist,12252-306-11,717.15,Topical Ointment,"10 mg/g Topical Ointment, 30 g tube. Typical dosing: once daily.","gliafil is used in the treatment of conditions requiring antiviral therapy.

Mechanism of Action: gliafil works by binding to specific receptors in target tissues.

Pharmacokinetics: Bioavailability is approximately 60-80% after oral administration. Highly protein-bound (approximately 90-95%). Subject to minimal metabolism, with most of the drug excreted unchanged. Terminal half-life of approximately 12-24 hours.

Contraindications: Severe renal impairment; Hypersensitivity to the active substance or any of the excipients; Severe hepatic impairment; Pregnancy and lactation.

Common Adverse Effects: Pruritus, Vomiting, Headache, Abdominal pain, Rash, Dizziness, Fatigue.","CYP1A2,ABCG2,NAT2",747
155,Filukast,Verfilukast Forte,Vertex,Musculoskeletal,Antigout,76853-908-52,98.99,Chewable Tablet,"5 mg Chewable Tablet, 28 Chewable Tablets per bottle. Typical dosing: once daily.","filukast is a antigout medication classified under musculoskeletal drugs.

Mechanism of Action: filukast works by enhancing physiological defense mechanisms.

Pharmacokinetics: Absorption is reduced when taken with food. Widely distributed throughout body tissues. Metabolism shows significant inter-individual variability. Terminal half-life of approximately 12-24 hours.

Contraindications: Severe renal impairment; Pregnancy and lactation; Hypersensitivity to the active substance or any of the excipients; Severe hepatic impairment.

Common Adverse Effects: Rash, Pruritus, Diarrhea, Headache, Fatigue, Abdominal pain.",,435
156,Femustine,femustine Calcium,Alembic Pharmaceuticals,Immunological,Immunostimulant,88489-632-51,236.29,Oral Solution,"10.0 mg/mL Oral Solution, 10 mL bottle. Typical dosing: once daily.","femustine is indicated for therapeutic applications related to immunological conditions.

Mechanism of Action: femustine works by counteracting pathological changes in tissue function.

Pharmacokinetics: Bioavailability is approximately 60-80% after oral administration. Highly protein-bound (approximately 90-95%). Metabolism shows significant inter-individual variability. Excreted in urine as metabolites.

Contraindications: Severe renal impairment; Hypersensitivity to the active substance or any of the excipients; Severe hepatic impairment; Pregnancy and lactation.

Common Adverse Effects: Headache, Pruritus, Vomiting, Abdominal pain, Rash, Dizziness, Fatigue.",,451
157,Abvir,abvir,Alembic Pharmaceuticals,Antiviral,Nucleoside Analog,32283-228-74,557.82,Syrup,"2.0 mg/mL Syrup, 240 mL bottle. Typical dosing: once daily.","abvir belongs to the class of nucleoside analog agents within the antiviral category.

Mechanism of Action: abvir works by modulating biochemical pathways involved in the disease process.

Pharmacokinetics: Slowly absorbed after oral administration. Moderately protein-bound (approximately 60-80%). Metabolized via non-CYP450 pathways. Prolonged half-life allowing once-daily dosing.

Contraindications: Severe renal impairment; Pregnancy and lactation; Severe hepatic impairment; Hypersensitivity to the active substance or any of the excipients.

Common Adverse Effects: Pruritus, Dizziness, Nausea, Diarrhea, Abdominal pain, Headache, Vomiting.",,607
158,Zophylline,Cipzophylline IR,Cipla,Dermatological,Antiseptic,92426-377-13,80.73,Nasal Spray,"10.0 mg/dose Nasal Spray, 10 mL bottle. Typical dosing: as directed by physician.","zophylline is a antiseptic medication classified under dermatological drugs.

Mechanism of Action: zophylline works by modulating biochemical pathways involved in the disease process.

Pharmacokinetics: Slowly absorbed after oral administration. Distribution limited primarily to the vascular compartment. Extensively metabolized in the liver via CYP450 enzymes, primarily CYP3A4. Short half-life of 2-4 hours requiring multiple daily dosing.

Contraindications: Hypersensitivity to the active substance or any of the excipients; Pregnancy and lactation; Severe renal impairment; Severe hepatic impairment.

Common Adverse Effects: Diarrhea, Pruritus, Dizziness, Fatigue.",,527
159,Stalukast,GS-stalukast,Gilead Sciences,Antiviral,Entry Inhibitor,72224-461-29,803.03,Topical Gel,"2.0 % Topical Gel, 5 g tube. Typical dosing: three times daily.","stalukast belongs to the class of entry inhibitor agents within the antiviral category.

Mechanism of Action: stalukast works by counteracting pathological changes in tissue function.

Pharmacokinetics: Well absorbed through transdermal application. Highly protein-bound (approximately 90-95%). Extensively metabolized in the liver via CYP450 enzymes, primarily CYP3A4. Eliminated primarily via renal excretion of unchanged drug.

Contraindications: Severe renal impairment; Severe hepatic impairment; Pregnancy and lactation; Hypersensitivity to the active substance or any of the excipients.

Common Adverse Effects: Pruritus, Vomiting, Nausea, Headache, Rash, Abdominal pain.",,479
160,Cazepam,cazepam,Regeneron,Central Nervous System,Benzodiazepine,52555-471-60,112.98,Intravenous Solution,"50.0 mg/mL Intravenous Solution, 240 mL bottle. Typical dosing: as needed for pain.","cazepam helps restore the balance of certain natural substances in the brain, improving mood, thoughts, and behavior.

Mechanism of Action: cazepam works by enhancing GABAergic neurotransmission, producing anxiolytic and sedative effects.

Pharmacokinetics: Slowly absorbed after oral administration. Moderately protein-bound (approximately 60-80%). Metabolized via non-CYP450 pathways. Prolonged half-life allowing once-daily dosing.

Contraindications: Recent myocardial infarction; Severe hepatic impairment; Hypersensitivity to the active substance or any of the excipients; Suicidal ideation; Angle-closure glaucoma.

Common Adverse Effects: Fatigue, Rash, Diarrhea, Somnolence, Anxiety, Abdominal pain, Tremor.",,737
161,Maphylline,maphylline Nitrate,Intas Pharmaceuticals,Antibiotic,Macrolide,55907-259-75,86.94,Drops,"125 mg Drops, 10 units per package. Typical dosing: four times daily.","maphylline is a broad-spectrum antibiotic used to treat various bacterial infections throughout the body.

Mechanism of Action: maphylline works by interfering with bacterial folate synthesis, inhibiting DNA and RNA production.

Pharmacokinetics: Well absorbed through transdermal application. Widely distributed throughout body tissues. Metabolized through multiple pathways with no single dominant route. Terminal half-life of approximately 12-24 hours.

Contraindications: Myasthenia gravis (for certain antibiotic classes); Hypersensitivity to the active substance or any of the excipients; Concurrent use of contraindicated medications; Known bacterial resistance; History of antibiotic-associated colitis.

Common Adverse Effects: Nausea, Abdominal pain, QT interval prolongation, Diarrhea, Pruritus.",,377
162,Kelukast,Genkelukast HBr,Genentech,Central Nervous System,Opioid,57265-361-63,188.12,Dispersible Tablet,"5.0 mg Dispersible Tablet, 120 Dispersible Tablets per bottle. Typical dosing: once daily.","kelukast is indicated for the management of chronic pain conditions through its action on central pain pathways.

Mechanism of Action: kelukast works by inhibiting the reuptake of serotonin and norepinephrine in the CNS.

Pharmacokinetics: Rapidly absorbed from the gastrointestinal tract. Distribution limited primarily to the vascular compartment. Metabolized to active metabolites that contribute to the therapeutic effect. Terminal half-life of approximately 12-24 hours.

Contraindications: Hypersensitivity to the active substance or any of the excipients; Seizure disorders; Severe hepatic impairment; Pregnancy and lactation.

Common Adverse Effects: Headache, Insomnia, Nausea, Rash, Tremor.",VKORC1,675
163,Flusteride,flusteride,Aurobindo Pharma,Hormonal,Androgen,36424-807-68,366.71,Transdermal Patch,"0.25 mg/24h Transdermal Patch, 14 patches per box. Typical dosing: once daily.","flusteride is a androgen medication classified under hormonal drugs.

Mechanism of Action: flusteride works by counteracting pathological changes in tissue function.

Pharmacokinetics: Absorption is pH-dependent, optimized in acidic environment. Moderately protein-bound (approximately 60-80%). Metabolism shows significant inter-individual variability. Clearance is reduced in patients with renal impairment.

Contraindications: Hypersensitivity to the active substance or any of the excipients; Severe renal impairment; Pregnancy and lactation; Severe hepatic impairment.

Common Adverse Effects: Fatigue, Diarrhea, Nausea, Vomiting, Pruritus, Headache, Rash.",HLA-B*1502,631
164,Azsartan,azsartan,Cipla,Central Nervous System,Analgesic,58051-534-71,71.54,Extended-Release Capsule,"50 mcg Extended-Release Capsule, 14 Extended-Release Capsules per bottle. Typical dosing: twice daily.","azsartan helps restore the balance of certain natural substances in the brain, improving mood, thoughts, and behavior.

Mechanism of Action: azsartan works by inhibiting monoamine oxidase, increasing levels of monoamine neurotransmitters.

Pharmacokinetics: Well absorbed through transdermal application. Highly protein-bound (approximately 90-95%). Extensively metabolized in the liver via CYP450 enzymes, primarily CYP3A4. Excreted in urine as metabolites.

Contraindications: Severe renal impairment; Recent myocardial infarction; Suicidal ideation.

Common Adverse Effects: Somnolence, Vomiting, Rash, Paresthesia, Fatigue, Memory impairment, Diarrhea.",ABCG2,405
165,Momustine,momustine Calcium HCT,Torrent Pharmaceuticals,Nutritional,Amino Acid,80201-398-55,44.56,Extended-Release Capsule,"10 mg Extended-Release Capsule, 50 Extended-Release Capsules per bottle. Typical dosing: twice daily.","momustine belongs to the class of amino acid agents within the nutritional category.

Mechanism of Action: momustine works by counteracting pathological changes in tissue function.

Pharmacokinetics: Subject to significant first-pass metabolism resulting in reduced bioavailability. Crosses the blood-brain barrier. Metabolized through multiple pathways with no single dominant route. Prolonged half-life allowing once-daily dosing.

Contraindications: Severe renal impairment; Pregnancy and lactation; Hypersensitivity to the active substance or any of the excipients.

Common Adverse Effects: Dizziness, Rash, Vomiting, Pruritus, Fatigue, Abdominal pain, Headache.",,168
166,Abantine,abantine,Takeda,Ophthalmological,Mydriatic,53651-385-19,144.89,Oral Solution,"2.0 mg/mL Oral Solution, 240 mL bottle. Typical dosing: as directed by physician.","abantine is a mydriatic medication classified under ophthalmological drugs.

Mechanism of Action: abantine works by modulating biochemical pathways involved in the disease process.

Pharmacokinetics: Absorption is reduced when taken with food. Crosses the blood-brain barrier. Extensively metabolized in the liver via CYP450 enzymes, primarily CYP3A4. Excreted in urine as metabolites.

Contraindications: Pregnancy and lactation; Severe hepatic impairment; Severe renal impairment; Hypersensitivity to the active substance or any of the excipients.

Common Adverse Effects: Rash, Nausea, Fatigue, Dizziness, Headache, Pruritus, Vomiting.",,472
167,Hesemide,hesemide,Torrent Pharmaceuticals,Antiviral,Fusion Inhibitor,86673-355-59,1247.76,Ophthalmic Solution,"0.025 % Ophthalmic Solution, 480 mL bottle. Typical dosing: twice daily.","hesemide belongs to the class of fusion inhibitor agents within the antiviral category.

Mechanism of Action: hesemide works by enhancing physiological defense mechanisms.

Pharmacokinetics: Absorption is reduced when taken with food. Widely distributed throughout body tissues. Metabolized to active metabolites that contribute to the therapeutic effect. Eliminated through both renal and biliary routes.

Contraindications: Severe hepatic impairment; Severe renal impairment; Pregnancy and lactation; Hypersensitivity to the active substance or any of the excipients.

Common Adverse Effects: Pruritus, Abdominal pain, Dizziness, Nausea, Diarrhea.",,280
168,Fifibrate,Genfifibrate,Genentech,Immunological,Interferons,63606-326-96,200.66,Vaginal Tablet,"20 mg Vaginal Tablet, 14 Vaginal Tablets per bottle. Typical dosing: once daily.","fifibrate belongs to the class of interferons agents within the immunological category.

Mechanism of Action: fifibrate works by counteracting pathological changes in tissue function.

Pharmacokinetics: Subject to significant first-pass metabolism resulting in reduced bioavailability. Moderately protein-bound (approximately 60-80%). Metabolized through multiple pathways with no single dominant route. Elimination rate depends on hepatic function.

Contraindications: Pregnancy and lactation; Severe renal impairment; Severe hepatic impairment.

Common Adverse Effects: Pruritus, Abdominal pain, Rash, Vomiting, Headache, Fatigue.",IFNL3,477
169,Sizolam,sizolam Plus,Teva Pharmaceutical,Central Nervous System,Antipyretic,17543-866-52,157.36,Topical Cream,"2.0 % Topical Cream, 50 g tube. Typical dosing: once daily.","sizolam helps restore the balance of certain natural substances in the brain, improving mood, thoughts, and behavior.

Mechanism of Action: sizolam works by binding to opioid receptors, modulating pain perception pathways.

Pharmacokinetics: Absorption is reduced when taken with food. Widely distributed throughout body tissues. Extensively metabolized in the liver via CYP450 enzymes, primarily CYP3A4. Eliminated through both renal and biliary routes.

Contraindications: Seizure disorders; Angle-closure glaucoma; Pregnancy and lactation; Severe hepatic impairment.

Common Adverse Effects: Paresthesia, Insomnia, Rash, Confusion, Depression, Diarrhea, Tremor.","HLA-B*5701,CYP2E1",111
170,Tazolam,Biotazolam,Biogen,Nutritional,Amino Acid,23319-650-41,22.21,Oral Solution,"200 mcg/mL Oral Solution, 240 mL bottle. Typical dosing: twice daily.","tazolam belongs to the class of amino acid agents within the nutritional category.

Mechanism of Action: tazolam works by modulating biochemical pathways involved in the disease process.

Pharmacokinetics: Rapidly absorbed from the gastrointestinal tract. Accumulates in adipose tissue due to lipophilic properties. Extensively metabolized in the liver via CYP450 enzymes, primarily CYP3A4. Short half-life of 2-4 hours requiring multiple daily dosing.

Contraindications: Severe hepatic impairment; Severe renal impairment; Pregnancy and lactation; Hypersensitivity to the active substance or any of the excipients.

Common Adverse Effects: Vomiting, Diarrhea, Nausea, Fatigue, Abdominal pain.",,281
171,Promab,promab,Mylan,Anticancer,Hormone Therapy,88931-874-74,1377.57,Nasal Spray,"200 mg/dose Nasal Spray, 15 mL bottle. Typical dosing: as directed by physician.","promab is a hormone therapy medication classified under anticancer drugs.

Mechanism of Action: promab works by inhibiting key enzymes in pathological processes.

Pharmacokinetics: Bioavailability is approximately 60-80% after oral administration. Low protein binding (<30%). Extensively metabolized in the liver via CYP450 enzymes, primarily CYP3A4. Excreted in urine as metabolites.

Contraindications: Severe renal impairment; Hypersensitivity to the active substance or any of the excipients; Severe hepatic impairment.

Common Adverse Effects: Diarrhea, Abdominal pain, Dizziness, Vomiting, Headache, Nausea.",ABCB1,406
172,Gasartan,gasartan,Novo Nordisk,Gastrointestinal,Antidiarrheal,73908-225-37,97.67,Transdermal Patch,"5 mcg/h Transdermal Patch, 30 patches per box. Typical dosing: once daily.","gasartan provides relief from symptoms associated with gastroesophageal reflux disease (GERD) and peptic ulcer disease.

Mechanism of Action: gasartan works by inhibiting the gastric H+/K+ ATPase enzyme system, suppressing gastric acid production.

Pharmacokinetics: Absorption is pH-dependent, optimized in acidic environment. Accumulates in adipose tissue due to lipophilic properties. Primarily metabolized by CYP2D6 with genetic polymorphisms affecting rate of metabolism. Eliminated primarily via renal excretion of unchanged drug.

Contraindications: Pregnancy and lactation; Hypersensitivity to the active substance or any of the excipients; Inflammatory bowel disease in acute phase; Severe hepatic impairment; Gastrointestinal perforation.

Common Adverse Effects: Headache, Altered taste, Fatigue, Vomiting.",,530
173,Hesemide,hesemide Potassium HCl,Aurobindo Pharma,Cardiovascular,Beta Blocker,86319-783-85,25.77,Syrup,"40.0 mg/5mL Syrup, 100 mL bottle. Typical dosing: twice daily.","hesemide is indicated for the treatment of hypertension, either alone or in combination with other antihypertensive agents.

Mechanism of Action: hesemide works by inhibiting angiotensin-converting enzyme (ACE), which reduces the production of angiotensin II.

Pharmacokinetics: Absorption is reduced when taken with food. Moderately protein-bound (approximately 60-80%). Undergoes conjugation reactions in the liver. Clearance is reduced in patients with renal impairment.

Contraindications: Severe renal impairment; Hypersensitivity to the active substance or any of the excipients; Second or third-degree heart block; Bilateral renal artery stenosis.

Common Adverse Effects: Chest pain, Abdominal pain, Rash, Diarrhea.",,614
174,Nerubicin,Allnerubicin IV,Allergan,Antiparasitic,Antimalarial,41166-825-74,112.5,Sublingual Tablet,"50 mg Sublingual Tablet, 100 Sublingual Tablets per bottle. Typical dosing: twice daily.","nerubicin is a antimalarial medication classified under antiparasitic drugs.

Mechanism of Action: nerubicin works by modulating biochemical pathways involved in the disease process.

Pharmacokinetics: Well absorbed through transdermal application. Does not significantly penetrate the blood-brain barrier. Extensively metabolized in the liver via CYP450 enzymes, primarily CYP3A4. Clearance is reduced in patients with renal impairment.

Contraindications: Hypersensitivity to the active substance or any of the excipients; Pregnancy and lactation; Severe hepatic impairment.

Common Adverse Effects: Headache, Nausea, Abdominal pain, Pruritus, Vomiting, Rash.",,501
175,Metide,TP-metide,Torrent Pharmaceuticals,Respiratory,Bronchodilator,47323-350-98,52.85,Vaginal Tablet,"4 mg Vaginal Tablet, 20 Vaginal Tablets per bottle. Typical dosing: every 4-6 hours as needed.","metide is indicated for maintenance treatment of bronchospasm associated with respiratory disorders.

Mechanism of Action: metide works by antagonizing histamine H1 receptors, reducing allergic responses.

Pharmacokinetics: Slowly absorbed after oral administration. Does not significantly penetrate the blood-brain barrier. Primarily metabolized by CYP2D6 with genetic polymorphisms affecting rate of metabolism. Eliminated through both renal and biliary routes.

Contraindications: Untreated fungal infections of the respiratory tract; Severe hepatic impairment; Known hypersensitivity to adrenergic compounds; Status asthmaticus.

Common Adverse Effects: Rash, Pruritus, Nausea, Abdominal pain, Dizziness, Diarrhea.",,534
176,Nocaine,nocaine D,Sun Pharmaceutical,Musculoskeletal,Muscle Relaxant,24276-961-49,199.79,Ophthalmic Ointment,"500 mg/g Ophthalmic Ointment, 5 g tube. Typical dosing: once daily.","nocaine is used in the treatment of conditions requiring musculoskeletal therapy.

Mechanism of Action: nocaine works by binding to specific receptors in target tissues.

Pharmacokinetics: Absorption is reduced when taken with food. Distribution limited primarily to the vascular compartment. Undergoes conjugation reactions in the liver. Excreted in urine as metabolites.

Contraindications: Pregnancy and lactation; Severe hepatic impairment; Hypersensitivity to the active substance or any of the excipients; Severe renal impairment.

Common Adverse Effects: Pruritus, Rash, Fatigue, Diarrhea, Nausea.",,596
177,Pethiazide,pethiazide Sodium,Mankind Pharma,Cardiovascular,Beta Blocker,82928-182-98,69.63,Buccal Tablet,"80.0 mg Buccal Tablet, 28 Buccal Tablets per bottle. Typical dosing: once daily.","pethiazide is a beta blocker used in the management of heart failure, hypertension, and related cardiovascular conditions.

Mechanism of Action: pethiazide works by selectively blocking beta-adrenergic receptors, reducing the effects of epinephrine.

Pharmacokinetics: Absorption is enhanced when taken with food. Widely distributed throughout body tissues. Metabolized to active metabolites that contribute to the therapeutic effect. Eliminated primarily via renal excretion of unchanged drug.

Contraindications: Severe hepatic impairment; Acute heart failure; Cardiogenic shock.

Common Adverse Effects: Dizziness, Palpitations, Chest pain, Headache.",,322
178,Seglinide,seglinide,Genentech,Antidiabetic,Insulin,32547-382-63,156.43,Vaginal Cream,"2.5 mg Vaginal Cream, 15 g tube. Typical dosing: twice daily.","seglinide improves insulin sensitivity and reduces hepatic glucose production, leading to better glycemic control.

Mechanism of Action: seglinide works by inhibiting intestinal alpha-glucosidase enzymes, delaying carbohydrate absorption.

Pharmacokinetics: Slowly absorbed after oral administration. Widely distributed throughout body tissues. Undergoes conjugation reactions in the liver. Excreted in urine as metabolites.

Contraindications: Severe renal impairment; Hypersensitivity to the active substance or any of the excipients; Severe renal impairment (GFR < 30 mL/min).

Common Adverse Effects: Peripheral edema, Fatigue, Abdominal pain, Urinary tract infections, Dizziness, Vomiting.","CYP1A2,TPMT,CYP2E1",534
179,Sumycin,sumycin HCT,Roche,Antibiotic,Tetracycline,13304-361-90,84.85,Powder for Reconstitution,"125 mg Powder for Reconstitution, 20 units per package. Typical dosing: four times daily.","sumycin demonstrates bactericidal activity against a wide spectrum of pathogens commonly associated with respiratory, skin, and urinary tract infections.

Mechanism of Action: sumycin works by binding to the 30S ribosomal subunit, inhibiting bacterial protein synthesis.

Pharmacokinetics: Absorption is pH-dependent, optimized in acidic environment. Crosses the blood-brain barrier. Metabolized to active metabolites that contribute to the therapeutic effect. Eliminated primarily via renal excretion of unchanged drug.

Contraindications: Severe renal impairment; Myasthenia gravis (for certain antibiotic classes); History of antibiotic-associated colitis; Known bacterial resistance; Severe hepatic impairment.

Common Adverse Effects: Allergic reactions, Candidiasis, Rash, Vomiting, Abdominal pain, Fatigue.",,404
180,Qudronate,qudronate,Pfizer,Antiparasitic,Antimalarial,80328-559-30,104.1,Ophthalmic Ointment,"1.0 % Ophthalmic Ointment, 30 g tube. Typical dosing: twice daily.","qudronate is used in the treatment of conditions requiring antiparasitic therapy.

Mechanism of Action: qudronate works by inhibiting key enzymes in pathological processes.

Pharmacokinetics: Subject to significant first-pass metabolism resulting in reduced bioavailability. Moderately protein-bound (approximately 60-80%). Metabolized through multiple pathways with no single dominant route. Prolonged half-life allowing once-daily dosing.

Contraindications: Hypersensitivity to the active substance or any of the excipients; Severe renal impairment; Pregnancy and lactation.

Common Adverse Effects: Abdominal pain, Pruritus, Rash, Fatigue, Nausea.",G6PD,308
181,Cathiazide,cathiazide Phosphate D,Abbott Laboratories,Cardiovascular,Anticoagulant,14537-325-42,171.45,Extended-Release Tablet,"75 mcg Extended-Release Tablet, 90 Extended-Release Tablets per bottle. Typical dosing: three times daily.","cathiazide is primarily used to reduce the risk of cardiovascular events in patients with established cardiovascular disease or multiple risk factors.

Mechanism of Action: cathiazide works by inhibiting angiotensin-converting enzyme (ACE), which reduces the production of angiotensin II.

Pharmacokinetics: Absorption is reduced when taken with food. Moderately protein-bound (approximately 60-80%). Extensively metabolized in the liver via CYP450 enzymes, primarily CYP3A4. Eliminated through both renal and biliary routes.

Contraindications: Hypersensitivity to the active substance or any of the excipients; Severe renal impairment; Second or third-degree heart block.

Common Adverse Effects: Chest pain, Edema, Vomiting, Nausea, Bradycardia, Flushing.",,442
182,Tazepam,J&J-tazepam,Johnson & Johnson,Antiparasitic,Antiprotozoal,67494-387-85,93.47,Inhalation Solution,"100 mcg/mL Inhalation Solution, 150 mL bottle. Typical dosing: twice daily.","tazepam is used in the treatment of conditions requiring antiparasitic therapy.

Mechanism of Action: tazepam works by modulating biochemical pathways involved in the disease process.

Pharmacokinetics: Bioavailability is approximately 60-80% after oral administration. Does not significantly penetrate the blood-brain barrier. Metabolism shows significant inter-individual variability. Eliminated through both renal and biliary routes.

Contraindications: Severe renal impairment; Hypersensitivity to the active substance or any of the excipients; Pregnancy and lactation; Severe hepatic impairment.

Common Adverse Effects: Nausea, Fatigue, Diarrhea, Abdominal pain, Dizziness.",,453
183,Pesartan,pesartan HCT,Alembic Pharmaceuticals,Ophthalmological,Mydriatic,16835-159-67,134.67,Vaginal Cream,"500 mg Vaginal Cream, 50 g tube. Typical dosing: twice daily.","pesartan is a mydriatic medication classified under ophthalmological drugs.

Mechanism of Action: pesartan works by inhibiting key enzymes in pathological processes.

Pharmacokinetics: Subject to significant first-pass metabolism resulting in reduced bioavailability. Widely distributed throughout body tissues. Primarily metabolized by CYP2D6 with genetic polymorphisms affecting rate of metabolism. Clearance is reduced in patients with renal impairment.

Contraindications: Hypersensitivity to the active substance or any of the excipients; Severe renal impairment; Pregnancy and lactation; Severe hepatic impairment.

Common Adverse Effects: Pruritus, Dizziness, Diarrhea, Nausea, Headache.",,685
184,Sezolam,sezolam Sodium,Lupin,Cardiovascular,Vasodilator,49626-529-53,35.7,Topical Cream,"80.0 mg/g Topical Cream, 20 g tube. Typical dosing: twice daily.","sezolam is indicated for the treatment of hypertension, either alone or in combination with other antihypertensive agents.

Mechanism of Action: sezolam works by promoting sodium and water excretion by inhibiting sodium reabsorption in the distal tubule.

Pharmacokinetics: Well absorbed through transdermal application. Moderately protein-bound (approximately 60-80%). Subject to minimal metabolism, with most of the drug excreted unchanged. Eliminated through both renal and biliary routes.

Contraindications: Severe hepatic impairment; Cardiogenic shock; Bilateral renal artery stenosis.

Common Adverse Effects: Rash, Flushing, Chest pain, Fatigue.",,261
185,Segliptin,segliptin,Allergan,Antibiotic,Aminoglycoside,46235-796-24,103.49,Orally Disintegrating Tablet,"850 mg Orally Disintegrating Tablet, 10 Orally Disintegrating Tablets per bottle. Typical dosing: four times daily.","segliptin is indicated for the treatment of infections caused by susceptible strains of designated microorganisms.

Mechanism of Action: segliptin works by disrupting bacterial cell membrane integrity, leading to cell death.

Pharmacokinetics: Rapidly absorbed from the gastrointestinal tract. Highly protein-bound (approximately 90-95%). Undergoes conjugation reactions in the liver. Clearance is reduced in patients with renal impairment.

Contraindications: History of antibiotic-associated colitis; Pregnancy and lactation; Severe renal impairment.

Common Adverse Effects: Rash, Allergic reactions, Headache, Dizziness, Fatigue, Antibiotic-associated diarrhea.",COMT,565
186,Memycin,memycin ER,GlaxoSmithKline,Nutritional,Amino Acid,49168-983-81,52.21,Extended-Release Capsule,"500 mg Extended-Release Capsule, 100 Extended-Release Capsules per bottle. Typical dosing: once daily.","memycin is indicated for therapeutic applications related to nutritional conditions.

Mechanism of Action: memycin works by modulating biochemical pathways involved in the disease process.

Pharmacokinetics: Well absorbed through transdermal application. Moderately protein-bound (approximately 60-80%). Metabolism shows significant inter-individual variability. Terminal half-life of approximately 12-24 hours.

Contraindications: Pregnancy and lactation; Hypersensitivity to the active substance or any of the excipients; Severe hepatic impairment.

Common Adverse Effects: Dizziness, Nausea, Abdominal pain, Vomiting.","NAT2,HLA-B*1502,TPMT",334
187,Abtriptan,abtriptan,Zydus Cadila,Central Nervous System,SNRI,98126-748-31,181.43,Topical Gel,"0.1 % Topical Gel, 30 g tube. Typical dosing: twice daily.","abtriptan is indicated for the management of chronic pain conditions through its action on central pain pathways.

Mechanism of Action: abtriptan works by inhibiting monoamine oxidase, increasing levels of monoamine neurotransmitters.

Pharmacokinetics: Subject to significant first-pass metabolism resulting in reduced bioavailability. Highly protein-bound (approximately 90-95%). Extensively metabolized in the liver via CYP450 enzymes, primarily CYP3A4. Eliminated through both renal and biliary routes.

Contraindications: Suicidal ideation; Pregnancy and lactation; Hypersensitivity to the active substance or any of the excipients.

Common Adverse Effects: Rash, Abdominal pain, Pruritus, Tremor, Memory impairment, Diarrhea, Dizziness.",,649
188,Senavir,senavir,Genentech,Dermatological,Corticosteroid,23895-642-67,130.25,Chewable Tablet,"1.0 mg Chewable Tablet, 60 Chewable Tablets per bottle. Typical dosing: twice daily.","senavir is indicated for therapeutic applications related to dermatological conditions.

Mechanism of Action: senavir works by inhibiting key enzymes in pathological processes.

Pharmacokinetics: Absorption is reduced when taken with food. Accumulates in adipose tissue due to lipophilic properties. Metabolized through multiple pathways with no single dominant route. Elimination rate depends on hepatic function.

Contraindications: Hypersensitivity to the active substance or any of the excipients; Severe hepatic impairment; Pregnancy and lactation; Severe renal impairment.

Common Adverse Effects: Fatigue, Abdominal pain, Vomiting, Nausea.",,278
189,Flucaine,flucaine Hydrochloride D,Alembic Pharmaceuticals,Gastrointestinal,Antacid,94928-552-26,103.68,Transdermal Patch,"10 mcg/h Transdermal Patch, 7 patches per box. Typical dosing: three times daily.","flucaine provides relief from symptoms associated with gastroesophageal reflux disease (GERD) and peptic ulcer disease.

Mechanism of Action: flucaine works by blocking dopamine D2 receptors in the chemoreceptor trigger zone, providing antiemetic effects.

Pharmacokinetics: Bioavailability is approximately 60-80% after oral administration. Low protein binding (<30%). Metabolized via non-CYP450 pathways. Short half-life of 2-4 hours requiring multiple daily dosing.

Contraindications: Severe renal impairment; Pregnancy and lactation; Active gastrointestinal bleeding; Gastrointestinal perforation; Severe hepatic impairment.

Common Adverse Effects: Dyspepsia, Vomiting, Nausea, Fatigue, Flatulence, Rash, Dry mouth.",,511
190,Taphylline,taphylline,GlaxoSmithKline,Respiratory,Antitussive,34428-335-54,157.96,Enteric-Coated Tablet,"100 mg Enteric-Coated Tablet, 120 Enteric-Coated Tablets per bottle. Typical dosing: twice daily.","taphylline is used for symptomatic relief of respiratory tract disorders characterized by congestion and inflammation.

Mechanism of Action: taphylline works by inhibiting phosphodiesterase enzymes, resulting in bronchodilation and anti-inflammatory effects.

Pharmacokinetics: Subject to significant first-pass metabolism resulting in reduced bioavailability. Accumulates in adipose tissue due to lipophilic properties. Undergoes conjugation reactions in the liver. Excreted in urine as metabolites.

Contraindications: Severe COPD with respiratory insufficiency; Severe hepatic impairment; Hypersensitivity to the active substance or any of the excipients; Severe renal impairment; Status asthmaticus.

Common Adverse Effects: Dyspnea, Rash, Dizziness, Increased sputum production.",,497
191,Tigliptin,tigliptin Sodium XR,Teva Pharmaceutical,Musculoskeletal,Muscle Relaxant,69896-526-95,54.24,Chewable Tablet,"20 mg Chewable Tablet, 10 Chewable Tablets per bottle. Typical dosing: three times daily.","tigliptin is used in the treatment of conditions requiring musculoskeletal therapy.

Mechanism of Action: tigliptin works by binding to specific receptors in target tissues.

Pharmacokinetics: Absorption is pH-dependent, optimized in acidic environment. Moderately protein-bound (approximately 60-80%). Metabolism shows significant inter-individual variability. Excreted in urine as metabolites.

Contraindications: Severe hepatic impairment; Severe renal impairment; Hypersensitivity to the active substance or any of the excipients.

Common Adverse Effects: Diarrhea, Nausea, Headache, Pruritus.",,522
192,Quciclovir,quciclovir HCT,Teva Pharmaceutical,Otological,Anti-Infective,65081-980-23,145.88,Extended-Release Capsule,"5 mcg Extended-Release Capsule, 28 Extended-Release Capsules per bottle. Typical dosing: three times daily.","quciclovir is used in the treatment of conditions requiring otological therapy.

Mechanism of Action: quciclovir works by counteracting pathological changes in tissue function.

Pharmacokinetics: Slowly absorbed after oral administration. Low protein binding (<30%). Undergoes conjugation reactions in the liver. Eliminated through both renal and biliary routes.

Contraindications: Severe hepatic impairment; Pregnancy and lactation; Hypersensitivity to the active substance or any of the excipients.

Common Adverse Effects: Headache, Rash, Nausea, Pruritus, Vomiting, Fatigue.","CYP3A4,G6PD,CYP2C19",292
193,Rolukast,BI-rolukast,Baxter International,Respiratory,Leukotriene Modifier,65049-628-58,33.3,Vaginal Tablet,"50 mg Vaginal Tablet, 14 Vaginal Tablets per bottle. Typical dosing: every 4-6 hours as needed.","rolukast helps reduce inflammation and bronchospasm in the airways, improving breathing in patients with respiratory conditions.

Mechanism of Action: rolukast works by blocking leukotriene receptors, reducing bronchial inflammation and constriction.

Pharmacokinetics: Absorption is enhanced when taken with food. Low protein binding (<30%). Metabolized via non-CYP450 pathways. Prolonged half-life allowing once-daily dosing.

Contraindications: Severe COPD with respiratory insufficiency; Severe hepatic impairment; Hypersensitivity to the active substance or any of the excipients.

Common Adverse Effects: Vomiting, Pharyngitis, Rhinitis, Increased sputum production, Pruritus, Cough, Fatigue.",,510
194,Sulizid,sulizid,Torrent Pharmaceuticals,Dermatological,Antifungal,40638-477-22,54.44,Orally Disintegrating Tablet,"20.0 mg Orally Disintegrating Tablet, 10 Orally Disintegrating Tablets per bottle. Typical dosing: as directed by physician.","sulizid is a antifungal medication classified under dermatological drugs.

Mechanism of Action: sulizid works by modulating biochemical pathways involved in the disease process.

Pharmacokinetics: Bioavailability is approximately 60-80% after oral administration. Highly protein-bound (approximately 90-95%). Metabolism shows significant inter-individual variability. Terminal half-life of approximately 12-24 hours.

Contraindications: Severe hepatic impairment; Pregnancy and lactation; Severe renal impairment; Hypersensitivity to the active substance or any of the excipients.

Common Adverse Effects: Vomiting, Abdominal pain, Rash, Dizziness, Headache, Pruritus.","MTHFR,SLCO1B1",476
195,Vecaine,vecaine CR,Merck KGaA,Musculoskeletal,Antirheumatic,28905-663-59,57.26,Lozenges,"500 mg Lozenges, 20 units per package. Typical dosing: three times daily.","vecaine is indicated for therapeutic applications related to musculoskeletal conditions.

Mechanism of Action: vecaine works by counteracting pathological changes in tissue function.

Pharmacokinetics: Slowly absorbed after oral administration. Accumulates in adipose tissue due to lipophilic properties. Extensively metabolized in the liver via CYP450 enzymes, primarily CYP3A4. Eliminated through both renal and biliary routes.

Contraindications: Pregnancy and lactation; Hypersensitivity to the active substance or any of the excipients; Severe hepatic impairment; Severe renal impairment.

Common Adverse Effects: Vomiting, Fatigue, Headache, Pruritus.",,457
196,Pavir,J&J-pavir Maleate,Johnson & Johnson,Otological,Anti-Inflammatory,23455-645-89,53.16,Film-Coated Tablet,"50 mg Film-Coated Tablet, 100 Film-Coated Tablets per bottle. Typical dosing: once daily.","pavir belongs to the class of anti-inflammatory agents within the otological category.

Mechanism of Action: pavir works by binding to specific receptors in target tissues.

Pharmacokinetics: Bioavailability is approximately 60-80% after oral administration. Highly protein-bound (approximately 90-95%). Metabolized via non-CYP450 pathways. Eliminated primarily via renal excretion of unchanged drug.

Contraindications: Severe hepatic impairment; Pregnancy and lactation; Severe renal impairment; Hypersensitivity to the active substance or any of the excipients.

Common Adverse Effects: Vomiting, Rash, Fatigue, Diarrhea, Pruritus, Abdominal pain.","COMT,DPYD",581
197,Toxaban,toxaban,AbbVie,Cardiovascular,Antihyperlipidemic,97984-604-76,143.7,Inhalation Solution,"10.0 mg/mL Inhalation Solution, 15 mL bottle. Typical dosing: twice daily.","toxaban is indicated for the treatment of hypertension, either alone or in combination with other antihypertensive agents.

Mechanism of Action: toxaban works by reducing the activity of the renin-angiotensin-aldosterone system.

Pharmacokinetics: Bioavailability is approximately 60-80% after oral administration. Low protein binding (<30%). Extensively metabolized in the liver via CYP450 enzymes, primarily CYP3A4. Eliminated primarily via renal excretion of unchanged drug.

Contraindications: Cardiogenic shock; Acute heart failure; Bilateral renal artery stenosis.

Common Adverse Effects: Dizziness, Vomiting, Palpitations, Bradycardia, Flushing, Edema, Nausea.",,430
198,Lastatin,lastatin XR,AstraZeneca,Nutritional,Vitamin,67132-848-18,45.5,Tablet,"2.0 g Tablet, 20 Tablets per bottle. Typical dosing: once daily.","lastatin is a vitamin medication classified under nutritional drugs.

Mechanism of Action: lastatin works by inhibiting key enzymes in pathological processes.

Pharmacokinetics: Absorption is pH-dependent, optimized in acidic environment. Widely distributed throughout body tissues. Metabolized via non-CYP450 pathways. Excreted in urine as metabolites.

Contraindications: Severe renal impairment; Severe hepatic impairment; Pregnancy and lactation; Hypersensitivity to the active substance or any of the excipients.

Common Adverse Effects: Fatigue, Dizziness, Abdominal pain, Pruritus, Rash, Vomiting.",,199
199,Clolizid,Gleclolizid Maleate,Glenmark,Immunological,Immunosuppressant,83858-150-30,342.18,Topical Gel,"1.0 % Topical Gel, 100 g tube. Typical dosing: twice daily.","clolizid is indicated for therapeutic applications related to immunological conditions.

Mechanism of Action: clolizid works by counteracting pathological changes in tissue function.

Pharmacokinetics: Absorption is enhanced when taken with food. Distribution limited primarily to the vascular compartment. Metabolized via non-CYP450 pathways. Prolonged half-life allowing once-daily dosing.

Contraindications: Severe hepatic impairment; Severe renal impairment; Hypersensitivity to the active substance or any of the excipients.

Common Adverse Effects: Nausea, Abdominal pain, Diarrhea, Dizziness, Headache.",,549
200,Sisemide,sisemide Sodium IV,Celgene,Dermatological,Keratolytic,66180-942-58,17.28,Orally Disintegrating Tablet,"25.0 mg Orally Disintegrating Tablet, 90 Orally Disintegrating Tablets per bottle. Typical dosing: once daily.","sisemide is used in the treatment of conditions requiring dermatological therapy.

Mechanism of Action: sisemide works by modulating biochemical pathways involved in the disease process.

Pharmacokinetics: Absorption is reduced when taken with food. Highly protein-bound (approximately 90-95%). Primarily metabolized by CYP2D6 with genetic polymorphisms affecting rate of metabolism. Short half-life of 2-4 hours requiring multiple daily dosing.

Contraindications: Hypersensitivity to the active substance or any of the excipients; Pregnancy and lactation; Severe renal impairment; Severe hepatic impairment.

Common Adverse Effects: Nausea, Pruritus, Headache, Vomiting, Abdominal pain.",,376
201,Raparib,raparib Maleate HBr,Mylan,Anticancer,Plant Alkaloid,21349-546-39,1418.84,Topical Gel,"500 mg/g Topical Gel, 50 g tube. Typical dosing: twice daily.","raparib is a plant alkaloid medication classified under anticancer drugs.

Mechanism of Action: raparib works by counteracting pathological changes in tissue function.

Pharmacokinetics: Slowly absorbed after oral administration. Crosses the blood-brain barrier. Metabolism shows significant inter-individual variability. Clearance is reduced in patients with renal impairment.

Contraindications: Hypersensitivity to the active substance or any of the excipients; Pregnancy and lactation; Severe hepatic impairment; Severe renal impairment.

Common Adverse Effects: Headache, Vomiting, Abdominal pain, Diarrhea, Nausea, Rash.",,195
202,Begliflozin,begliflozin Sodium Forte,Eli Lilly,Antidiabetic,Meglitinide,48786-442-94,85.62,Intravenous Solution,"2.0 mg/mL Intravenous Solution, 100 mL bottle. Typical dosing: with meals.","begliflozin stimulates insulin secretion from pancreatic beta cells, helping to lower blood glucose levels in diabetic patients.

Mechanism of Action: begliflozin works by increasing tissue sensitivity to insulin and reducing hepatic glucose production.

Pharmacokinetics: Absorption is reduced when taken with food. Moderately protein-bound (approximately 60-80%). Primarily metabolized by CYP2D6 with genetic polymorphisms affecting rate of metabolism. Eliminated through both renal and biliary routes.

Contraindications: Hypersensitivity to the active substance or any of the excipients; Type 1 diabetes mellitus (for certain antidiabetic classes); Severe renal impairment; Severe renal impairment (GFR < 30 mL/min).

Common Adverse Effects: Dizziness, Abdominal pain, Diarrhea, Fatigue, Vomiting, Genital mycotic infections, Peripheral edema.",,273
203,Timicin,ZC-timicin XR,Zydus Cadila,Ophthalmological,Mydriatic,11166-686-97,238.9,Injection,"1000 mcg/mL Injection, 10 2 mL vials. Typical dosing: twice daily.","timicin is a mydriatic medication classified under ophthalmological drugs.

Mechanism of Action: timicin works by inhibiting key enzymes in pathological processes.

Pharmacokinetics: Slowly absorbed after oral administration. Widely distributed throughout body tissues. Extensively metabolized in the liver via CYP450 enzymes, primarily CYP3A4. Short half-life of 2-4 hours requiring multiple daily dosing.

Contraindications: Hypersensitivity to the active substance or any of the excipients; Pregnancy and lactation; Severe renal impairment; Severe hepatic impairment.

Common Adverse Effects: Dizziness, Rash, Fatigue, Abdominal pain, Nausea, Vomiting.",CYP2E1,633
204,Glirubicin,Bioglirubicin IR,Biogen,Otological,Anti-Inflammatory,86506-998-45,191.35,Intravenous Solution,"200 mcg/mL Intravenous Solution, 30 mL bottle. Typical dosing: once daily.","glirubicin is used in the treatment of conditions requiring otological therapy.

Mechanism of Action: glirubicin works by enhancing physiological defense mechanisms.

Pharmacokinetics: Subject to significant first-pass metabolism resulting in reduced bioavailability. Moderately protein-bound (approximately 60-80%). Metabolism shows significant inter-individual variability. Eliminated primarily via renal excretion of unchanged drug.

Contraindications: Pregnancy and lactation; Hypersensitivity to the active substance or any of the excipients; Severe hepatic impairment.

Common Adverse Effects: Diarrhea, Dizziness, Pruritus, Fatigue, Nausea, Abdominal pain.",,448
205,Gaglinide,gaglinide,Sanofi,Antidiabetic,DPP-4 Inhibitor,18569-994-43,213.02,Orally Disintegrating Tablet,"5.0 mg Orally Disintegrating Tablet, 120 Orally Disintegrating Tablets per bottle. Typical dosing: with meals.","gaglinide stimulates insulin secretion from pancreatic beta cells, helping to lower blood glucose levels in diabetic patients.

Mechanism of Action: gaglinide works by inhibiting intestinal alpha-glucosidase enzymes, delaying carbohydrate absorption.

Pharmacokinetics: Bioavailability is approximately 60-80% after oral administration. Low protein binding (<30%). Undergoes conjugation reactions in the liver. Clearance is reduced in patients with renal impairment.

Contraindications: Pregnancy and lactation; Severe hepatic impairment; Type 1 diabetes mellitus (for certain antidiabetic classes); Severe renal impairment (GFR < 30 mL/min).

Common Adverse Effects: Pruritus, Genital mycotic infections, Headache, Weight gain, Nausea.",,463
206,Broprazole,broprazole Calcium,Regeneron,Musculoskeletal,Bisphosphonate,31503-820-63,50.46,Orally Disintegrating Tablet,"20 mg Orally Disintegrating Tablet, 100 Orally Disintegrating Tablets per bottle. Typical dosing: three times daily.","broprazole belongs to the class of bisphosphonate agents within the musculoskeletal category.

Mechanism of Action: broprazole works by counteracting pathological changes in tissue function.

Pharmacokinetics: Subject to significant first-pass metabolism resulting in reduced bioavailability. Moderately protein-bound (approximately 60-80%). Metabolized to active metabolites that contribute to the therapeutic effect. Terminal half-life of approximately 12-24 hours.

Contraindications: Pregnancy and lactation; Severe hepatic impairment; Hypersensitivity to the active substance or any of the excipients.

Common Adverse Effects: Nausea, Fatigue, Pruritus, Dizziness, Rash.",,252
207,Navatib,GS-navatib,Gilead Sciences,Hormonal,Oxytocic,85195-465-58,122.29,Powder for Reconstitution,"0.025 mg Powder for Reconstitution, 30 units per package. Typical dosing: twice daily.","navatib belongs to the class of oxytocic agents within the hormonal category.

Mechanism of Action: navatib works by enhancing physiological defense mechanisms.

Pharmacokinetics: Subject to significant first-pass metabolism resulting in reduced bioavailability. Accumulates in adipose tissue due to lipophilic properties. Metabolized through multiple pathways with no single dominant route. Prolonged half-life allowing once-daily dosing.

Contraindications: Severe renal impairment; Pregnancy and lactation; Severe hepatic impairment.

Common Adverse Effects: Dizziness, Nausea, Pruritus, Diarrhea, Rash.","CYP2E1,ABCB1,CYP1A2",379
208,Fesemide,fesemide HCT,Novartis,Dermatological,Antipruritic,66126-233-93,92.37,Chewable Tablet,"1.0 mg Chewable Tablet, 14 Chewable Tablets per bottle. Typical dosing: as directed by physician.","fesemide is used in the treatment of conditions requiring dermatological therapy.

Mechanism of Action: fesemide works by enhancing physiological defense mechanisms.

Pharmacokinetics: Absorption is pH-dependent, optimized in acidic environment. Low protein binding (<30%). Metabolized via non-CYP450 pathways. Elimination rate depends on hepatic function.

Contraindications: Severe hepatic impairment; Pregnancy and lactation; Hypersensitivity to the active substance or any of the excipients; Severe renal impairment.

Common Adverse Effects: Diarrhea, Vomiting, Headache, Fatigue.",,681
209,Remethasone,Rocremethasone Phosphate IV,Roche,Dermatological,Antifungal,98962-615-15,108.34,Vaginal Cream,"2.0 mg Vaginal Cream, 60 g tube. Typical dosing: as directed by physician.","remethasone belongs to the class of antifungal agents within the dermatological category.

Mechanism of Action: remethasone works by counteracting pathological changes in tissue function.

Pharmacokinetics: Slowly absorbed after oral administration. Accumulates in adipose tissue due to lipophilic properties. Metabolized through multiple pathways with no single dominant route. Clearance is reduced in patients with renal impairment.

Contraindications: Severe renal impairment; Pregnancy and lactation; Hypersensitivity to the active substance or any of the excipients; Severe hepatic impairment.

Common Adverse Effects: Diarrhea, Fatigue, Pruritus, Headache, Nausea, Rash.",,545
210,Sutriptan,sutriptan,Sanofi,Central Nervous System,Antimigraine,11270-197-46,214.38,Nasal Spray,"150.0 mg/dose Nasal Spray, 10 mL bottle. Typical dosing: twice daily.","sutriptan is indicated for the management of chronic pain conditions through its action on central pain pathways.

Mechanism of Action: sutriptan works by inhibiting the reuptake of serotonin and norepinephrine in the CNS.

Pharmacokinetics: Subject to significant first-pass metabolism resulting in reduced bioavailability. Does not significantly penetrate the blood-brain barrier. Metabolized through multiple pathways with no single dominant route. Excreted in urine as metabolites.

Contraindications: Hypersensitivity to the active substance or any of the excipients; Suicidal ideation; Severe renal impairment; Seizure disorders.

Common Adverse Effects: Headache, Nausea, Memory impairment, Confusion, Fatigue.","CFTR,UGT1A1",345
211,Titate,titate Sulfate,Eli Lilly,Gastrointestinal,Prokinetic,84286-910-12,240.01,Transdermal Patch,"150 mg/24h Transdermal Patch, 10 patches per box. Typical dosing: three times daily.","titate is indicated for the treatment of various gastrointestinal motility disorders and functional gastrointestinal syndromes.

Mechanism of Action: titate works by stimulating gastrointestinal motility through acetylcholine-like effects.

Pharmacokinetics: Absorption is pH-dependent, optimized in acidic environment. Crosses the blood-brain barrier. Metabolized via non-CYP450 pathways. Prolonged half-life allowing once-daily dosing.

Contraindications: Active gastrointestinal bleeding; Gastrointestinal obstruction; Inflammatory bowel disease in acute phase; Pregnancy and lactation.

Common Adverse Effects: Rash, Flatulence, Increased appetite, Dry mouth, Headache, Constipation.",TPMT,770
212,Tesemide,tesemide Sodium,Gilead Sciences,Ophthalmological,Lubricant,42959-259-91,88.64,Enteric-Coated Tablet,"25 mg Enteric-Coated Tablet, 50 Enteric-Coated Tablets per bottle. Typical dosing: three times daily.","tesemide is a lubricant medication classified under ophthalmological drugs.

Mechanism of Action: tesemide works by modulating biochemical pathways involved in the disease process.

Pharmacokinetics: Rapidly absorbed from the gastrointestinal tract. Moderately protein-bound (approximately 60-80%). Metabolized to active metabolites that contribute to the therapeutic effect. Elimination rate depends on hepatic function.

Contraindications: Severe hepatic impairment; Severe renal impairment; Pregnancy and lactation; Hypersensitivity to the active substance or any of the excipients.

Common Adverse Effects: Headache, Pruritus, Dizziness, Nausea, Fatigue, Rash.",,268
213,Mamethasone,Glemamethasone,Glenmark,Nutritional,Caloric Agent,34234-928-94,11.48,Lozenges,"5 mg Lozenges, 50 units per package. Typical dosing: twice daily.","mamethasone is used in the treatment of conditions requiring nutritional therapy.

Mechanism of Action: mamethasone works by modulating biochemical pathways involved in the disease process.

Pharmacokinetics: Bioavailability is approximately 60-80% after oral administration. Widely distributed throughout body tissues. Metabolized via non-CYP450 pathways. Excreted in urine as metabolites.

Contraindications: Severe hepatic impairment; Hypersensitivity to the active substance or any of the excipients; Severe renal impairment.

Common Adverse Effects: Fatigue, Vomiting, Pruritus, Nausea, Rash, Abdominal pain, Dizziness.",,463
214,Pedone,pedone Sodium,Pfizer,Central Nervous System,NSAID,39859-577-13,110.29,Injection,"300.0 mg Injection, 10 5 mL vials. Typical dosing: as needed for pain.","pedone is a nsaid that acts on the central nervous system to treat conditions such as depression, anxiety, or seizures.

Mechanism of Action: pedone works by enhancing GABAergic neurotransmission, producing anxiolytic and sedative effects.

Pharmacokinetics: Absorption is pH-dependent, optimized in acidic environment. Accumulates in adipose tissue due to lipophilic properties. Metabolized to active metabolites that contribute to the therapeutic effect. Excreted in urine as metabolites.

Contraindications: Concomitant use of monoamine oxidase inhibitors; Hypersensitivity to the active substance or any of the excipients; Severe hepatic impairment; Recent myocardial infarction; Pregnancy and lactation.

Common Adverse Effects: Pruritus, Abdominal pain, Depression, Fatigue, Memory impairment, Nausea.",VKORC1,604
215,Quzepine,quzepine,AstraZeneca,Respiratory,Mucolytic,10510-372-94,148.06,Sublingual Tablet,"2 mg Sublingual Tablet, 10 Sublingual Tablets per bottle. Typical dosing: every 4-6 hours as needed.","quzepine helps reduce inflammation and bronchospasm in the airways, improving breathing in patients with respiratory conditions.

Mechanism of Action: quzepine works by stimulating beta-2 adrenergic receptors in bronchial smooth muscle, causing bronchodilation.

Pharmacokinetics: Well absorbed through transdermal application. Low protein binding (<30%). Primarily metabolized by CYP2D6 with genetic polymorphisms affecting rate of metabolism. Clearance is reduced in patients with renal impairment.

Contraindications: Status asthmaticus; Severe hepatic impairment; Pregnancy and lactation.

Common Adverse Effects: Fatigue, Rhinitis, Cough, Dizziness, Pruritus, Dyspnea, Abdominal pain.",,484
216,Acgliptin,acgliptin,Dr. Reddy's,Antidiabetic,Meglitinide,95226-729-79,366.24,Ophthalmic Solution,"20.0 mg/mL Ophthalmic Solution, 150 mL bottle. Typical dosing: twice daily.","acgliptin improves insulin sensitivity and reduces hepatic glucose production, leading to better glycemic control.

Mechanism of Action: acgliptin works by inhibiting intestinal alpha-glucosidase enzymes, delaying carbohydrate absorption.

Pharmacokinetics: Well absorbed through transdermal application. Highly protein-bound (approximately 90-95%). Metabolized through multiple pathways with no single dominant route. Short half-life of 2-4 hours requiring multiple daily dosing.

Contraindications: Type 1 diabetes mellitus (for certain antidiabetic classes); Severe renal impairment; Diabetic ketoacidosis.

Common Adverse Effects: Rash, Urinary tract infections, Vomiting, Fatigue, Hypoglycemia, Nausea, Dizziness.","IFNL3,TPMT,VKORC1",611
217,Eszolam,Myleszolam,Mylan,Antiparasitic,Antihelminthic,84464-378-63,36.02,Dispersible Tablet,"100 mg Dispersible Tablet, 120 Dispersible Tablets per bottle. Typical dosing: three times daily.","eszolam is used in the treatment of conditions requiring antiparasitic therapy.

Mechanism of Action: eszolam works by modulating biochemical pathways involved in the disease process.

Pharmacokinetics: Slowly absorbed after oral administration. Low protein binding (<30%). Primarily metabolized by CYP2D6 with genetic polymorphisms affecting rate of metabolism. Terminal half-life of approximately 12-24 hours.

Contraindications: Hypersensitivity to the active substance or any of the excipients; Pregnancy and lactation; Severe hepatic impairment; Severe renal impairment.

Common Adverse Effects: Dizziness, Pruritus, Nausea, Headache, Fatigue, Rash.",,98
218,Rastatin,rastatin Potassium,Sanofi,Cardiovascular,Diuretic,21087-228-81,152.11,Ophthalmic Ointment,"150.0 mg/g Ophthalmic Ointment, 10 g tube. Typical dosing: twice daily.","rastatin is indicated for the treatment of hypertension, either alone or in combination with other antihypertensive agents.

Mechanism of Action: rastatin works by promoting sodium and water excretion by inhibiting sodium reabsorption in the distal tubule.

Pharmacokinetics: Absorption is reduced when taken with food. Accumulates in adipose tissue due to lipophilic properties. Metabolism shows significant inter-individual variability. Excreted in urine as metabolites.

Contraindications: Severe bradycardia; Second or third-degree heart block; Pregnancy and lactation; Severe renal impairment.

Common Adverse Effects: Rash, Abdominal pain, Dizziness, Flushing.",,662
219,Motide,motide,Alembic Pharmaceuticals,Antidiabetic,Biguanide,39504-201-65,156.32,Effervescent Tablet,"1.0 mg Effervescent Tablet, 28 Effervescent Tablets per bottle. Typical dosing: twice daily.","motide is a biguanide medication that helps control blood sugar levels in patients with type 2 diabetes mellitus.

Mechanism of Action: motide works by stimulating insulin release from pancreatic beta cells.

Pharmacokinetics: Absorption is pH-dependent, optimized in acidic environment. Highly protein-bound (approximately 90-95%). Metabolized via non-CYP450 pathways. Elimination rate depends on hepatic function.

Contraindications: Type 1 diabetes mellitus (for certain antidiabetic classes); Severe renal impairment; Diabetic ketoacidosis; Pregnancy and lactation; Severe hepatic impairment.

Common Adverse Effects: Headache, Lactic acidosis, Weight gain, Nausea, Diarrhea, Peripheral edema.",,687
220,Lolukast,AL-lolukast SR,Alkem Laboratories,Respiratory,Expectorant,49402-670-64,42.61,Inhalation Solution,"25 mcg/mL Inhalation Solution, 30 mL bottle. Typical dosing: twice daily.","lolukast helps reduce inflammation and bronchospasm in the airways, improving breathing in patients with respiratory conditions.

Mechanism of Action: lolukast works by stimulating beta-2 adrenergic receptors in bronchial smooth muscle, causing bronchodilation.

Pharmacokinetics: Absorption is enhanced when taken with food. Distribution limited primarily to the vascular compartment. Metabolized to active metabolites that contribute to the therapeutic effect. Elimination rate depends on hepatic function.

Contraindications: Pregnancy and lactation; Severe renal impairment; Known hypersensitivity to adrenergic compounds; Status asthmaticus.

Common Adverse Effects: Dizziness, Diarrhea, Headache, Increased sputum production, Pruritus, Abdominal pain.",,446
221,Fiphylline,Abbfiphylline,AbbVie,Ophthalmological,Lubricant,83283-460-54,54.45,Vaginal Cream,"500 mg Vaginal Cream, 100 g tube. Typical dosing: once daily.","fiphylline is used in the treatment of conditions requiring ophthalmological therapy.

Mechanism of Action: fiphylline works by counteracting pathological changes in tissue function.

Pharmacokinetics: Absorption is enhanced when taken with food. Low protein binding (<30%). Primarily metabolized by CYP2D6 with genetic polymorphisms affecting rate of metabolism. Prolonged half-life allowing once-daily dosing.

Contraindications: Severe hepatic impairment; Pregnancy and lactation; Hypersensitivity to the active substance or any of the excipients; Severe renal impairment.

Common Adverse Effects: Nausea, Fatigue, Headache, Abdominal pain.",,371
222,Leciclovir,leciclovir,Merck,Otological,Cerumenolytic,79538-228-71,66.45,Topical Ointment,"200 mg/g Topical Ointment, 45 g tube. Typical dosing: once daily.","leciclovir belongs to the class of cerumenolytic agents within the otological category.

Mechanism of Action: leciclovir works by inhibiting key enzymes in pathological processes.

Pharmacokinetics: Subject to significant first-pass metabolism resulting in reduced bioavailability. Accumulates in adipose tissue due to lipophilic properties. Metabolized via non-CYP450 pathways. Short half-life of 2-4 hours requiring multiple daily dosing.

Contraindications: Hypersensitivity to the active substance or any of the excipients; Severe hepatic impairment; Pregnancy and lactation; Severe renal impairment.

Common Adverse Effects: Abdominal pain, Nausea, Pruritus, Headache.",,647
223,Lalukast,lalukast XR,Lupin,Respiratory,Decongestant,17279-998-93,144.69,Vaginal Cream,"200 mg Vaginal Cream, 50 g tube. Typical dosing: twice daily.","lalukast is used for symptomatic relief of respiratory tract disorders characterized by congestion and inflammation.

Mechanism of Action: lalukast works by blocking leukotriene receptors, reducing bronchial inflammation and constriction.

Pharmacokinetics: Bioavailability is approximately 60-80% after oral administration. Widely distributed throughout body tissues. Primarily metabolized by CYP2D6 with genetic polymorphisms affecting rate of metabolism. Elimination rate depends on hepatic function.

Contraindications: Severe hepatic impairment; Untreated fungal infections of the respiratory tract; Hypersensitivity to the active substance or any of the excipients; Known hypersensitivity to adrenergic compounds; Severe renal impairment.

Common Adverse Effects: Increased sputum production, Pharyngitis, Pruritus, Bronchospasm, Rash.",,646
224,Lotropin,Alllotropin XR,Allergan,Hormonal,Antithyroid,97629-416-42,157.59,Otic Solution,"2.5 % Otic Solution, 60 mL bottle. Typical dosing: three times daily.","lotropin is used in the treatment of conditions requiring hormonal therapy.

Mechanism of Action: lotropin works by counteracting pathological changes in tissue function.

Pharmacokinetics: Absorption is pH-dependent, optimized in acidic environment. Highly protein-bound (approximately 90-95%). Subject to minimal metabolism, with most of the drug excreted unchanged. Terminal half-life of approximately 12-24 hours.

Contraindications: Hypersensitivity to the active substance or any of the excipients; Severe renal impairment; Pregnancy and lactation.

Common Adverse Effects: Dizziness, Pruritus, Rash, Vomiting, Diarrhea.",,602
225,Zoplatin,zoplatin Calcium Forte,Roche,Anticancer,Cytotoxic Antibiotic,77166-787-86,2358.84,Ophthalmic Ointment,"0.05 % Ophthalmic Ointment, 60 g tube. Typical dosing: once daily.","zoplatin belongs to the class of cytotoxic antibiotic agents within the anticancer category.

Mechanism of Action: zoplatin works by inhibiting key enzymes in pathological processes.

Pharmacokinetics: Absorption is reduced when taken with food. Does not significantly penetrate the blood-brain barrier. Extensively metabolized in the liver via CYP450 enzymes, primarily CYP3A4. Clearance is reduced in patients with renal impairment.

Contraindications: Pregnancy and lactation; Hypersensitivity to the active substance or any of the excipients; Severe renal impairment; Severe hepatic impairment.

Common Adverse Effects: Fatigue, Pruritus, Vomiting, Headache.",,212
226,Detuximab,detuximab HCT,Novo Nordisk,Antiviral,Fusion Inhibitor,25492-950-85,201.77,Vaginal Tablet,"100 mg Vaginal Tablet, 14 Vaginal Tablets per bottle. Typical dosing: as directed by physician.","detuximab is used in the treatment of conditions requiring antiviral therapy.

Mechanism of Action: detuximab works by inhibiting key enzymes in pathological processes.

Pharmacokinetics: Rapidly absorbed from the gastrointestinal tract. Accumulates in adipose tissue due to lipophilic properties. Undergoes conjugation reactions in the liver. Prolonged half-life allowing once-daily dosing.

Contraindications: Hypersensitivity to the active substance or any of the excipients; Pregnancy and lactation; Severe hepatic impairment; Severe renal impairment.

Common Adverse Effects: Diarrhea, Nausea, Fatigue, Vomiting.","CYP2C19,CYP2D6",247
227,Abantine,abantine Sulfate,Roche,Nutritional,Vitamin,33001-155-53,65.42,Extended-Release Capsule,"100 mg Extended-Release Capsule, 90 Extended-Release Capsules per bottle. Typical dosing: three times daily.","abantine belongs to the class of vitamin agents within the nutritional category.

Mechanism of Action: abantine works by binding to specific receptors in target tissues.

Pharmacokinetics: Absorption is pH-dependent, optimized in acidic environment. Does not significantly penetrate the blood-brain barrier. Undergoes conjugation reactions in the liver. Terminal half-life of approximately 12-24 hours.

Contraindications: Severe renal impairment; Hypersensitivity to the active substance or any of the excipients; Pregnancy and lactation; Severe hepatic impairment.

Common Adverse Effects: Abdominal pain, Rash, Dizziness, Pruritus, Vomiting, Diarrhea.",,394
228,Pegliptin,pegliptin Calcium,Amgen,Antidiabetic,DPP-4 Inhibitor,96365-252-90,342.65,Ophthalmic Ointment,"0.025 % Ophthalmic Ointment, 100 g tube. Typical dosing: with meals.","pegliptin is a dpp-4 inhibitor medication that helps control blood sugar levels in patients with type 2 diabetes mellitus.

Mechanism of Action: pegliptin works by enhancing incretin effect by inhibiting dipeptidyl peptidase-4 (DPP-4).

Pharmacokinetics: Absorption is reduced when taken with food. Widely distributed throughout body tissues. Metabolized to active metabolites that contribute to the therapeutic effect. Clearance is reduced in patients with renal impairment.

Contraindications: Severe hepatic impairment; Acute or chronic metabolic acidosis; Pregnancy and lactation; Severe renal impairment (GFR < 30 mL/min); Severe renal impairment.

Common Adverse Effects: Fatigue, Pruritus, Rash, Diarrhea, Headache, Vomiting.","VKORC1,IFNL3",514
229,Suglitazone,suglitazone,Pfizer,Antidiabetic,GLP-1 Receptor Agonist,25669-484-57,285.77,Drops,"15.0 mg Drops, 100 units per package. Typical dosing: twice daily.","suglitazone is indicated as an adjunct to diet and exercise to improve glycemic control in adults with type 2 diabetes.

Mechanism of Action: suglitazone works by enhancing incretin effect by inhibiting dipeptidyl peptidase-4 (DPP-4).

Pharmacokinetics: Absorption is reduced when taken with food. Accumulates in adipose tissue due to lipophilic properties. Undergoes conjugation reactions in the liver. Eliminated primarily via renal excretion of unchanged drug.

Contraindications: Hypersensitivity to the active substance or any of the excipients; Severe renal impairment; Severe renal impairment (GFR < 30 mL/min); Diabetic ketoacidosis; Type 1 diabetes mellitus (for certain antidiabetic classes).

Common Adverse Effects: Peripheral edema, Headache, Rash, Abdominal pain, Urinary tract infections, Genital mycotic infections.",,708
230,Beparib,beparib,AbbVie,Ophthalmological,Lubricant,47187-841-66,111.25,Nasal Spray,"5.0 % Nasal Spray, 30 mL bottle. Typical dosing: three times daily.","beparib belongs to the class of lubricant agents within the ophthalmological category.

Mechanism of Action: beparib works by counteracting pathological changes in tissue function.

Pharmacokinetics: Bioavailability is approximately 60-80% after oral administration. Crosses the blood-brain barrier. Undergoes conjugation reactions in the liver. Eliminated through both renal and biliary routes.

Contraindications: Severe hepatic impairment; Severe renal impairment; Hypersensitivity to the active substance or any of the excipients; Pregnancy and lactation.

Common Adverse Effects: Pruritus, Diarrhea, Dizziness, Nausea.",,627
231,Ciphylline,ciphylline,Roche,Antiparasitic,Antiprotozoal,84526-869-24,26.46,Tablet,"20 mg Tablet, 120 Tablets per bottle. Typical dosing: once daily.","ciphylline is indicated for therapeutic applications related to antiparasitic conditions.

Mechanism of Action: ciphylline works by modulating biochemical pathways involved in the disease process.

Pharmacokinetics: Slowly absorbed after oral administration. Distribution limited primarily to the vascular compartment. Extensively metabolized in the liver via CYP450 enzymes, primarily CYP3A4. Prolonged half-life allowing once-daily dosing.

Contraindications: Severe hepatic impairment; Pregnancy and lactation; Severe renal impairment; Hypersensitivity to the active substance or any of the excipients.

Common Adverse Effects: Pruritus, Headache, Nausea, Vomiting.","CFTR,MTHFR,CYP2E1",526
232,Inpramine,inpramine HBr,Pfizer,Central Nervous System,Benzodiazepine,25418-469-91,223.79,Lozenges,"20.0 mg Lozenges, 30 units per package. Typical dosing: at bedtime.","inpramine is used in the treatment of neurological and psychiatric disorders by modulating neurotransmitter activity.

Mechanism of Action: inpramine works by inhibiting the reuptake of serotonin and norepinephrine in the CNS.

Pharmacokinetics: Absorption is pH-dependent, optimized in acidic environment. Highly protein-bound (approximately 90-95%). Metabolism shows significant inter-individual variability. Short half-life of 2-4 hours requiring multiple daily dosing.

Contraindications: Hypersensitivity to the active substance or any of the excipients; Severe hepatic impairment; Concomitant use of monoamine oxidase inhibitors.

Common Adverse Effects: Diarrhea, Tremor, Pruritus, Somnolence, Insomnia.",,443
233,Nafenac,SP-nafenac,Sun Pharmaceutical,Antidiabetic,DPP-4 Inhibitor,50395-611-66,260.43,Oral Suspension,"200 mcg/mL Oral Suspension, 15 mL bottle. Typical dosing: twice daily.","nafenac is indicated as an adjunct to diet and exercise to improve glycemic control in adults with type 2 diabetes.

Mechanism of Action: nafenac works by enhancing incretin effect by inhibiting dipeptidyl peptidase-4 (DPP-4).

Pharmacokinetics: Well absorbed through transdermal application. Highly protein-bound (approximately 90-95%). Metabolized to active metabolites that contribute to the therapeutic effect. Eliminated through both renal and biliary routes.

Contraindications: Pregnancy and lactation; Severe hepatic impairment; Diabetic ketoacidosis.

Common Adverse Effects: Diarrhea, Hypoglycemia, Peripheral edema, Pruritus, Lactic acidosis, Vomiting, Nausea.",,604
234,Genavir,genavir Plus,Sun Pharmaceutical,Musculoskeletal,Muscle Relaxant,64638-646-60,110.14,Enteric-Coated Tablet,"10 mg Enteric-Coated Tablet, 10 Enteric-Coated Tablets per bottle. Typical dosing: twice daily.","genavir is used in the treatment of conditions requiring musculoskeletal therapy.

Mechanism of Action: genavir works by enhancing physiological defense mechanisms.

Pharmacokinetics: Absorption is enhanced when taken with food. Highly protein-bound (approximately 90-95%). Metabolism shows significant inter-individual variability. Terminal half-life of approximately 12-24 hours.

Contraindications: Severe renal impairment; Severe hepatic impairment; Pregnancy and lactation.

Common Adverse Effects: Dizziness, Pruritus, Fatigue, Vomiting.","ABCG2,CYP2D6,OPRM1",607
235,Cifibrate,cifibrate,Bayer,Antiviral,Fusion Inhibitor,70556-985-29,530.64,Lozenges,"200 mg Lozenges, 50 units per package. Typical dosing: once daily.","cifibrate is used in the treatment of conditions requiring antiviral therapy.

Mechanism of Action: cifibrate works by binding to specific receptors in target tissues.

Pharmacokinetics: Absorption is reduced when taken with food. Accumulates in adipose tissue due to lipophilic properties. Metabolized through multiple pathways with no single dominant route. Terminal half-life of approximately 12-24 hours.

Contraindications: Hypersensitivity to the active substance or any of the excipients; Severe hepatic impairment; Pregnancy and lactation.

Common Adverse Effects: Diarrhea, Abdominal pain, Dizziness, Vomiting, Nausea, Fatigue.",OPRM1,319
236,Broterol,TP-broterol,Teva Pharmaceutical,Respiratory,Antihistamine,35556-196-24,186.54,Injection,"100 mcg/mL Injection, 25 20 mL vials. Typical dosing: every 4-6 hours as needed.","broterol is indicated for maintenance treatment of bronchospasm associated with respiratory disorders.

Mechanism of Action: broterol works by inhibiting phosphodiesterase enzymes, resulting in bronchodilation and anti-inflammatory effects.

Pharmacokinetics: Well absorbed through transdermal application. Crosses the blood-brain barrier. Subject to minimal metabolism, with most of the drug excreted unchanged. Eliminated through both renal and biliary routes.

Contraindications: Status asthmaticus; Known hypersensitivity to adrenergic compounds; Hypersensitivity to the active substance or any of the excipients; Pregnancy and lactation.

Common Adverse Effects: Nausea, Vomiting, Headache, Bronchospasm, Dyspnea, Abdominal pain.",CYP2D6,395
237,Cesemide,cesemide,Genentech,Cardiovascular,Calcium Channel Blocker,27224-967-33,118.58,Topical Ointment,"100.0 mg/g Topical Ointment, 30 g tube. Typical dosing: three times daily.","cesemide belongs to the class of calcium channel blocker medications and is used to treat various cardiovascular disorders including coronary artery disease.

Mechanism of Action: cesemide works by reducing the activity of the renin-angiotensin-aldosterone system.

Pharmacokinetics: Subject to significant first-pass metabolism resulting in reduced bioavailability. Highly protein-bound (approximately 90-95%). Subject to minimal metabolism, with most of the drug excreted unchanged. Eliminated primarily via renal excretion of unchanged drug.

Contraindications: Pregnancy and lactation; Bilateral renal artery stenosis; Acute heart failure.

Common Adverse Effects: Chest pain, Palpitations, Edema, Vomiting, Bradycardia, Dizziness.","ABCB1,UGT1A1,CYP2E1",411
238,Flusal,flusal Sodium CR,Teva Pharmaceutical,Gastrointestinal,Laxative,97431-810-64,29.63,Chewable Tablet,"300 mg Chewable Tablet, 100 Chewable Tablets per bottle. Typical dosing: as directed by physician.","flusal provides relief from symptoms associated with gastroesophageal reflux disease (GERD) and peptic ulcer disease.

Mechanism of Action: flusal works by antagonizing histamine H2 receptors in gastric parietal cells, reducing acid secretion.

Pharmacokinetics: Absorption is pH-dependent, optimized in acidic environment. Accumulates in adipose tissue due to lipophilic properties. Primarily metabolized by CYP2D6 with genetic polymorphisms affecting rate of metabolism. Short half-life of 2-4 hours requiring multiple daily dosing.

Contraindications: Inflammatory bowel disease in acute phase; Severe hepatic impairment; Gastrointestinal perforation; Active gastrointestinal bleeding.

Common Adverse Effects: Diarrhea, Rash, Abdominal pain, Headache, Constipation, Dry mouth.","BCHE,G6PD,DPYD",326
239,Glivastatin,Astglivastatin Sodium,AstraZeneca,Musculoskeletal,Antirheumatic,26301-913-17,96.81,Otic Solution,"50.0 mg/mL Otic Solution, 15 mL bottle. Typical dosing: three times daily.","glivastatin is indicated for therapeutic applications related to musculoskeletal conditions.

Mechanism of Action: glivastatin works by counteracting pathological changes in tissue function.

Pharmacokinetics: Slowly absorbed after oral administration. Accumulates in adipose tissue due to lipophilic properties. Metabolism shows significant inter-individual variability. Terminal half-life of approximately 12-24 hours.

Contraindications: Pregnancy and lactation; Severe hepatic impairment; Hypersensitivity to the active substance or any of the excipients.

Common Adverse Effects: Rash, Dizziness, Vomiting, Fatigue, Abdominal pain, Nausea.",HLA-B*1502,426
240,Citaxel,citaxel,Piramal Healthcare,Anticancer,Hormone Therapy,27232-433-82,1319.87,Oral Solution,"50.0 mg/mL Oral Solution, 240 mL bottle. Typical dosing: twice daily.","citaxel belongs to the class of hormone therapy agents within the anticancer category.

Mechanism of Action: citaxel works by enhancing physiological defense mechanisms.

Pharmacokinetics: Rapidly absorbed from the gastrointestinal tract. Accumulates in adipose tissue due to lipophilic properties. Metabolized through multiple pathways with no single dominant route. Excreted in urine as metabolites.

Contraindications: Severe hepatic impairment; Severe renal impairment; Pregnancy and lactation; Hypersensitivity to the active substance or any of the excipients.

Common Adverse Effects: Diarrhea, Rash, Nausea, Fatigue.",,505
241,Ciglinide,ciglinide,Johnson & Johnson,Antidiabetic,Alpha-Glucosidase Inhibitor,26235-679-69,159.74,Lozenges,"1.0 mg Lozenges, 20 units per package. Typical dosing: twice daily.","ciglinide improves insulin sensitivity and reduces hepatic glucose production, leading to better glycemic control.

Mechanism of Action: ciglinide works by enhancing incretin effect by inhibiting dipeptidyl peptidase-4 (DPP-4).

Pharmacokinetics: Well absorbed through transdermal application. Moderately protein-bound (approximately 60-80%). Metabolism shows significant inter-individual variability. Prolonged half-life allowing once-daily dosing.

Contraindications: Severe hepatic impairment; Severe renal impairment (GFR < 30 mL/min); Diabetic ketoacidosis; Pregnancy and lactation.

Common Adverse Effects: Pruritus, Peripheral edema, Hypoglycemia, Urinary tract infections, Headache, Rash, Vomiting.",CYP1A2,744
242,Mimustine,mimustine CR,Cipla,Ophthalmological,Mydriatic,99946-648-69,79.28,Lozenges,"5 mg Lozenges, 20 units per package. Typical dosing: as directed by physician.","mimustine is used in the treatment of conditions requiring ophthalmological therapy.

Mechanism of Action: mimustine works by binding to specific receptors in target tissues.

Pharmacokinetics: Subject to significant first-pass metabolism resulting in reduced bioavailability. Low protein binding (<30%). Subject to minimal metabolism, with most of the drug excreted unchanged. Terminal half-life of approximately 12-24 hours.

Contraindications: Pregnancy and lactation; Hypersensitivity to the active substance or any of the excipients; Severe renal impairment; Severe hepatic impairment.

Common Adverse Effects: Abdominal pain, Diarrhea, Rash, Vomiting, Fatigue.",,486
243,Laprazole,laprazole,Abbott Laboratories,Dermatological,Antiseptic,44131-566-81,262.12,Transdermal Patch,"10 mcg/h Transdermal Patch, 14 patches per box. Typical dosing: once daily.","laprazole is used in the treatment of conditions requiring dermatological therapy.

Mechanism of Action: laprazole works by modulating biochemical pathways involved in the disease process.

Pharmacokinetics: Absorption is reduced when taken with food. Low protein binding (<30%). Undergoes conjugation reactions in the liver. Prolonged half-life allowing once-daily dosing.

Contraindications: Hypersensitivity to the active substance or any of the excipients; Severe hepatic impairment; Pregnancy and lactation.

Common Adverse Effects: Dizziness, Pruritus, Fatigue, Diarrhea, Rash, Abdominal pain, Headache.",,598
244,Enmicin,enmicin,Sanofi,Musculoskeletal,Antigout,14654-230-74,67.06,Nasal Spray,"5 mg/dose Nasal Spray, 10 mL bottle. Typical dosing: once daily.","enmicin is a antigout medication classified under musculoskeletal drugs.

Mechanism of Action: enmicin works by binding to specific receptors in target tissues.

Pharmacokinetics: Absorption is pH-dependent, optimized in acidic environment. Highly protein-bound (approximately 90-95%). Metabolized through multiple pathways with no single dominant route. Short half-life of 2-4 hours requiring multiple daily dosing.

Contraindications: Severe hepatic impairment; Hypersensitivity to the active substance or any of the excipients; Severe renal impairment.

Common Adverse Effects: Dizziness, Pruritus, Vomiting, Nausea, Headache, Rash.",,561
245,Hedone,hedone Citrate,Strides Pharma,Central Nervous System,Opioid,96666-986-97,224.52,Buccal Tablet,"10.0 mg Buccal Tablet, 30 Buccal Tablets per bottle. Typical dosing: twice daily.","hedone helps restore the balance of certain natural substances in the brain, improving mood, thoughts, and behavior.

Mechanism of Action: hedone works by inhibiting the reuptake of serotonin and norepinephrine in the CNS.

Pharmacokinetics: Absorption is reduced when taken with food. Moderately protein-bound (approximately 60-80%). Undergoes conjugation reactions in the liver. Excreted in urine as metabolites.

Contraindications: Severe renal impairment; Concomitant use of monoamine oxidase inhibitors; Pregnancy and lactation.

Common Adverse Effects: Confusion, Somnolence, Headache, Paresthesia.",,706
246,Fluzepine,fluzepine Phosphate,Regeneron,Ophthalmological,Antiglaucoma,91170-471-36,78.18,Ophthalmic Solution,"0.5 % Ophthalmic Solution, 10 mL bottle. Typical dosing: as directed by physician.","fluzepine is indicated for therapeutic applications related to ophthalmological conditions.

Mechanism of Action: fluzepine works by inhibiting key enzymes in pathological processes.

Pharmacokinetics: Slowly absorbed after oral administration. Moderately protein-bound (approximately 60-80%). Metabolized to active metabolites that contribute to the therapeutic effect. Eliminated through both renal and biliary routes.

Contraindications: Pregnancy and lactation; Severe renal impairment; Severe hepatic impairment.

Common Adverse Effects: Dizziness, Pruritus, Abdominal pain, Headache, Nausea, Diarrhea, Vomiting.",,604
247,Femycin,femycin Forte,Piramal Healthcare,Antiviral,CCR5 Antagonist,64330-969-66,784.37,Oral Suspension,"5.0 % Oral Suspension, 60 mL bottle. Typical dosing: once daily.","femycin is used in the treatment of conditions requiring antiviral therapy.

Mechanism of Action: femycin works by enhancing physiological defense mechanisms.

Pharmacokinetics: Bioavailability is approximately 60-80% after oral administration. Accumulates in adipose tissue due to lipophilic properties. Primarily metabolized by CYP2D6 with genetic polymorphisms affecting rate of metabolism. Clearance is reduced in patients with renal impairment.

Contraindications: Pregnancy and lactation; Severe renal impairment; Severe hepatic impairment; Hypersensitivity to the active substance or any of the excipients.

Common Adverse Effects: Rash, Diarrhea, Fatigue, Headache.",,386
248,Nemethasone,nemethasone Oral,Novo Nordisk,Antiviral,Fusion Inhibitor,12658-913-54,884.85,Orally Disintegrating Tablet,"50 mg Orally Disintegrating Tablet, 28 Orally Disintegrating Tablets per bottle. Typical dosing: once daily.","nemethasone belongs to the class of fusion inhibitor agents within the antiviral category.

Mechanism of Action: nemethasone works by modulating biochemical pathways involved in the disease process.

Pharmacokinetics: Absorption is reduced when taken with food. Crosses the blood-brain barrier. Subject to minimal metabolism, with most of the drug excreted unchanged. Short half-life of 2-4 hours requiring multiple daily dosing.

Contraindications: Severe renal impairment; Hypersensitivity to the active substance or any of the excipients; Pregnancy and lactation; Severe hepatic impairment.

Common Adverse Effects: Nausea, Abdominal pain, Diarrhea, Pruritus, Dizziness, Fatigue, Rash.",,182
249,Loconazole,loconazole HBr,Torrent Pharmaceuticals,Antiviral,Protease Inhibitor,10054-531-50,146.65,Syrup,"20.0 mg/mL Syrup, 15 mL bottle. Typical dosing: as directed by physician.","loconazole is used in the treatment of conditions requiring antiviral therapy.

Mechanism of Action: loconazole works by modulating biochemical pathways involved in the disease process.

Pharmacokinetics: Absorption is reduced when taken with food. Crosses the blood-brain barrier. Metabolized to active metabolites that contribute to the therapeutic effect. Short half-life of 2-4 hours requiring multiple daily dosing.

Contraindications: Hypersensitivity to the active substance or any of the excipients; Severe renal impairment; Pregnancy and lactation.

Common Adverse Effects: Vomiting, Dizziness, Diarrhea, Headache, Pruritus.",,529
250,Lagliptin,SP-lagliptin,Strides Pharma,Ophthalmological,Lubricant,94157-943-17,31.39,Powder for Reconstitution,"50 mg Powder for Reconstitution, 20 units per package. Typical dosing: twice daily.","lagliptin is a lubricant medication classified under ophthalmological drugs.

Mechanism of Action: lagliptin works by modulating biochemical pathways involved in the disease process.

Pharmacokinetics: Subject to significant first-pass metabolism resulting in reduced bioavailability. Accumulates in adipose tissue due to lipophilic properties. Metabolism shows significant inter-individual variability. Eliminated primarily via renal excretion of unchanged drug.

Contraindications: Severe renal impairment; Severe hepatic impairment; Pregnancy and lactation; Hypersensitivity to the active substance or any of the excipients.

Common Adverse Effects: Abdominal pain, Fatigue, Vomiting, Nausea, Rash, Dizziness.",,443
251,Acparib,MP-acparib Maleate,Mankind Pharma,Anticancer,Cytotoxic Antibiotic,12946-462-96,216.45,Chewable Tablet,"10 mg Chewable Tablet, 120 Chewable Tablets per bottle. Typical dosing: as directed by physician.","acparib is indicated for therapeutic applications related to anticancer conditions.

Mechanism of Action: acparib works by binding to specific receptors in target tissues.

Pharmacokinetics: Absorption is enhanced when taken with food. Accumulates in adipose tissue due to lipophilic properties. Metabolism shows significant inter-individual variability. Clearance is reduced in patients with renal impairment.

Contraindications: Severe hepatic impairment; Pregnancy and lactation; Hypersensitivity to the active substance or any of the excipients; Severe renal impairment.

Common Adverse Effects: Vomiting, Rash, Abdominal pain, Pruritus, Dizziness.",,348
252,Novir,novir Forte,Novo Nordisk,Cardiovascular,Antianginal,29685-600-40,43.55,Vaginal Cream,"200.0 mg Vaginal Cream, 30 g tube. Typical dosing: twice daily.","novir is primarily used to reduce the risk of cardiovascular events in patients with established cardiovascular disease or multiple risk factors.

Mechanism of Action: novir works by inhibiting angiotensin-converting enzyme (ACE), which reduces the production of angiotensin II.

Pharmacokinetics: Slowly absorbed after oral administration. Does not significantly penetrate the blood-brain barrier. Extensively metabolized in the liver via CYP450 enzymes, primarily CYP3A4. Prolonged half-life allowing once-daily dosing.

Contraindications: Second or third-degree heart block; Severe hepatic impairment; Acute heart failure; Cardiogenic shock; Bilateral renal artery stenosis.

Common Adverse Effects: Pruritus, Fatigue, Bradycardia, Nausea, Palpitations.",,720
253,Peplatin,peplatin Citrate Plus,Biocon,Anticancer,Targeted Therapy,96714-613-95,1045.12,Rectal Suppository,"10 mg Rectal Suppository, 50 units per package. Typical dosing: as directed by physician.","peplatin belongs to the class of targeted therapy agents within the anticancer category.

Mechanism of Action: peplatin works by inhibiting key enzymes in pathological processes.

Pharmacokinetics: Rapidly absorbed from the gastrointestinal tract. Accumulates in adipose tissue due to lipophilic properties. Subject to minimal metabolism, with most of the drug excreted unchanged. Eliminated through both renal and biliary routes.

Contraindications: Pregnancy and lactation; Hypersensitivity to the active substance or any of the excipients; Severe renal impairment.

Common Adverse Effects: Nausea, Fatigue, Vomiting, Pruritus, Diarrhea.","HLA-B*5701,CYP1A2",376
254,Remustine,remustine Maleate,Teva Pharmaceutical,Immunological,Monoclonal Antibody,63404-841-41,349.79,Vaginal Cream,"10 mg Vaginal Cream, 30 g tube. Typical dosing: once daily.","remustine belongs to the class of monoclonal antibody agents within the immunological category.

Mechanism of Action: remustine works by enhancing physiological defense mechanisms.

Pharmacokinetics: Bioavailability is approximately 60-80% after oral administration. Accumulates in adipose tissue due to lipophilic properties. Metabolism shows significant inter-individual variability. Terminal half-life of approximately 12-24 hours.

Contraindications: Severe hepatic impairment; Pregnancy and lactation; Severe renal impairment; Hypersensitivity to the active substance or any of the excipients.

Common Adverse Effects: Abdominal pain, Headache, Pruritus, Fatigue, Dizziness, Vomiting, Rash.",,269
255,Feconazole,feconazole SR,Glenmark,Antiparasitic,Antihelminthic,62729-925-47,60.52,Oral Suspension,"1.0 % Oral Suspension, 120 mL bottle. Typical dosing: three times daily.","feconazole is used in the treatment of conditions requiring antiparasitic therapy.

Mechanism of Action: feconazole works by enhancing physiological defense mechanisms.

Pharmacokinetics: Absorption is reduced when taken with food. Accumulates in adipose tissue due to lipophilic properties. Metabolized to active metabolites that contribute to the therapeutic effect. Prolonged half-life allowing once-daily dosing.

Contraindications: Severe hepatic impairment; Pregnancy and lactation; Hypersensitivity to the active substance or any of the excipients; Severe renal impairment.

Common Adverse Effects: Rash, Fatigue, Pruritus, Nausea, Dizziness, Vomiting, Diarrhea.",,551
256,Rasetron,Biorasetron Oral,Biocon,Antiviral,CCR5 Antagonist,21153-644-32,393.09,Topical Cream,"5.0 % Topical Cream, 5 g tube. Typical dosing: as directed by physician.","rasetron is used in the treatment of conditions requiring antiviral therapy.

Mechanism of Action: rasetron works by binding to specific receptors in target tissues.

Pharmacokinetics: Subject to significant first-pass metabolism resulting in reduced bioavailability. Crosses the blood-brain barrier. Metabolized to active metabolites that contribute to the therapeutic effect. Short half-life of 2-4 hours requiring multiple daily dosing.

Contraindications: Severe renal impairment; Pregnancy and lactation; Severe hepatic impairment.

Common Adverse Effects: Abdominal pain, Nausea, Pruritus, Vomiting, Headache, Diarrhea.","CYP2C9,CYP2D6",213
257,Flugliptin,Gleflugliptin,Glenmark,Antidiabetic,Sulfonylurea,88117-773-32,145.08,Tablet,"1.0 g Tablet, 60 Tablets per bottle. Typical dosing: with meals.","flugliptin stimulates insulin secretion from pancreatic beta cells, helping to lower blood glucose levels in diabetic patients.

Mechanism of Action: flugliptin works by stimulating insulin release from pancreatic beta cells.

Pharmacokinetics: Absorption is reduced when taken with food. Moderately protein-bound (approximately 60-80%). Metabolized through multiple pathways with no single dominant route. Prolonged half-life allowing once-daily dosing.

Contraindications: Acute or chronic metabolic acidosis; Pregnancy and lactation; Hypersensitivity to the active substance or any of the excipients; Severe renal impairment; Severe hepatic impairment.

Common Adverse Effects: Peripheral edema, Fatigue, Weight gain, Vomiting, Rash.",,568
258,Cizosin,cizosin,Novartis,Ophthalmological,Lubricant,18164-378-91,94.19,Oral Solution,"2.0 mg/mL Oral Solution, 30 mL bottle. Typical dosing: three times daily.","cizosin is used in the treatment of conditions requiring ophthalmological therapy.

Mechanism of Action: cizosin works by counteracting pathological changes in tissue function.

Pharmacokinetics: Slowly absorbed after oral administration. Does not significantly penetrate the blood-brain barrier. Subject to minimal metabolism, with most of the drug excreted unchanged. Eliminated primarily via renal excretion of unchanged drug.

Contraindications: Pregnancy and lactation; Severe renal impairment; Severe hepatic impairment.

Common Adverse Effects: Abdominal pain, Nausea, Rash, Fatigue, Headache.",,422
259,Miprofen,miprofen,Roche,Immunological,Monoclonal Antibody,53951-273-54,829.21,Transdermal Patch,"500 mcg/h Transdermal Patch, 10 patches per box. Typical dosing: as directed by physician.","miprofen is a monoclonal antibody medication classified under immunological drugs.

Mechanism of Action: miprofen works by inhibiting key enzymes in pathological processes.

Pharmacokinetics: Slowly absorbed after oral administration. Does not significantly penetrate the blood-brain barrier. Undergoes conjugation reactions in the liver. Elimination rate depends on hepatic function.

Contraindications: Severe hepatic impairment; Pregnancy and lactation; Severe renal impairment; Hypersensitivity to the active substance or any of the excipients.

Common Adverse Effects: Rash, Fatigue, Abdominal pain, Pruritus.","HLA-B*1502,HLA-B*5701,CYP2E1",605
260,Quolol,quolol,Pfizer,Antibiotic,Glycopeptide,12627-726-43,77.83,Vaginal Suppository,"250 mg Vaginal Suppository, 100 units per package. Typical dosing: four times daily.","quolol is indicated for the treatment of infections caused by susceptible strains of designated microorganisms.

Mechanism of Action: quolol works by binding to the 30S ribosomal subunit, inhibiting bacterial protein synthesis.

Pharmacokinetics: Subject to significant first-pass metabolism resulting in reduced bioavailability. Accumulates in adipose tissue due to lipophilic properties. Metabolized via non-CYP450 pathways. Eliminated through both renal and biliary routes.

Contraindications: Severe hepatic impairment; Known bacterial resistance; Myasthenia gravis (for certain antibiotic classes).

Common Adverse Effects: Headache, Rash, Vomiting, Tooth discoloration.","HLA-B*1502,MTHFR",721
261,Citinib,citinib,Sun Pharmaceutical,Antiviral,Entry Inhibitor,43960-522-81,1632.47,Inhalation Powder,"200 mcg/dose Inhalation Powder, 60 doses per inhaler. Typical dosing: as directed by physician.","citinib is indicated for therapeutic applications related to antiviral conditions.

Mechanism of Action: citinib works by modulating biochemical pathways involved in the disease process.

Pharmacokinetics: Rapidly absorbed from the gastrointestinal tract. Widely distributed throughout body tissues. Subject to minimal metabolism, with most of the drug excreted unchanged. Eliminated primarily via renal excretion of unchanged drug.

Contraindications: Hypersensitivity to the active substance or any of the excipients; Pregnancy and lactation; Severe hepatic impairment; Severe renal impairment.

Common Adverse Effects: Diarrhea, Vomiting, Nausea, Pruritus.",,691
262,Clofibrate,Abbclofibrate Citrate,AbbVie,Musculoskeletal,Bisphosphonate,72315-954-19,173.52,Topical Ointment,"100 mg/g Topical Ointment, 15 g tube. Typical dosing: as directed by physician.","clofibrate is a bisphosphonate medication classified under musculoskeletal drugs.

Mechanism of Action: clofibrate works by modulating biochemical pathways involved in the disease process.

Pharmacokinetics: Subject to significant first-pass metabolism resulting in reduced bioavailability. Highly protein-bound (approximately 90-95%). Metabolized through multiple pathways with no single dominant route. Eliminated primarily via renal excretion of unchanged drug.

Contraindications: Hypersensitivity to the active substance or any of the excipients; Severe renal impairment; Pregnancy and lactation; Severe hepatic impairment.

Common Adverse Effects: Abdominal pain, Rash, Dizziness, Headache.",,439
263,Pegestin,DR-pegestin,Dr. Reddy's,Hormonal,Corticosteroid,61858-387-51,63.94,Chewable Tablet,"1.0 mg Chewable Tablet, 120 Chewable Tablets per bottle. Typical dosing: twice daily.","pegestin is a corticosteroid medication classified under hormonal drugs.

Mechanism of Action: pegestin works by enhancing physiological defense mechanisms.

Pharmacokinetics: Rapidly absorbed from the gastrointestinal tract. Does not significantly penetrate the blood-brain barrier. Primarily metabolized by CYP2D6 with genetic polymorphisms affecting rate of metabolism. Excreted in urine as metabolites.

Contraindications: Severe renal impairment; Hypersensitivity to the active substance or any of the excipients; Severe hepatic impairment; Pregnancy and lactation.

Common Adverse Effects: Dizziness, Nausea, Diarrhea, Headache.",,591
264,Leprazole,leprazole D,Vertex,Antiviral,Nucleoside Analog,50152-251-23,883.77,Film-Coated Tablet,"200 mg Film-Coated Tablet, 100 Film-Coated Tablets per bottle. Typical dosing: three times daily.","leprazole belongs to the class of nucleoside analog agents within the antiviral category.

Mechanism of Action: leprazole works by modulating biochemical pathways involved in the disease process.

Pharmacokinetics: Absorption is pH-dependent, optimized in acidic environment. Accumulates in adipose tissue due to lipophilic properties. Metabolized via non-CYP450 pathways. Eliminated through both renal and biliary routes.

Contraindications: Severe hepatic impairment; Pregnancy and lactation; Hypersensitivity to the active substance or any of the excipients; Severe renal impairment.

Common Adverse Effects: Vomiting, Dizziness, Pruritus, Abdominal pain, Rash.",ABCB1,371
265,Proanide,proanide,AstraZeneca,Antiparasitic,Antiprotozoal,46476-819-37,55.22,Oral Suspension,"1.0 mg/mL Oral Suspension, 120 mL bottle. Typical dosing: twice daily.","proanide is a antiprotozoal medication classified under antiparasitic drugs.

Mechanism of Action: proanide works by inhibiting key enzymes in pathological processes.

Pharmacokinetics: Subject to significant first-pass metabolism resulting in reduced bioavailability. Accumulates in adipose tissue due to lipophilic properties. Primarily metabolized by CYP2D6 with genetic polymorphisms affecting rate of metabolism. Short half-life of 2-4 hours requiring multiple daily dosing.

Contraindications: Hypersensitivity to the active substance or any of the excipients; Severe hepatic impairment; Severe renal impairment; Pregnancy and lactation.

Common Adverse Effects: Headache, Fatigue, Nausea, Diarrhea, Dizziness, Abdominal pain, Pruritus.",,511
266,Roracil,SP-roracil Calcium ER,Sun Pharmaceutical,Anticancer,Immunotherapy,41876-401-32,2861.19,Inhalation Powder,"50 mcg/dose Inhalation Powder, 200 doses per inhaler. Typical dosing: as directed by physician.","roracil is indicated for therapeutic applications related to anticancer conditions.

Mechanism of Action: roracil works by enhancing physiological defense mechanisms.

Pharmacokinetics: Subject to significant first-pass metabolism resulting in reduced bioavailability. Low protein binding (<30%). Undergoes conjugation reactions in the liver. Eliminated through both renal and biliary routes.

Contraindications: Severe hepatic impairment; Severe renal impairment; Pregnancy and lactation; Hypersensitivity to the active substance or any of the excipients.

Common Adverse Effects: Diarrhea, Abdominal pain, Pruritus, Rash, Vomiting, Nausea.",,414
267,Lethiazide,lethiazide,Glenmark,Respiratory,Antitussive,66977-864-93,101.26,Oral Solution,"50 mcg/mL Oral Solution, 15 mL bottle. Typical dosing: once daily.","lethiazide is indicated for maintenance treatment of bronchospasm associated with respiratory disorders.

Mechanism of Action: lethiazide works by antagonizing histamine H1 receptors, reducing allergic responses.

Pharmacokinetics: Well absorbed through transdermal application. Accumulates in adipose tissue due to lipophilic properties. Metabolized through multiple pathways with no single dominant route. Eliminated primarily via renal excretion of unchanged drug.

Contraindications: Pregnancy and lactation; Hypersensitivity to the active substance or any of the excipients; Severe hepatic impairment.

Common Adverse Effects: Abdominal pain, Vomiting, Diarrhea, Headache, Fatigue, Dyspnea.","CYP2B6,TPMT",525
268,Acvastatin,MP-acvastatin Sulfate,Mankind Pharma,Nutritional,Mineral,77683-264-34,14.37,Effervescent Tablet,"25 mg Effervescent Tablet, 100 Effervescent Tablets per bottle. Typical dosing: as directed by physician.","acvastatin is used in the treatment of conditions requiring nutritional therapy.

Mechanism of Action: acvastatin works by binding to specific receptors in target tissues.

Pharmacokinetics: Absorption is pH-dependent, optimized in acidic environment. Crosses the blood-brain barrier. Extensively metabolized in the liver via CYP450 enzymes, primarily CYP3A4. Eliminated through both renal and biliary routes.

Contraindications: Severe hepatic impairment; Pregnancy and lactation; Hypersensitivity to the active substance or any of the excipients.

Common Adverse Effects: Abdominal pain, Dizziness, Vomiting, Fatigue, Rash, Nausea, Headache.","CYP2C9,BCHE,G6PD",391
269,Zozolam,zozolam Oral,Johnson & Johnson,Nutritional,Electrolyte,77597-167-24,36.21,Topical Ointment,"20 mg/g Topical Ointment, 60 g tube. Typical dosing: as directed by physician.","zozolam is a electrolyte medication classified under nutritional drugs.

Mechanism of Action: zozolam works by modulating biochemical pathways involved in the disease process.

Pharmacokinetics: Absorption is reduced when taken with food. Widely distributed throughout body tissues. Primarily metabolized by CYP2D6 with genetic polymorphisms affecting rate of metabolism. Prolonged half-life allowing once-daily dosing.

Contraindications: Hypersensitivity to the active substance or any of the excipients; Pregnancy and lactation; Severe renal impairment; Severe hepatic impairment.

Common Adverse Effects: Dizziness, Headache, Diarrhea, Nausea.",,318
270,Gazolid,Biogazolid Maleate,Biocon,Antibiotic,Tetracycline,82643-818-72,55.72,Dispersible Tablet,"125 mg Dispersible Tablet, 60 Dispersible Tablets per bottle. Typical dosing: three times daily.","gazolid is a tetracycline antibiotic that inhibits bacterial cell wall synthesis, effective against both gram-positive and gram-negative organisms.

Mechanism of Action: gazolid works by binding to the 30S ribosomal subunit, inhibiting bacterial protein synthesis.

Pharmacokinetics: Absorption is pH-dependent, optimized in acidic environment. Does not significantly penetrate the blood-brain barrier. Metabolized via non-CYP450 pathways. Clearance is reduced in patients with renal impairment.

Contraindications: Concurrent use of contraindicated medications; Hypersensitivity to the active substance or any of the excipients; Severe hepatic impairment; Known bacterial resistance.

Common Adverse Effects: Vomiting, Dizziness, Allergic reactions, Fatigue, QT interval prolongation.",SLCO1B1,685
271,Kefloxacin,kefloxacin,Lupin,Antiparasitic,Antiprotozoal,77051-411-54,64.86,Vaginal Suppository,"200 mg Vaginal Suppository, 50 units per package. Typical dosing: once daily.","kefloxacin is indicated for therapeutic applications related to antiparasitic conditions.

Mechanism of Action: kefloxacin works by counteracting pathological changes in tissue function.

Pharmacokinetics: Slowly absorbed after oral administration. Low protein binding (<30%). Metabolized via non-CYP450 pathways. Clearance is reduced in patients with renal impairment.

Contraindications: Hypersensitivity to the active substance or any of the excipients; Severe renal impairment; Pregnancy and lactation.

Common Adverse Effects: Abdominal pain, Headache, Diarrhea, Dizziness, Fatigue.",,360
272,Neparib,BS-neparib,Bristol-Myers Squibb,Anticancer,Hormone Therapy,44110-883-54,223.47,Film-Coated Tablet,"20 mg Film-Coated Tablet, 50 Film-Coated Tablets per bottle. Typical dosing: three times daily.","neparib is a hormone therapy medication classified under anticancer drugs.

Mechanism of Action: neparib works by enhancing physiological defense mechanisms.

Pharmacokinetics: Slowly absorbed after oral administration. Accumulates in adipose tissue due to lipophilic properties. Primarily metabolized by CYP2D6 with genetic polymorphisms affecting rate of metabolism. Clearance is reduced in patients with renal impairment.

Contraindications: Hypersensitivity to the active substance or any of the excipients; Severe renal impairment; Pregnancy and lactation; Severe hepatic impairment.

Common Adverse Effects: Dizziness, Abdominal pain, Pruritus, Fatigue, Headache.",CYP2B6,505
273,Lecycline,lecycline Calcium,Alkem Laboratories,Antibiotic,Cephalosporin,78560-941-81,37.97,Rectal Suppository,"250 mg Rectal Suppository, 10 units per package. Typical dosing: three times daily.","lecycline demonstrates bactericidal activity against a wide spectrum of pathogens commonly associated with respiratory, skin, and urinary tract infections.

Mechanism of Action: lecycline works by disrupting bacterial cell membrane integrity, leading to cell death.

Pharmacokinetics: Absorption is enhanced when taken with food. Moderately protein-bound (approximately 60-80%). Extensively metabolized in the liver via CYP450 enzymes, primarily CYP3A4. Eliminated primarily via renal excretion of unchanged drug.

Contraindications: Known bacterial resistance; Pregnancy and lactation; Severe renal impairment; Myasthenia gravis (for certain antibiotic classes).

Common Adverse Effects: Headache, Rash, Antibiotic-associated diarrhea, Tooth discoloration, Dizziness, Candidiasis.","CYP2C9,NAT2,ABCB1",308
274,Feconazole,feconazole,Johnson & Johnson,Antiparasitic,Antihelminthic,35955-790-72,41.13,Vaginal Tablet,"25 mg Vaginal Tablet, 20 Vaginal Tablets per bottle. Typical dosing: three times daily.","feconazole is used in the treatment of conditions requiring antiparasitic therapy.

Mechanism of Action: feconazole works by inhibiting key enzymes in pathological processes.

Pharmacokinetics: Absorption is reduced when taken with food. Highly protein-bound (approximately 90-95%). Metabolized to active metabolites that contribute to the therapeutic effect. Eliminated primarily via renal excretion of unchanged drug.

Contraindications: Severe hepatic impairment; Severe renal impairment; Pregnancy and lactation; Hypersensitivity to the active substance or any of the excipients.

Common Adverse Effects: Vomiting, Abdominal pain, Fatigue, Pruritus, Rash, Dizziness.","DPYD,CYP2E1",474
275,Glilukast,glilukast Nitrate,Strides Pharma,Antiparasitic,Antihelminthic,57146-310-70,88.25,Syrup,"20.0 mg/mL Syrup, 120 mL bottle. Typical dosing: twice daily.","glilukast is used in the treatment of conditions requiring antiparasitic therapy.

Mechanism of Action: glilukast works by counteracting pathological changes in tissue function.

Pharmacokinetics: Bioavailability is approximately 60-80% after oral administration. Crosses the blood-brain barrier. Undergoes conjugation reactions in the liver. Eliminated primarily via renal excretion of unchanged drug.

Contraindications: Pregnancy and lactation; Severe hepatic impairment; Hypersensitivity to the active substance or any of the excipients; Severe renal impairment.

Common Adverse Effects: Diarrhea, Vomiting, Pruritus, Dizziness, Fatigue, Abdominal pain, Headache.",,778
276,Liglutide,liglutide,Biogen,Antidiabetic,Sulfonylurea,67002-426-91,183.3,Topical Ointment,"10.0 mg/g Topical Ointment, 10 g tube. Typical dosing: with meals.","liglutide is indicated as an adjunct to diet and exercise to improve glycemic control in adults with type 2 diabetes.

Mechanism of Action: liglutide works by stimulating insulin release from pancreatic beta cells.

Pharmacokinetics: Well absorbed through transdermal application. Accumulates in adipose tissue due to lipophilic properties. Subject to minimal metabolism, with most of the drug excreted unchanged. Terminal half-life of approximately 12-24 hours.

Contraindications: Pregnancy and lactation; Severe renal impairment (GFR < 30 mL/min); Hypersensitivity to the active substance or any of the excipients.

Common Adverse Effects: Weight gain, Genital mycotic infections, Diarrhea, Lactic acidosis, Peripheral edema, Urinary tract infections.","NAT2,CYP2C9,CYP2D6",550
277,Tisemide,tisemide Sulfate,Vertex,Cardiovascular,Diuretic,20348-283-88,89.36,Topical Cream,"1.0 % Topical Cream, 5 g tube. Typical dosing: once daily.","tisemide belongs to the class of diuretic medications and is used to treat various cardiovascular disorders including coronary artery disease.

Mechanism of Action: tisemide works by selectively blocking beta-adrenergic receptors, reducing the effects of epinephrine.

Pharmacokinetics: Subject to significant first-pass metabolism resulting in reduced bioavailability. Low protein binding (<30%). Primarily metabolized by CYP2D6 with genetic polymorphisms affecting rate of metabolism. Terminal half-life of approximately 12-24 hours.

Contraindications: Severe hepatic impairment; Severe bradycardia; Bilateral renal artery stenosis; Pregnancy and lactation; Second or third-degree heart block.

Common Adverse Effects: Headache, Bradycardia, Pruritus, Chest pain, Diarrhea.",,387
278,Cizepam,cizepam HBr,Teva Pharmaceutical,Musculoskeletal,Muscle Relaxant,51904-604-43,73.59,Tablet,"100 mg Tablet, 28 Tablets per bottle. Typical dosing: three times daily.","cizepam is used in the treatment of conditions requiring musculoskeletal therapy.

Mechanism of Action: cizepam works by binding to specific receptors in target tissues.

Pharmacokinetics: Bioavailability is approximately 60-80% after oral administration. Crosses the blood-brain barrier. Metabolized via non-CYP450 pathways. Eliminated primarily via renal excretion of unchanged drug.

Contraindications: Severe hepatic impairment; Pregnancy and lactation; Severe renal impairment.

Common Adverse Effects: Pruritus, Dizziness, Nausea, Vomiting.",,440
279,Estriptan,Amgestriptan,Amgen,Antidiabetic,Biguanide,93343-705-35,221.14,Extended-Release Tablet,"75 mcg Extended-Release Tablet, 30 Extended-Release Tablets per bottle. Typical dosing: with meals.","estriptan improves insulin sensitivity and reduces hepatic glucose production, leading to better glycemic control.

Mechanism of Action: estriptan works by inhibiting sodium-glucose cotransporter 2 (SGLT2) in the kidneys, increasing urinary glucose excretion.

Pharmacokinetics: Absorption is pH-dependent, optimized in acidic environment. Low protein binding (<30%). Extensively metabolized in the liver via CYP450 enzymes, primarily CYP3A4. Short half-life of 2-4 hours requiring multiple daily dosing.

Contraindications: Diabetic ketoacidosis; Hypersensitivity to the active substance or any of the excipients; Severe renal impairment (GFR < 30 mL/min); Type 1 diabetes mellitus (for certain antidiabetic classes).

Common Adverse Effects: Diarrhea, Headache, Vomiting, Abdominal pain, Nausea, Dizziness, Weight gain.",,653
280,Clotropin,Bioclotropin HBr,Biogen,Hormonal,Thyroid Hormone,26588-128-46,61.3,Capsule,"2.0 mg Capsule, 120 Capsules per bottle. Typical dosing: as directed by physician.","clotropin is a thyroid hormone medication classified under hormonal drugs.

Mechanism of Action: clotropin works by counteracting pathological changes in tissue function.

Pharmacokinetics: Absorption is pH-dependent, optimized in acidic environment. Low protein binding (<30%). Metabolized via non-CYP450 pathways. Terminal half-life of approximately 12-24 hours.

Contraindications: Severe hepatic impairment; Severe renal impairment; Pregnancy and lactation.

Common Adverse Effects: Pruritus, Rash, Dizziness, Diarrhea, Vomiting, Nausea.",CYP2D6,418
281,Dofibrate,dofibrate,Teva Pharmaceutical,Nutritional,Amino Acid,87985-342-91,11.6,Topical Gel,"20 mg/g Topical Gel, 50 g tube. Typical dosing: three times daily.","dofibrate is indicated for therapeutic applications related to nutritional conditions.

Mechanism of Action: dofibrate works by modulating biochemical pathways involved in the disease process.

Pharmacokinetics: Bioavailability is approximately 60-80% after oral administration. Does not significantly penetrate the blood-brain barrier. Extensively metabolized in the liver via CYP450 enzymes, primarily CYP3A4. Eliminated through both renal and biliary routes.

Contraindications: Hypersensitivity to the active substance or any of the excipients; Severe hepatic impairment; Severe renal impairment; Pregnancy and lactation.

Common Adverse Effects: Diarrhea, Vomiting, Rash, Dizziness, Abdominal pain, Headache, Nausea.","SLCO1B1,CYP2B6",644
282,Looxacin,looxacin,Gilead Sciences,Antibiotic,Aminoglycoside,92783-870-89,77.09,Capsule,"500 mg Capsule, 180 Capsules per bottle. Typical dosing: four times daily.","looxacin is indicated for the treatment of infections caused by susceptible strains of designated microorganisms.

Mechanism of Action: looxacin works by binding to the 30S ribosomal subunit, inhibiting bacterial protein synthesis.

Pharmacokinetics: Bioavailability is approximately 60-80% after oral administration. Moderately protein-bound (approximately 60-80%). Undergoes conjugation reactions in the liver. Clearance is reduced in patients with renal impairment.

Contraindications: Hypersensitivity to the active substance or any of the excipients; Myasthenia gravis (for certain antibiotic classes); History of antibiotic-associated colitis; Pregnancy and lactation.

Common Adverse Effects: Abdominal pain, Candidiasis, Tooth discoloration, Vomiting, Antibiotic-associated diarrhea, Photosensitivity.",,337
283,Tazepam,tazepam,Bristol-Myers Squibb,Gastrointestinal,H2 Antagonist,86072-843-48,38.94,Otic Solution,"2.0 % Otic Solution, 120 mL bottle. Typical dosing: as directed by physician.","tazepam provides relief from symptoms associated with gastroesophageal reflux disease (GERD) and peptic ulcer disease.

Mechanism of Action: tazepam works by blocking dopamine D2 receptors in the chemoreceptor trigger zone, providing antiemetic effects.

Pharmacokinetics: Rapidly absorbed from the gastrointestinal tract. Highly protein-bound (approximately 90-95%). Metabolized via non-CYP450 pathways. Elimination rate depends on hepatic function.

Contraindications: Gastrointestinal perforation; Severe renal impairment; Pregnancy and lactation.

Common Adverse Effects: Nausea, Increased appetite, Flatulence, Dizziness, Fatigue, Constipation, Abdominal pain.",,434
284,Feprazole,feprazole,Eli Lilly,Anticancer,Targeted Therapy,31048-747-12,1512.99,Oral Solution,"10.0 mg/mL Oral Solution, 480 mL bottle. Typical dosing: twice daily.","feprazole is a targeted therapy medication classified under anticancer drugs.

Mechanism of Action: feprazole works by inhibiting key enzymes in pathological processes.

Pharmacokinetics: Absorption is reduced when taken with food. Widely distributed throughout body tissues. Subject to minimal metabolism, with most of the drug excreted unchanged. Terminal half-life of approximately 12-24 hours.

Contraindications: Pregnancy and lactation; Severe renal impairment; Hypersensitivity to the active substance or any of the excipients.

Common Adverse Effects: Rash, Nausea, Dizziness, Fatigue, Vomiting, Headache.",,228
285,Liparib,Regliparib,Regeneron,Antiviral,Entry Inhibitor,47582-415-55,165.29,Nasal Spray,"10.0 % Nasal Spray, 15 mL bottle. Typical dosing: three times daily.","liparib belongs to the class of entry inhibitor agents within the antiviral category.

Mechanism of Action: liparib works by counteracting pathological changes in tissue function.

Pharmacokinetics: Slowly absorbed after oral administration. Does not significantly penetrate the blood-brain barrier. Metabolized via non-CYP450 pathways. Clearance is reduced in patients with renal impairment.

Contraindications: Hypersensitivity to the active substance or any of the excipients; Pregnancy and lactation; Severe hepatic impairment; Severe renal impairment.

Common Adverse Effects: Diarrhea, Fatigue, Dizziness, Pruritus, Headache, Nausea, Vomiting.",,380
286,Vacitabine,vacitabine Hydrochloride ER,Serum Institute,Musculoskeletal,Antirheumatic,75497-486-46,227.06,Intravenous Solution,"2.0 mEq/mL Intravenous Solution, 100 mL bottle. Typical dosing: as directed by physician.","vacitabine belongs to the class of antirheumatic agents within the musculoskeletal category.

Mechanism of Action: vacitabine works by enhancing physiological defense mechanisms.

Pharmacokinetics: Subject to significant first-pass metabolism resulting in reduced bioavailability. Distribution limited primarily to the vascular compartment. Metabolized to active metabolites that contribute to the therapeutic effect. Eliminated through both renal and biliary routes.

Contraindications: Severe renal impairment; Severe hepatic impairment; Hypersensitivity to the active substance or any of the excipients; Pregnancy and lactation.

Common Adverse Effects: Dizziness, Headache, Diarrhea, Pruritus, Nausea, Vomiting.","G6PD,VKORC1",510
287,Promycin,promycin Calcium,Boehringer Ingelheim,Antibiotic,Penicillin,43371-715-49,167.82,Intravenous Solution,"5.0 % Intravenous Solution, 150 mL bottle. Typical dosing: three times daily.","promycin is a penicillin antibiotic that inhibits bacterial cell wall synthesis, effective against both gram-positive and gram-negative organisms.

Mechanism of Action: promycin works by inhibiting bacterial cell wall synthesis by binding to penicillin-binding proteins.

Pharmacokinetics: Absorption is pH-dependent, optimized in acidic environment. Crosses the blood-brain barrier. Primarily metabolized by CYP2D6 with genetic polymorphisms affecting rate of metabolism. Excreted in urine as metabolites.

Contraindications: Severe renal impairment; Severe hepatic impairment; Pregnancy and lactation; Concurrent use of contraindicated medications.

Common Adverse Effects: QT interval prolongation, Fatigue, Tooth discoloration, Candidiasis, Diarrhea.",,513
288,Lephylline,Roclephylline Potassium,Roche,Ophthalmological,Mydriatic,14481-796-85,80.42,Orally Disintegrating Tablet,"500 mg Orally Disintegrating Tablet, 20 Orally Disintegrating Tablets per bottle. Typical dosing: once daily.","lephylline is indicated for therapeutic applications related to ophthalmological conditions.

Mechanism of Action: lephylline works by modulating biochemical pathways involved in the disease process.

Pharmacokinetics: Absorption is pH-dependent, optimized in acidic environment. Does not significantly penetrate the blood-brain barrier. Primarily metabolized by CYP2D6 with genetic polymorphisms affecting rate of metabolism. Clearance is reduced in patients with renal impairment.

Contraindications: Severe hepatic impairment; Hypersensitivity to the active substance or any of the excipients; Severe renal impairment; Pregnancy and lactation.

Common Adverse Effects: Headache, Rash, Diarrhea, Pruritus, Fatigue, Dizziness.",BCHE,749
289,Enfenac,enfenac,Sun Pharmaceutical,Ophthalmological,Lubricant,66978-818-48,66.01,Powder for Reconstitution,"500 mg Powder for Reconstitution, 100 units per package. Typical dosing: three times daily.","enfenac is indicated for therapeutic applications related to ophthalmological conditions.

Mechanism of Action: enfenac works by modulating biochemical pathways involved in the disease process.

Pharmacokinetics: Absorption is reduced when taken with food. Low protein binding (<30%). Undergoes conjugation reactions in the liver. Eliminated through both renal and biliary routes.

Contraindications: Pregnancy and lactation; Severe hepatic impairment; Severe renal impairment.

Common Adverse Effects: Vomiting, Headache, Diarrhea, Fatigue.",,970
290,Fiphylline,fiphylline Sodium CR,Torrent Pharmaceuticals,Musculoskeletal,Muscle Relaxant,78356-501-69,39.63,Syrup,"2.5 % Syrup, 480 mL bottle. Typical dosing: as directed by physician.","fiphylline is a muscle relaxant medication classified under musculoskeletal drugs.

Mechanism of Action: fiphylline works by inhibiting key enzymes in pathological processes.

Pharmacokinetics: Absorption is enhanced when taken with food. Distribution limited primarily to the vascular compartment. Metabolized via non-CYP450 pathways. Terminal half-life of approximately 12-24 hours.

Contraindications: Severe renal impairment; Pregnancy and lactation; Severe hepatic impairment; Hypersensitivity to the active substance or any of the excipients.

Common Adverse Effects: Rash, Fatigue, Headache, Dizziness, Vomiting.",,613
291,Tifloxacin,tifloxacin,Roche,Antibiotic,Carbapenem,51514-347-79,38.73,Topical Gel,"5.0 % Topical Gel, 100 g tube. Typical dosing: twice daily.","tifloxacin is indicated for the treatment of infections caused by susceptible strains of designated microorganisms.

Mechanism of Action: tifloxacin works by inhibiting bacterial cell wall synthesis by binding to penicillin-binding proteins.

Pharmacokinetics: Subject to significant first-pass metabolism resulting in reduced bioavailability. Distribution limited primarily to the vascular compartment. Metabolized via non-CYP450 pathways. Eliminated primarily via renal excretion of unchanged drug.

Contraindications: Myasthenia gravis (for certain antibiotic classes); Severe hepatic impairment; Pregnancy and lactation; Severe renal impairment.

Common Adverse Effects: Dizziness, Abdominal pain, Fatigue, Headache, Candidiasis.",,294
292,Viglitazone,MP-viglitazone,Mankind Pharma,Antidiabetic,SGLT2 Inhibitor,27872-837-70,135.87,Vaginal Cream,"1.0 mg Vaginal Cream, 15 g tube. Typical dosing: with meals.","viglitazone is indicated as an adjunct to diet and exercise to improve glycemic control in adults with type 2 diabetes.

Mechanism of Action: viglitazone works by inhibiting intestinal alpha-glucosidase enzymes, delaying carbohydrate absorption.

Pharmacokinetics: Absorption is pH-dependent, optimized in acidic environment. Accumulates in adipose tissue due to lipophilic properties. Metabolism shows significant inter-individual variability. Terminal half-life of approximately 12-24 hours.

Contraindications: Severe hepatic impairment; Diabetic ketoacidosis; Acute or chronic metabolic acidosis; Type 1 diabetes mellitus (for certain antidiabetic classes); Hypersensitivity to the active substance or any of the excipients.

Common Adverse Effects: Vomiting, Fatigue, Rash, Urinary tract infections, Lactic acidosis, Genital mycotic infections, Peripheral edema.","CFTR,CYP2C19,IFNL3",646
293,Pecitabine,pecitabine,Aurobindo Pharma,Antiparasitic,Antimalarial,42656-462-34,75.36,Ophthalmic Solution,"0.025 % Ophthalmic Solution, 240 mL bottle. Typical dosing: twice daily.","pecitabine is indicated for therapeutic applications related to antiparasitic conditions.

Mechanism of Action: pecitabine works by modulating biochemical pathways involved in the disease process.

Pharmacokinetics: Absorption is pH-dependent, optimized in acidic environment. Crosses the blood-brain barrier. Primarily metabolized by CYP2D6 with genetic polymorphisms affecting rate of metabolism. Excreted in urine as metabolites.

Contraindications: Hypersensitivity to the active substance or any of the excipients; Pregnancy and lactation; Severe renal impairment; Severe hepatic impairment.

Common Adverse Effects: Diarrhea, Nausea, Abdominal pain, Pruritus.",,334
294,Brofenac,brofenac Plus,AstraZeneca,Antiparasitic,Antihelminthic,60508-900-91,84.9,Topical Cream,"25 mg/g Topical Cream, 30 g tube. Typical dosing: twice daily.","brofenac is a antihelminthic medication classified under antiparasitic drugs.

Mechanism of Action: brofenac works by inhibiting key enzymes in pathological processes.

Pharmacokinetics: Bioavailability is approximately 60-80% after oral administration. Does not significantly penetrate the blood-brain barrier. Primarily metabolized by CYP2D6 with genetic polymorphisms affecting rate of metabolism. Terminal half-life of approximately 12-24 hours.

Contraindications: Severe renal impairment; Hypersensitivity to the active substance or any of the excipients; Pregnancy and lactation; Severe hepatic impairment.

Common Adverse Effects: Fatigue, Diarrhea, Headache, Nausea, Pruritus, Vomiting, Rash.",,457
295,Azmycin,azmycin Potassium,Allergan,Ophthalmological,Miotic,18577-988-37,85.25,Vaginal Cream,"500 mg Vaginal Cream, 100 g tube. Typical dosing: as directed by physician.","azmycin is used in the treatment of conditions requiring ophthalmological therapy.

Mechanism of Action: azmycin works by counteracting pathological changes in tissue function.

Pharmacokinetics: Subject to significant first-pass metabolism resulting in reduced bioavailability. Does not significantly penetrate the blood-brain barrier. Undergoes conjugation reactions in the liver. Eliminated through both renal and biliary routes.

Contraindications: Pregnancy and lactation; Hypersensitivity to the active substance or any of the excipients; Severe hepatic impairment; Severe renal impairment.

Common Adverse Effects: Fatigue, Abdominal pain, Rash, Nausea.","TPMT,G6PD",504
296,Cizepine,Astcizepine Calcium,AstraZeneca,Antiparasitic,Antihelminthic,26540-350-80,90.69,Topical Ointment,"10.0 % Topical Ointment, 60 g tube. Typical dosing: twice daily.","cizepine is used in the treatment of conditions requiring antiparasitic therapy.

Mechanism of Action: cizepine works by modulating biochemical pathways involved in the disease process.

Pharmacokinetics: Rapidly absorbed from the gastrointestinal tract. Crosses the blood-brain barrier. Primarily metabolized by CYP2D6 with genetic polymorphisms affecting rate of metabolism. Eliminated primarily via renal excretion of unchanged drug.

Contraindications: Severe hepatic impairment; Pregnancy and lactation; Hypersensitivity to the active substance or any of the excipients.

Common Adverse Effects: Abdominal pain, Rash, Nausea, Pruritus, Dizziness, Fatigue, Vomiting.","CYP3A4,COMT,CYP2E1",589
297,Cilukast,cilukast,Mankind Pharma,Immunological,Antirheumatic,98803-197-16,395.25,Sublingual Tablet,"25 mg Sublingual Tablet, 30 Sublingual Tablets per bottle. Typical dosing: once daily.","cilukast is used in the treatment of conditions requiring immunological therapy.

Mechanism of Action: cilukast works by counteracting pathological changes in tissue function.

Pharmacokinetics: Subject to significant first-pass metabolism resulting in reduced bioavailability. Crosses the blood-brain barrier. Subject to minimal metabolism, with most of the drug excreted unchanged. Elimination rate depends on hepatic function.

Contraindications: Severe renal impairment; Hypersensitivity to the active substance or any of the excipients; Severe hepatic impairment.

Common Adverse Effects: Pruritus, Nausea, Rash, Vomiting, Fatigue, Dizziness, Headache.","CYP1A2,CYP2E1",721
298,Garidone,garidone,Strides Pharma,Central Nervous System,Antiepileptic,50971-997-93,144.27,Buccal Tablet,"25.0 mg Buccal Tablet, 120 Buccal Tablets per bottle. Typical dosing: at bedtime.","garidone is indicated for the management of chronic pain conditions through its action on central pain pathways.

Mechanism of Action: garidone works by inhibiting the reuptake of serotonin and norepinephrine in the CNS.

Pharmacokinetics: Rapidly absorbed from the gastrointestinal tract. Widely distributed throughout body tissues. Undergoes conjugation reactions in the liver. Eliminated through both renal and biliary routes.

Contraindications: Concomitant use of monoamine oxidase inhibitors; Hypersensitivity to the active substance or any of the excipients; Angle-closure glaucoma; Severe hepatic impairment; Pregnancy and lactation.

Common Adverse Effects: Somnolence, Headache, Paresthesia, Nausea, Depression, Tremor.",,654
299,Temethasone,temethasone,Eli Lilly,Hormonal,Thyroid Hormone,10447-553-30,157.46,Intravenous Solution,"4.0 mEq/mL Intravenous Solution, 480 mL bottle. Typical dosing: three times daily.","temethasone is a thyroid hormone medication classified under hormonal drugs.

Mechanism of Action: temethasone works by inhibiting key enzymes in pathological processes.

Pharmacokinetics: Absorption is reduced when taken with food. Highly protein-bound (approximately 90-95%). Extensively metabolized in the liver via CYP450 enzymes, primarily CYP3A4. Eliminated through both renal and biliary routes.

Contraindications: Hypersensitivity to the active substance or any of the excipients; Pregnancy and lactation; Severe hepatic impairment; Severe renal impairment.

Common Adverse Effects: Dizziness, Rash, Pruritus, Fatigue.",,362
300,Acpril,Amgacpril,Amgen,Antiviral,Entry Inhibitor,44770-394-81,1387.54,Extended-Release Tablet,"100 mcg Extended-Release Tablet, 90 Extended-Release Tablets per bottle. Typical dosing: three times daily.","acpril is used in the treatment of conditions requiring antiviral therapy.

Mechanism of Action: acpril works by modulating biochemical pathways involved in the disease process.

Pharmacokinetics: Slowly absorbed after oral administration. Accumulates in adipose tissue due to lipophilic properties. Primarily metabolized by CYP2D6 with genetic polymorphisms affecting rate of metabolism. Excreted in urine as metabolites.

Contraindications: Pregnancy and lactation; Severe hepatic impairment; Hypersensitivity to the active substance or any of the excipients; Severe renal impairment.

Common Adverse Effects: Headache, Pruritus, Vomiting, Rash.",,468
301,Esprazole,esprazole SR,Aurobindo Pharma,Immunological,Interferons,87356-757-60,218.26,Capsule,"10 mcg Capsule, 20 Capsules per bottle. Typical dosing: twice daily.","esprazole is a interferons medication classified under immunological drugs.

Mechanism of Action: esprazole works by counteracting pathological changes in tissue function.

Pharmacokinetics: Absorption is reduced when taken with food. Does not significantly penetrate the blood-brain barrier. Metabolized to active metabolites that contribute to the therapeutic effect. Excreted in urine as metabolites.

Contraindications: Severe hepatic impairment; Pregnancy and lactation; Severe renal impairment; Hypersensitivity to the active substance or any of the excipients.

Common Adverse Effects: Headache, Dizziness, Vomiting, Nausea, Abdominal pain, Pruritus, Diarrhea.","ABCG2,G6PD,CYP2C9",364
302,Didipine,didipine HBr,Gilead Sciences,Nutritional,Electrolyte,58631-718-13,10.38,Enteric-Coated Tablet,"50 mg Enteric-Coated Tablet, 90 Enteric-Coated Tablets per bottle. Typical dosing: twice daily.","didipine is a electrolyte medication classified under nutritional drugs.

Mechanism of Action: didipine works by counteracting pathological changes in tissue function.

Pharmacokinetics: Well absorbed through transdermal application. Crosses the blood-brain barrier. Primarily metabolized by CYP2D6 with genetic polymorphisms affecting rate of metabolism. Terminal half-life of approximately 12-24 hours.

Contraindications: Severe hepatic impairment; Severe renal impairment; Pregnancy and lactation.

Common Adverse Effects: Vomiting, Headache, Diarrhea, Nausea, Abdominal pain, Dizziness.",,370
303,Hesetron,hesetron Calcium,Alkem Laboratories,Musculoskeletal,Antigout,71348-529-24,60.73,Lozenges,"100 mg Lozenges, 30 units per package. Typical dosing: three times daily.","hesetron is used in the treatment of conditions requiring musculoskeletal therapy.

Mechanism of Action: hesetron works by inhibiting key enzymes in pathological processes.

Pharmacokinetics: Rapidly absorbed from the gastrointestinal tract. Highly protein-bound (approximately 90-95%). Extensively metabolized in the liver via CYP450 enzymes, primarily CYP3A4. Eliminated through both renal and biliary routes.

Contraindications: Severe renal impairment; Hypersensitivity to the active substance or any of the excipients; Severe hepatic impairment.

Common Adverse Effects: Pruritus, Diarrhea, Headache, Rash, Fatigue, Nausea.","CYP2D6,CYP2C9,ABCG2",600
304,Flumethasone,flumethasone XR,Baxter International,Antiviral,Nucleoside Analog,43946-955-75,695.67,Drops,"100 mg Drops, 20 units per package. Typical dosing: once daily.","flumethasone is a nucleoside analog medication classified under antiviral drugs.

Mechanism of Action: flumethasone works by modulating biochemical pathways involved in the disease process.

Pharmacokinetics: Rapidly absorbed from the gastrointestinal tract. Highly protein-bound (approximately 90-95%). Extensively metabolized in the liver via CYP450 enzymes, primarily CYP3A4. Prolonged half-life allowing once-daily dosing.

Contraindications: Hypersensitivity to the active substance or any of the excipients; Pregnancy and lactation; Severe hepatic impairment.

Common Adverse Effects: Rash, Fatigue, Nausea, Headache.",,537
305,Sizepine,sizepine,Aurobindo Pharma,Ophthalmological,Miotic,57241-173-33,114.97,Ophthalmic Solution,"5.0 % Ophthalmic Solution, 240 mL bottle. Typical dosing: once daily.","sizepine is indicated for therapeutic applications related to ophthalmological conditions.

Mechanism of Action: sizepine works by inhibiting key enzymes in pathological processes.

Pharmacokinetics: Subject to significant first-pass metabolism resulting in reduced bioavailability. Distribution limited primarily to the vascular compartment. Metabolized to active metabolites that contribute to the therapeutic effect. Excreted in urine as metabolites.

Contraindications: Severe hepatic impairment; Hypersensitivity to the active substance or any of the excipients; Pregnancy and lactation; Severe renal impairment.

Common Adverse Effects: Vomiting, Pruritus, Dizziness, Rash, Diarrhea, Abdominal pain, Headache.",,602
306,Enfibrate,enfibrate Hydrochloride XR,Mankind Pharma,Musculoskeletal,Antigout,75099-255-52,115.17,Capsule,"10 mcg Capsule, 20 Capsules per bottle. Typical dosing: as directed by physician.","enfibrate is used in the treatment of conditions requiring musculoskeletal therapy.

Mechanism of Action: enfibrate works by modulating biochemical pathways involved in the disease process.

Pharmacokinetics: Absorption is enhanced when taken with food. Moderately protein-bound (approximately 60-80%). Subject to minimal metabolism, with most of the drug excreted unchanged. Eliminated primarily via renal excretion of unchanged drug.

Contraindications: Pregnancy and lactation; Severe hepatic impairment; Hypersensitivity to the active substance or any of the excipients; Severe renal impairment.

Common Adverse Effects: Rash, Nausea, Pruritus, Abdominal pain, Dizziness, Vomiting.","UGT1A1,NAT2",387
307,Detriptyline,detriptyline D,Abbott Laboratories,Central Nervous System,NSAID,56134-437-36,72.47,Injection,"200.0 mg Injection, 1 5 mL vials. Typical dosing: once daily.","detriptyline is a nsaid that acts on the central nervous system to treat conditions such as depression, anxiety, or seizures.

Mechanism of Action: detriptyline works by inhibiting the reuptake of serotonin and norepinephrine in the CNS.

Pharmacokinetics: Absorption is pH-dependent, optimized in acidic environment. Accumulates in adipose tissue due to lipophilic properties. Metabolism shows significant inter-individual variability. Eliminated through both renal and biliary routes.

Contraindications: Hypersensitivity to the active substance or any of the excipients; Severe renal impairment; Severe hepatic impairment; Concomitant use of monoamine oxidase inhibitors; Seizure disorders.

Common Adverse Effects: Anxiety, Somnolence, Confusion, Nausea, Rash, Fatigue.",,313
308,Dociclovir,dociclovir Potassium SR,Bristol-Myers Squibb,Otological,Anti-Infective,22286-835-69,55.61,Extended-Release Capsule,"200 mcg Extended-Release Capsule, 20 Extended-Release Capsules per bottle. Typical dosing: as directed by physician.","dociclovir is used in the treatment of conditions requiring otological therapy.

Mechanism of Action: dociclovir works by counteracting pathological changes in tissue function.

Pharmacokinetics: Rapidly absorbed from the gastrointestinal tract. Crosses the blood-brain barrier. Undergoes conjugation reactions in the liver. Excreted in urine as metabolites.

Contraindications: Hypersensitivity to the active substance or any of the excipients; Severe renal impairment; Severe hepatic impairment.

Common Adverse Effects: Fatigue, Abdominal pain, Pruritus, Headache, Diarrhea, Vomiting.",,593
309,Loracil,loracil ER,Alembic Pharmaceuticals,Antiparasitic,Antimalarial,51724-260-35,270.24,Intravenous Solution,"1.0 mEq/mL Intravenous Solution, 480 mL bottle. Typical dosing: once daily.","loracil belongs to the class of antimalarial agents within the antiparasitic category.

Mechanism of Action: loracil works by counteracting pathological changes in tissue function.

Pharmacokinetics: Absorption is pH-dependent, optimized in acidic environment. Highly protein-bound (approximately 90-95%). Metabolism shows significant inter-individual variability. Short half-life of 2-4 hours requiring multiple daily dosing.

Contraindications: Pregnancy and lactation; Severe hepatic impairment; Severe renal impairment; Hypersensitivity to the active substance or any of the excipients.

Common Adverse Effects: Diarrhea, Vomiting, Headache, Dizziness, Pruritus.",,762
310,Abrubicin,abrubicin HCT,Torrent Pharmaceuticals,Antidiabetic,Insulin,76027-140-27,162.88,Vaginal Tablet,"0.5 mg Vaginal Tablet, 90 Vaginal Tablets per bottle. Typical dosing: with meals.","abrubicin is indicated as an adjunct to diet and exercise to improve glycemic control in adults with type 2 diabetes.

Mechanism of Action: abrubicin works by inhibiting sodium-glucose cotransporter 2 (SGLT2) in the kidneys, increasing urinary glucose excretion.

Pharmacokinetics: Rapidly absorbed from the gastrointestinal tract. Highly protein-bound (approximately 90-95%). Undergoes conjugation reactions in the liver. Elimination rate depends on hepatic function.

Contraindications: Hypersensitivity to the active substance or any of the excipients; Severe hepatic impairment; Diabetic ketoacidosis; Pregnancy and lactation.

Common Adverse Effects: Rash, Genital mycotic infections, Lactic acidosis, Nausea, Abdominal pain, Headache.",,518
311,Liracil,PH-liracil HCl,Piramal Healthcare,Antiviral,Nucleoside Analog,99331-426-58,224.77,Rectal Suppository,"200 mg Rectal Suppository, 30 units per package. Typical dosing: twice daily.","liracil is indicated for therapeutic applications related to antiviral conditions.

Mechanism of Action: liracil works by binding to specific receptors in target tissues.

Pharmacokinetics: Absorption is reduced when taken with food. Crosses the blood-brain barrier. Extensively metabolized in the liver via CYP450 enzymes, primarily CYP3A4. Prolonged half-life allowing once-daily dosing.

Contraindications: Hypersensitivity to the active substance or any of the excipients; Severe hepatic impairment; Severe renal impairment; Pregnancy and lactation.

Common Adverse Effects: Abdominal pain, Rash, Dizziness, Fatigue, Pruritus, Headache.",,415
312,Ralukast,ralukast Hydrochloride,Zydus Cadila,Respiratory,Antitussive,79747-466-75,113.12,Extended-Release Tablet,"400 mg Extended-Release Tablet, 14 Extended-Release Tablets per bottle. Typical dosing: twice daily.","ralukast is used for symptomatic relief of respiratory tract disorders characterized by congestion and inflammation.

Mechanism of Action: ralukast works by antagonizing histamine H1 receptors, reducing allergic responses.

Pharmacokinetics: Bioavailability is approximately 60-80% after oral administration. Crosses the blood-brain barrier. Primarily metabolized by CYP2D6 with genetic polymorphisms affecting rate of metabolism. Prolonged half-life allowing once-daily dosing.

Contraindications: Pregnancy and lactation; Status asthmaticus; Severe renal impairment.

Common Adverse Effects: Increased sputum production, Headache, Dizziness, Vomiting, Diarrhea, Pharyngitis.","CYP3A4,HLA-B*5701",672
313,Estaxel,IP-estaxel,Intas Pharmaceuticals,Anticancer,Alkylating Agent,65157-888-65,243.12,Topical Cream,"50 mg/g Topical Cream, 20 g tube. Typical dosing: as directed by physician.","estaxel is used in the treatment of conditions requiring anticancer therapy.

Mechanism of Action: estaxel works by enhancing physiological defense mechanisms.

Pharmacokinetics: Absorption is reduced when taken with food. Widely distributed throughout body tissues. Subject to minimal metabolism, with most of the drug excreted unchanged. Prolonged half-life allowing once-daily dosing.

Contraindications: Severe renal impairment; Severe hepatic impairment; Pregnancy and lactation; Hypersensitivity to the active substance or any of the excipients.

Common Adverse Effects: Fatigue, Headache, Rash, Nausea, Abdominal pain.",,714
314,Bromustine,bromustine,Gilead Sciences,Anticancer,Topoisomerase Inhibitor,72434-844-52,1850.11,Otic Solution,"50.0 mg/mL Otic Solution, 100 mL bottle. Typical dosing: three times daily.","bromustine belongs to the class of topoisomerase inhibitor agents within the anticancer category.

Mechanism of Action: bromustine works by modulating biochemical pathways involved in the disease process.

Pharmacokinetics: Well absorbed through transdermal application. Low protein binding (<30%). Undergoes conjugation reactions in the liver. Eliminated primarily via renal excretion of unchanged drug.

Contraindications: Pregnancy and lactation; Severe renal impairment; Hypersensitivity to the active substance or any of the excipients; Severe hepatic impairment.

Common Adverse Effects: Abdominal pain, Fatigue, Nausea, Vomiting, Diarrhea, Dizziness.",,362
315,Fezepine,fezepine XR,Amgen,Central Nervous System,Antimigraine,80249-527-52,164.55,Enteric-Coated Tablet,"10.0 mg Enteric-Coated Tablet, 50 Enteric-Coated Tablets per bottle. Typical dosing: as needed for pain.","fezepine is indicated for the management of chronic pain conditions through its action on central pain pathways.

Mechanism of Action: fezepine works by enhancing GABAergic neurotransmission, producing anxiolytic and sedative effects.

Pharmacokinetics: Well absorbed through transdermal application. Does not significantly penetrate the blood-brain barrier. Extensively metabolized in the liver via CYP450 enzymes, primarily CYP3A4. Eliminated through both renal and biliary routes.

Contraindications: Seizure disorders; Suicidal ideation; Pregnancy and lactation; Severe renal impairment; Angle-closure glaucoma.

Common Adverse Effects: Confusion, Paresthesia, Dizziness, Somnolence.",,423
316,Cafloxacin,Glecafloxacin,Glenmark,Dermatological,Antibiotic,22693-330-61,43.92,Injection,"0.5 g Injection, 50 50 mL vials. Typical dosing: as directed by physician.","cafloxacin is indicated for therapeutic applications related to dermatological conditions.

Mechanism of Action: cafloxacin works by enhancing physiological defense mechanisms.

Pharmacokinetics: Slowly absorbed after oral administration. Highly protein-bound (approximately 90-95%). Primarily metabolized by CYP2D6 with genetic polymorphisms affecting rate of metabolism. Short half-life of 2-4 hours requiring multiple daily dosing.

Contraindications: Hypersensitivity to the active substance or any of the excipients; Severe hepatic impairment; Pregnancy and lactation.

Common Adverse Effects: Diarrhea, Headache, Fatigue, Abdominal pain.",,363
317,Gafibrate,gafibrate Sulfate,Lupin,Cardiovascular,Cardiac Glycoside,81035-541-72,81.01,Drops,"200.0 mg Drops, 20 units per package. Typical dosing: three times daily.","gafibrate belongs to the class of cardiac glycoside medications and is used to treat various cardiovascular disorders including coronary artery disease.

Mechanism of Action: gafibrate works by blocking calcium channels in vascular smooth muscle and cardiac muscle.

Pharmacokinetics: Slowly absorbed after oral administration. Does not significantly penetrate the blood-brain barrier. Metabolism shows significant inter-individual variability. Excreted in urine as metabolites.

Contraindications: Cardiogenic shock; Severe bradycardia; Bilateral renal artery stenosis; Severe renal impairment; Acute heart failure.

Common Adverse Effects: Pruritus, Abdominal pain, Diarrhea, Syncope, Fatigue, Dizziness, Bradycardia.",,615
318,Natriptium,natriptium,Bayer,Respiratory,Antihistamine,73225-686-36,188.39,Syrup,"5.0 mg/mL Syrup, 10 mL bottle. Typical dosing: twice daily.","natriptium helps reduce inflammation and bronchospasm in the airways, improving breathing in patients with respiratory conditions.

Mechanism of Action: natriptium works by antagonizing histamine H1 receptors, reducing allergic responses.

Pharmacokinetics: Absorption is pH-dependent, optimized in acidic environment. Highly protein-bound (approximately 90-95%). Metabolized to active metabolites that contribute to the therapeutic effect. Eliminated through both renal and biliary routes.

Contraindications: Status asthmaticus; Severe COPD with respiratory insufficiency; Hypersensitivity to the active substance or any of the excipients; Untreated fungal infections of the respiratory tract; Pregnancy and lactation.

Common Adverse Effects: Dyspnea, Nausea, Abdominal pain, Fatigue.",,616
319,Vipril,vipril,AbbVie,Cardiovascular,Vasodilator,97706-658-71,111.88,Lozenges,"50.0 mg Lozenges, 30 units per package. Typical dosing: twice daily.","vipril is a vasodilator used in the management of heart failure, hypertension, and related cardiovascular conditions.

Mechanism of Action: vipril works by reducing the activity of the renin-angiotensin-aldosterone system.

Pharmacokinetics: Bioavailability is approximately 60-80% after oral administration. Accumulates in adipose tissue due to lipophilic properties. Metabolism shows significant inter-individual variability. Short half-life of 2-4 hours requiring multiple daily dosing.

Contraindications: Second or third-degree heart block; Severe hepatic impairment; Bilateral renal artery stenosis; Severe renal impairment.

Common Adverse Effects: Edema, Pruritus, Nausea, Fatigue, Syncope, Diarrhea, Headache.",CFTR,256
320,Rotropin,rotropin Nitrate,Teva Pharmaceutical,Hormonal,Androgen,51014-668-84,47.11,Buccal Tablet,"0.125 mg Buccal Tablet, 60 Buccal Tablets per bottle. Typical dosing: twice daily.","rotropin is indicated for therapeutic applications related to hormonal conditions.

Mechanism of Action: rotropin works by inhibiting key enzymes in pathological processes.

Pharmacokinetics: Well absorbed through transdermal application. Low protein binding (<30%). Subject to minimal metabolism, with most of the drug excreted unchanged. Eliminated through both renal and biliary routes.

Contraindications: Severe renal impairment; Pregnancy and lactation; Severe hepatic impairment.

Common Adverse Effects: Headache, Diarrhea, Fatigue, Vomiting, Rash.",,698
321,Mefloxacin,mefloxacin,Abbott Laboratories,Otological,Anti-Inflammatory,57331-962-74,54.56,Ophthalmic Solution,"5.0 mg/mL Ophthalmic Solution, 150 mL bottle. Typical dosing: twice daily.","mefloxacin is used in the treatment of conditions requiring otological therapy.

Mechanism of Action: mefloxacin works by modulating biochemical pathways involved in the disease process.

Pharmacokinetics: Subject to significant first-pass metabolism resulting in reduced bioavailability. Highly protein-bound (approximately 90-95%). Metabolized through multiple pathways with no single dominant route. Excreted in urine as metabolites.

Contraindications: Severe hepatic impairment; Severe renal impairment; Hypersensitivity to the active substance or any of the excipients; Pregnancy and lactation.

Common Adverse Effects: Rash, Nausea, Dizziness, Abdominal pain.",,323
322,Rerelin,rerelin SR,Zydus Cadila,Hormonal,Thyroid Hormone,16282-315-26,99.65,Enteric-Coated Tablet,"0.075 mg Enteric-Coated Tablet, 180 Enteric-Coated Tablets per bottle. Typical dosing: as directed by physician.","rerelin belongs to the class of thyroid hormone agents within the hormonal category.

Mechanism of Action: rerelin works by modulating biochemical pathways involved in the disease process.

Pharmacokinetics: Subject to significant first-pass metabolism resulting in reduced bioavailability. Low protein binding (<30%). Subject to minimal metabolism, with most of the drug excreted unchanged. Elimination rate depends on hepatic function.

Contraindications: Severe hepatic impairment; Pregnancy and lactation; Severe renal impairment.

Common Adverse Effects: Vomiting, Abdominal pain, Pruritus, Diarrhea, Rash.","UGT1A1,SLCO1B1",701
323,Suvastatin,suvastatin Forte,Novo Nordisk,Otological,Anti-Infective,10679-457-56,97.53,Effervescent Tablet,"20 mg Effervescent Tablet, 60 Effervescent Tablets per bottle. Typical dosing: as directed by physician.","suvastatin belongs to the class of anti-infective agents within the otological category.

Mechanism of Action: suvastatin works by counteracting pathological changes in tissue function.

Pharmacokinetics: Well absorbed through transdermal application. Low protein binding (<30%). Primarily metabolized by CYP2D6 with genetic polymorphisms affecting rate of metabolism. Eliminated through both renal and biliary routes.

Contraindications: Severe renal impairment; Hypersensitivity to the active substance or any of the excipients; Pregnancy and lactation; Severe hepatic impairment.

Common Adverse Effects: Vomiting, Rash, Abdominal pain, Fatigue, Pruritus, Dizziness, Nausea.",,540
324,Qucitabine,qucitabine Sodium,Sanofi,Gastrointestinal,Antacid,94923-728-60,134.77,Otic Solution,"10.0 mg/mL Otic Solution, 10 mL bottle. Typical dosing: once daily.","qucitabine provides relief from symptoms associated with gastroesophageal reflux disease (GERD) and peptic ulcer disease.

Mechanism of Action: qucitabine works by blocking dopamine D2 receptors in the chemoreceptor trigger zone, providing antiemetic effects.

Pharmacokinetics: Rapidly absorbed from the gastrointestinal tract. Accumulates in adipose tissue due to lipophilic properties. Metabolized via non-CYP450 pathways. Elimination rate depends on hepatic function.

Contraindications: Active gastrointestinal bleeding; Severe hepatic impairment; Pregnancy and lactation.

Common Adverse Effects: Dizziness, Vomiting, Flatulence, Dry mouth.","HLA-B*1502,BCHE,CYP2B6",510
325,Mocycline,mocycline IV,Serum Institute,Antibiotic,Sulfonamide,76203-604-87,12.03,Effervescent Tablet,"500 mg Effervescent Tablet, 20 Effervescent Tablets per bottle. Typical dosing: twice daily.","mocycline demonstrates bactericidal activity against a wide spectrum of pathogens commonly associated with respiratory, skin, and urinary tract infections.

Mechanism of Action: mocycline works by disrupting bacterial cell membrane integrity, leading to cell death.

Pharmacokinetics: Well absorbed through transdermal application. Low protein binding (<30%). Subject to minimal metabolism, with most of the drug excreted unchanged. Short half-life of 2-4 hours requiring multiple daily dosing.

Contraindications: Pregnancy and lactation; Concurrent use of contraindicated medications; Hypersensitivity to the active substance or any of the excipients.

Common Adverse Effects: Abdominal pain, Candidiasis, Nausea, Pruritus, Vomiting.",,486
326,Repril,AL-repril Hydrochloride,Alkem Laboratories,Nutritional,Amino Acid,32578-510-44,19.08,Ophthalmic Ointment,"10.0 % Ophthalmic Ointment, 50 g tube. Typical dosing: as directed by physician.","repril is indicated for therapeutic applications related to nutritional conditions.

Mechanism of Action: repril works by counteracting pathological changes in tissue function.

Pharmacokinetics: Rapidly absorbed from the gastrointestinal tract. Moderately protein-bound (approximately 60-80%). Metabolized via non-CYP450 pathways. Prolonged half-life allowing once-daily dosing.

Contraindications: Hypersensitivity to the active substance or any of the excipients; Severe renal impairment; Severe hepatic impairment.

Common Adverse Effects: Vomiting, Fatigue, Pruritus, Headache.",,1026
327,Glirubicin,glirubicin Calcium Plus,Regeneron,Hormonal,Oxytocic,58077-815-11,34.61,Topical Gel,"0.025 % Topical Gel, 50 g tube. Typical dosing: once daily.","glirubicin is indicated for therapeutic applications related to hormonal conditions.

Mechanism of Action: glirubicin works by modulating biochemical pathways involved in the disease process.

Pharmacokinetics: Absorption is pH-dependent, optimized in acidic environment. Crosses the blood-brain barrier. Subject to minimal metabolism, with most of the drug excreted unchanged. Prolonged half-life allowing once-daily dosing.

Contraindications: Severe renal impairment; Hypersensitivity to the active substance or any of the excipients; Pregnancy and lactation; Severe hepatic impairment.

Common Adverse Effects: Diarrhea, Abdominal pain, Pruritus, Headache.",,280
328,Sifloxacin,sifloxacin Calcium,Cipla,Ophthalmological,Antiglaucoma,29669-930-30,36.2,Topical Gel,"0.05 % Topical Gel, 30 g tube. Typical dosing: three times daily.","sifloxacin is a antiglaucoma medication classified under ophthalmological drugs.

Mechanism of Action: sifloxacin works by binding to specific receptors in target tissues.

Pharmacokinetics: Slowly absorbed after oral administration. Widely distributed throughout body tissues. Extensively metabolized in the liver via CYP450 enzymes, primarily CYP3A4. Short half-life of 2-4 hours requiring multiple daily dosing.

Contraindications: Severe hepatic impairment; Hypersensitivity to the active substance or any of the excipients; Pregnancy and lactation.

Common Adverse Effects: Diarrhea, Nausea, Dizziness, Pruritus, Fatigue.",,349
329,Befibrate,befibrate,Sun Pharmaceutical,Antidiabetic,GLP-1 Receptor Agonist,69972-566-66,231.22,Buccal Tablet,"50.0 mg Buccal Tablet, 120 Buccal Tablets per bottle. Typical dosing: with meals.","befibrate is indicated as an adjunct to diet and exercise to improve glycemic control in adults with type 2 diabetes.

Mechanism of Action: befibrate works by stimulating insulin release from pancreatic beta cells.

Pharmacokinetics: Absorption is enhanced when taken with food. Does not significantly penetrate the blood-brain barrier. Metabolism shows significant inter-individual variability. Eliminated primarily via renal excretion of unchanged drug.

Contraindications: Acute or chronic metabolic acidosis; Severe renal impairment (GFR < 30 mL/min); Pregnancy and lactation; Type 1 diabetes mellitus (for certain antidiabetic classes).

Common Adverse Effects: Genital mycotic infections, Fatigue, Dizziness, Headache.","CYP3A4,IFNL3,HLA-B*5701",591
330,Clociclovir,clociclovir Calcium,Baxter International,Antiparasitic,Antimalarial,83504-245-31,54.61,Vaginal Cream,"20 mg Vaginal Cream, 30 g tube. Typical dosing: three times daily.","clociclovir is a antimalarial medication classified under antiparasitic drugs.

Mechanism of Action: clociclovir works by modulating biochemical pathways involved in the disease process.

Pharmacokinetics: Absorption is enhanced when taken with food. Widely distributed throughout body tissues. Metabolized to active metabolites that contribute to the therapeutic effect. Prolonged half-life allowing once-daily dosing.

Contraindications: Severe hepatic impairment; Severe renal impairment; Hypersensitivity to the active substance or any of the excipients.

Common Adverse Effects: Headache, Pruritus, Vomiting, Rash, Fatigue, Abdominal pain, Nausea.",,672
331,Navir,navir,Eli Lilly,Otological,Anti-Infective,95866-828-34,37.53,Dispersible Tablet,"25 mg Dispersible Tablet, 20 Dispersible Tablets per bottle. Typical dosing: once daily.","navir is used in the treatment of conditions requiring otological therapy.

Mechanism of Action: navir works by enhancing physiological defense mechanisms.

Pharmacokinetics: Subject to significant first-pass metabolism resulting in reduced bioavailability. Low protein binding (<30%). Primarily metabolized by CYP2D6 with genetic polymorphisms affecting rate of metabolism. Short half-life of 2-4 hours requiring multiple daily dosing.

Contraindications: Severe renal impairment; Severe hepatic impairment; Hypersensitivity to the active substance or any of the excipients; Pregnancy and lactation.

Common Adverse Effects: Fatigue, Dizziness, Pruritus, Vomiting, Abdominal pain, Headache, Rash.",,501
332,Tioxacin,tioxacin Sulfate,Merck,Antibiotic,Sulfonamide,95627-279-40,74.42,Rectal Suppository,"100 mg Rectal Suppository, 10 units per package. Typical dosing: four times daily.","tioxacin is indicated for the treatment of infections caused by susceptible strains of designated microorganisms.

Mechanism of Action: tioxacin works by binding to the 30S ribosomal subunit, inhibiting bacterial protein synthesis.

Pharmacokinetics: Slowly absorbed after oral administration. Widely distributed throughout body tissues. Metabolized to active metabolites that contribute to the therapeutic effect. Elimination rate depends on hepatic function.

Contraindications: Hypersensitivity to the active substance or any of the excipients; History of antibiotic-associated colitis; Severe hepatic impairment; Known bacterial resistance; Myasthenia gravis (for certain antibiotic classes).

Common Adverse Effects: Rash, Photosensitivity, Dizziness, Tooth discoloration.","CYP2E1,CFTR,MTHFR",676
333,Hydipine,hydipine Sulfate,Strides Pharma,Antiviral,Nucleoside Analog,30857-122-16,1451.84,Transdermal Patch,"400 mcg/h Transdermal Patch, 7 patches per box. Typical dosing: three times daily.","hydipine is a nucleoside analog medication classified under antiviral drugs.

Mechanism of Action: hydipine works by modulating biochemical pathways involved in the disease process.

Pharmacokinetics: Rapidly absorbed from the gastrointestinal tract. Highly protein-bound (approximately 90-95%). Extensively metabolized in the liver via CYP450 enzymes, primarily CYP3A4. Eliminated through both renal and biliary routes.

Contraindications: Severe renal impairment; Pregnancy and lactation; Hypersensitivity to the active substance or any of the excipients.

Common Adverse Effects: Abdominal pain, Pruritus, Nausea, Fatigue.",,523
334,Cethiazide,cethiazide,Novo Nordisk,Nutritional,Electrolyte,70675-320-59,44.8,Vaginal Tablet,"5 mg Vaginal Tablet, 50 Vaginal Tablets per bottle. Typical dosing: twice daily.","cethiazide is a electrolyte medication classified under nutritional drugs.

Mechanism of Action: cethiazide works by enhancing physiological defense mechanisms.

Pharmacokinetics: Well absorbed through transdermal application. Moderately protein-bound (approximately 60-80%). Metabolized to active metabolites that contribute to the therapeutic effect. Elimination rate depends on hepatic function.

Contraindications: Severe hepatic impairment; Hypersensitivity to the active substance or any of the excipients; Pregnancy and lactation.

Common Adverse Effects: Pruritus, Fatigue, Nausea, Rash, Diarrhea.",,368
335,Micycline,Glemicycline HCT,Glenmark,Antiparasitic,Antihelminthic,64016-785-50,20.72,Vaginal Tablet,"500 mg Vaginal Tablet, 14 Vaginal Tablets per bottle. Typical dosing: once daily.","micycline is a antihelminthic medication classified under antiparasitic drugs.

Mechanism of Action: micycline works by inhibiting key enzymes in pathological processes.

Pharmacokinetics: Slowly absorbed after oral administration. Accumulates in adipose tissue due to lipophilic properties. Extensively metabolized in the liver via CYP450 enzymes, primarily CYP3A4. Eliminated through both renal and biliary routes.

Contraindications: Pregnancy and lactation; Severe renal impairment; Severe hepatic impairment; Hypersensitivity to the active substance or any of the excipients.

Common Adverse Effects: Fatigue, Pruritus, Abdominal pain, Rash.",DPYD,367
336,Kegliptin,kegliptin,Sanofi,Otological,Anti-Inflammatory,75068-819-35,25.72,Oral Suspension,"0.5 % Oral Suspension, 30 mL bottle. Typical dosing: once daily.","kegliptin belongs to the class of anti-inflammatory agents within the otological category.

Mechanism of Action: kegliptin works by counteracting pathological changes in tissue function.

Pharmacokinetics: Absorption is reduced when taken with food. Crosses the blood-brain barrier. Metabolized to active metabolites that contribute to the therapeutic effect. Eliminated through both renal and biliary routes.

Contraindications: Severe renal impairment; Hypersensitivity to the active substance or any of the excipients; Pregnancy and lactation.

Common Adverse Effects: Diarrhea, Rash, Vomiting, Dizziness, Headache, Pruritus.",,189
337,Rozolam,BI-rozolam,Baxter International,Central Nervous System,Benzodiazepine,33781-539-24,158.49,Extended-Release Capsule,"10.0 mg Extended-Release Capsule, 10 Extended-Release Capsules per bottle. Typical dosing: once daily.","rozolam is indicated for the management of chronic pain conditions through its action on central pain pathways.

Mechanism of Action: rozolam works by enhancing GABAergic neurotransmission, producing anxiolytic and sedative effects.

Pharmacokinetics: Rapidly absorbed from the gastrointestinal tract. Distribution limited primarily to the vascular compartment. Metabolized through multiple pathways with no single dominant route. Eliminated through both renal and biliary routes.

Contraindications: Pregnancy and lactation; Severe renal impairment; Seizure disorders; Angle-closure glaucoma.

Common Adverse Effects: Paresthesia, Rash, Vomiting, Headache, Nausea, Tremor.",,583
338,Raridone,raridone,Serum Institute,Antiviral,Protease Inhibitor,55344-663-23,343.22,Tablet,"1.0 g Tablet, 100 Tablets per bottle. Typical dosing: as directed by physician.","raridone is a protease inhibitor medication classified under antiviral drugs.

Mechanism of Action: raridone works by counteracting pathological changes in tissue function.

Pharmacokinetics: Absorption is pH-dependent, optimized in acidic environment. Does not significantly penetrate the blood-brain barrier. Subject to minimal metabolism, with most of the drug excreted unchanged. Clearance is reduced in patients with renal impairment.

Contraindications: Severe hepatic impairment; Severe renal impairment; Hypersensitivity to the active substance or any of the excipients; Pregnancy and lactation.

Common Adverse Effects: Diarrhea, Abdominal pain, Fatigue, Pruritus.",VKORC1,418
339,Clovastatin,clovastatin,Mankind Pharma,Dermatological,Keratolytic,28657-163-92,42.49,Effervescent Tablet,"2.0 mg Effervescent Tablet, 20 Effervescent Tablets per bottle. Typical dosing: three times daily.","clovastatin is used in the treatment of conditions requiring dermatological therapy.

Mechanism of Action: clovastatin works by modulating biochemical pathways involved in the disease process.

Pharmacokinetics: Rapidly absorbed from the gastrointestinal tract. Widely distributed throughout body tissues. Undergoes conjugation reactions in the liver. Eliminated primarily via renal excretion of unchanged drug.

Contraindications: Severe renal impairment; Pregnancy and lactation; Severe hepatic impairment; Hypersensitivity to the active substance or any of the excipients.

Common Adverse Effects: Diarrhea, Nausea, Rash, Pruritus, Headache, Abdominal pain, Dizziness.",,664
340,Hyolol,hyolol ER,Amgen,Hormonal,Estrogen,12157-546-53,270.25,Ophthalmic Ointment,"0.25 mg/g Ophthalmic Ointment, 45 g tube. Typical dosing: as directed by physician.","hyolol is used in the treatment of conditions requiring hormonal therapy.

Mechanism of Action: hyolol works by counteracting pathological changes in tissue function.

Pharmacokinetics: Well absorbed through transdermal application. Moderately protein-bound (approximately 60-80%). Metabolism shows significant inter-individual variability. Clearance is reduced in patients with renal impairment.

Contraindications: Hypersensitivity to the active substance or any of the excipients; Pregnancy and lactation; Severe hepatic impairment; Severe renal impairment.

Common Adverse Effects: Rash, Dizziness, Diarrhea, Fatigue.",,376
341,Leconazole,leconazole,Biogen,Otological,Cerumenolytic,43984-609-28,72.75,Vaginal Cream,"50 mg Vaginal Cream, 60 g tube. Typical dosing: three times daily.","leconazole is a cerumenolytic medication classified under otological drugs.

Mechanism of Action: leconazole works by binding to specific receptors in target tissues.

Pharmacokinetics: Bioavailability is approximately 60-80% after oral administration. Widely distributed throughout body tissues. Subject to minimal metabolism, with most of the drug excreted unchanged. Short half-life of 2-4 hours requiring multiple daily dosing.

Contraindications: Severe renal impairment; Pregnancy and lactation; Hypersensitivity to the active substance or any of the excipients; Severe hepatic impairment.

Common Adverse Effects: Rash, Nausea, Headache, Vomiting, Dizziness.",,342
342,Femab,Amgfemab Maleate,Amgen,Anticancer,Topoisomerase Inhibitor,14151-931-66,1286.96,Oral Solution,"25.0 mg/mL Oral Solution, 150 mL bottle. Typical dosing: three times daily.","femab is a topoisomerase inhibitor medication classified under anticancer drugs.

Mechanism of Action: femab works by enhancing physiological defense mechanisms.

Pharmacokinetics: Absorption is enhanced when taken with food. Low protein binding (<30%). Primarily metabolized by CYP2D6 with genetic polymorphisms affecting rate of metabolism. Short half-life of 2-4 hours requiring multiple daily dosing.

Contraindications: Severe hepatic impairment; Severe renal impairment; Pregnancy and lactation.

Common Adverse Effects: Vomiting, Nausea, Diarrhea, Fatigue, Dizziness, Pruritus.","COMT,HLA-B*5701,CFTR",378
343,Infloxacin,infloxacin Nitrate HCT,Cipla,Antiparasitic,Antihelminthic,16699-395-85,44.72,Topical Gel,"0.5 % Topical Gel, 15 g tube. Typical dosing: twice daily.","infloxacin is indicated for therapeutic applications related to antiparasitic conditions.

Mechanism of Action: infloxacin works by enhancing physiological defense mechanisms.

Pharmacokinetics: Bioavailability is approximately 60-80% after oral administration. Widely distributed throughout body tissues. Extensively metabolized in the liver via CYP450 enzymes, primarily CYP3A4. Prolonged half-life allowing once-daily dosing.

Contraindications: Severe hepatic impairment; Severe renal impairment; Hypersensitivity to the active substance or any of the excipients; Pregnancy and lactation.

Common Adverse Effects: Nausea, Dizziness, Rash, Abdominal pain, Fatigue.",,677
344,Brorelin,brorelin,Allergan,Hormonal,Androgen,27270-469-31,143.7,Ophthalmic Ointment,"1.0 mg/g Ophthalmic Ointment, 10 g tube. Typical dosing: as directed by physician.","brorelin is indicated for therapeutic applications related to hormonal conditions.

Mechanism of Action: brorelin works by modulating biochemical pathways involved in the disease process.

Pharmacokinetics: Absorption is reduced when taken with food. Crosses the blood-brain barrier. Primarily metabolized by CYP2D6 with genetic polymorphisms affecting rate of metabolism. Terminal half-life of approximately 12-24 hours.

Contraindications: Severe hepatic impairment; Hypersensitivity to the active substance or any of the excipients; Severe renal impairment.

Common Adverse Effects: Abdominal pain, Fatigue, Diarrhea, Nausea.",,210
345,Glimethasone,glimethasone,Gilead Sciences,Antiparasitic,Antihelminthic,11530-312-63,64.82,Rectal Suppository,"20 mg Rectal Suppository, 20 units per package. Typical dosing: as directed by physician.","glimethasone belongs to the class of antihelminthic agents within the antiparasitic category.

Mechanism of Action: glimethasone works by inhibiting key enzymes in pathological processes.

Pharmacokinetics: Bioavailability is approximately 60-80% after oral administration. Moderately protein-bound (approximately 60-80%). Metabolized to active metabolites that contribute to the therapeutic effect. Short half-life of 2-4 hours requiring multiple daily dosing.

Contraindications: Severe renal impairment; Pregnancy and lactation; Hypersensitivity to the active substance or any of the excipients.

Common Adverse Effects: Abdominal pain, Diarrhea, Headache, Pruritus, Nausea, Rash.",,552
346,Vazepam,vazepam,Merck,Central Nervous System,Hypnotic,99577-552-54,244.83,Oral Suspension,"10.0 mg/mL Oral Suspension, 10 mL bottle. Typical dosing: at bedtime.","vazepam helps restore the balance of certain natural substances in the brain, improving mood, thoughts, and behavior.

Mechanism of Action: vazepam works by binding to opioid receptors, modulating pain perception pathways.

Pharmacokinetics: Slowly absorbed after oral administration. Distribution limited primarily to the vascular compartment. Metabolized via non-CYP450 pathways. Clearance is reduced in patients with renal impairment.

Contraindications: Pregnancy and lactation; Recent myocardial infarction; Seizure disorders.

Common Adverse Effects: Paresthesia, Tremor, Rash, Nausea, Insomnia, Diarrhea.","NAT2,TPMT",578
347,Magestin,magestin Nitrate,AbbVie,Hormonal,Progestin,88685-396-85,87.76,Inhalation Powder,"2.0 mg/dose Inhalation Powder, 30 doses per inhaler. Typical dosing: twice daily.","magestin is used in the treatment of conditions requiring hormonal therapy.

Mechanism of Action: magestin works by inhibiting key enzymes in pathological processes.

Pharmacokinetics: Subject to significant first-pass metabolism resulting in reduced bioavailability. Highly protein-bound (approximately 90-95%). Extensively metabolized in the liver via CYP450 enzymes, primarily CYP3A4. Elimination rate depends on hepatic function.

Contraindications: Severe hepatic impairment; Severe renal impairment; Pregnancy and lactation; Hypersensitivity to the active substance or any of the excipients.

Common Adverse Effects: Vomiting, Nausea, Dizziness, Diarrhea, Fatigue, Abdominal pain.",,516
348,Clotriptan,clotriptan Potassium,Bristol-Myers Squibb,Immunological,Immunosuppressant,69082-457-74,449.22,Vaginal Suppository,"200 mg Vaginal Suppository, 100 units per package. Typical dosing: as directed by physician.","clotriptan is used in the treatment of conditions requiring immunological therapy.

Mechanism of Action: clotriptan works by counteracting pathological changes in tissue function.

Pharmacokinetics: Absorption is enhanced when taken with food. Accumulates in adipose tissue due to lipophilic properties. Metabolized through multiple pathways with no single dominant route. Excreted in urine as metabolites.

Contraindications: Severe hepatic impairment; Pregnancy and lactation; Severe renal impairment; Hypersensitivity to the active substance or any of the excipients.

Common Adverse Effects: Diarrhea, Nausea, Pruritus, Rash, Abdominal pain.",NAT2,462
349,Neplatin,neplatin HCl,Piramal Healthcare,Anticancer,Topoisomerase Inhibitor,24368-813-71,686.73,Topical Ointment,"10.0 % Topical Ointment, 5 g tube. Typical dosing: three times daily.","neplatin is indicated for therapeutic applications related to anticancer conditions.

Mechanism of Action: neplatin works by counteracting pathological changes in tissue function.

Pharmacokinetics: Well absorbed through transdermal application. Accumulates in adipose tissue due to lipophilic properties. Metabolized to active metabolites that contribute to the therapeutic effect. Short half-life of 2-4 hours requiring multiple daily dosing.

Contraindications: Pregnancy and lactation; Severe renal impairment; Severe hepatic impairment.

Common Adverse Effects: Headache, Fatigue, Diarrhea, Pruritus, Dizziness.",,478
350,Kedipine,kedipine HCT,Merck,Dermatological,Corticosteroid,45159-248-97,66.7,Topical Cream,"0.5 mg/g Topical Cream, 5 g tube. Typical dosing: as directed by physician.","kedipine is a corticosteroid medication classified under dermatological drugs.

Mechanism of Action: kedipine works by binding to specific receptors in target tissues.

Pharmacokinetics: Absorption is pH-dependent, optimized in acidic environment. Accumulates in adipose tissue due to lipophilic properties. Extensively metabolized in the liver via CYP450 enzymes, primarily CYP3A4. Terminal half-life of approximately 12-24 hours.

Contraindications: Pregnancy and lactation; Severe renal impairment; Hypersensitivity to the active substance or any of the excipients.

Common Adverse Effects: Abdominal pain, Rash, Headache, Diarrhea, Fatigue, Pruritus, Dizziness.",,483
351,Liglutide,liglutide,Sanofi,Antidiabetic,Biguanide,89998-392-77,127.29,Lozenges,"50.0 mg Lozenges, 10 units per package. Typical dosing: with meals.","liglutide stimulates insulin secretion from pancreatic beta cells, helping to lower blood glucose levels in diabetic patients.

Mechanism of Action: liglutide works by stimulating insulin release from pancreatic beta cells.

Pharmacokinetics: Well absorbed through transdermal application. Low protein binding (<30%). Metabolized through multiple pathways with no single dominant route. Excreted in urine as metabolites.

Contraindications: Severe renal impairment; Acute or chronic metabolic acidosis; Pregnancy and lactation; Diabetic ketoacidosis; Severe hepatic impairment.

Common Adverse Effects: Weight gain, Pruritus, Headache, Vomiting, Rash, Genital mycotic infections, Nausea.",,551
352,Mosemide,GS-mosemide XR,Gilead Sciences,Cardiovascular,Vasodilator,93960-771-68,31.24,Buccal Tablet,"100.0 mg Buccal Tablet, 10 Buccal Tablets per bottle. Typical dosing: twice daily.","mosemide belongs to the class of vasodilator medications and is used to treat various cardiovascular disorders including coronary artery disease.

Mechanism of Action: mosemide works by blocking calcium channels in vascular smooth muscle and cardiac muscle.

Pharmacokinetics: Absorption is enhanced when taken with food. Accumulates in adipose tissue due to lipophilic properties. Undergoes conjugation reactions in the liver. Eliminated through both renal and biliary routes.

Contraindications: Bilateral renal artery stenosis; Pregnancy and lactation; Acute heart failure; Severe renal impairment.

Common Adverse Effects: Nausea, Diarrhea, Headache, Fatigue.",,552
353,Clozepam,clozepam Maleate,Bayer,Antiviral,Protease Inhibitor,66727-405-98,287.05,Sublingual Tablet,"5 mg Sublingual Tablet, 20 Sublingual Tablets per bottle. Typical dosing: once daily.","clozepam is used in the treatment of conditions requiring antiviral therapy.

Mechanism of Action: clozepam works by counteracting pathological changes in tissue function.

Pharmacokinetics: Absorption is enhanced when taken with food. Highly protein-bound (approximately 90-95%). Metabolized through multiple pathways with no single dominant route. Elimination rate depends on hepatic function.

Contraindications: Severe hepatic impairment; Hypersensitivity to the active substance or any of the excipients; Pregnancy and lactation.

Common Adverse Effects: Headache, Nausea, Vomiting, Dizziness, Fatigue, Pruritus.","ABCG2,BCHE",380
354,Tamab,tamab,Biocon,Anticancer,Cytotoxic Antibiotic,98585-925-30,1795.77,Orally Disintegrating Tablet,"200 mg Orally Disintegrating Tablet, 20 Orally Disintegrating Tablets per bottle. Typical dosing: three times daily.","tamab belongs to the class of cytotoxic antibiotic agents within the anticancer category.

Mechanism of Action: tamab works by modulating biochemical pathways involved in the disease process.

Pharmacokinetics: Absorption is enhanced when taken with food. Distribution limited primarily to the vascular compartment. Subject to minimal metabolism, with most of the drug excreted unchanged. Elimination rate depends on hepatic function.

Contraindications: Pregnancy and lactation; Hypersensitivity to the active substance or any of the excipients; Severe renal impairment.

Common Adverse Effects: Fatigue, Diarrhea, Nausea, Pruritus, Abdominal pain, Headache.",,543
355,Fisemide,fisemide,Vertex,Cardiovascular,Antiarrhythmic,72491-262-28,135.2,Drops,"25.0 mg Drops, 20 units per package. Typical dosing: twice daily.","fisemide is indicated for the treatment of hypertension, either alone or in combination with other antihypertensive agents.

Mechanism of Action: fisemide works by selectively blocking beta-adrenergic receptors, reducing the effects of epinephrine.

Pharmacokinetics: Absorption is reduced when taken with food. Crosses the blood-brain barrier. Metabolized to active metabolites that contribute to the therapeutic effect. Eliminated through both renal and biliary routes.

Contraindications: Pregnancy and lactation; Hypersensitivity to the active substance or any of the excipients; Severe hepatic impairment.

Common Adverse Effects: Flushing, Vomiting, Rash, Dizziness, Chest pain.",CYP3A4,390
356,Esdronate,esdronate CR,Cipla,Central Nervous System,Antiepileptic,40998-261-14,75.4,Powder for Reconstitution,"37.5 mg Powder for Reconstitution, 100 units per package. Typical dosing: as needed for pain.","esdronate is a antiepileptic that acts on the central nervous system to treat conditions such as depression, anxiety, or seizures.

Mechanism of Action: esdronate works by inhibiting monoamine oxidase, increasing levels of monoamine neurotransmitters.

Pharmacokinetics: Absorption is reduced when taken with food. Accumulates in adipose tissue due to lipophilic properties. Metabolized via non-CYP450 pathways. Terminal half-life of approximately 12-24 hours.

Contraindications: Suicidal ideation; Hypersensitivity to the active substance or any of the excipients; Concomitant use of monoamine oxidase inhibitors.

Common Adverse Effects: Tremor, Vomiting, Depression, Diarrhea, Rash, Insomnia.",,516
357,Vitidine,vitidine Sulfate,Dr. Reddy's,Gastrointestinal,Antispasmodic,56483-208-16,34.05,Chewable Tablet,"100 mg Chewable Tablet, 90 Chewable Tablets per bottle. Typical dosing: twice daily.","vitidine provides relief from symptoms associated with gastroesophageal reflux disease (GERD) and peptic ulcer disease.

Mechanism of Action: vitidine works by antagonizing histamine H2 receptors in gastric parietal cells, reducing acid secretion.

Pharmacokinetics: Absorption is pH-dependent, optimized in acidic environment. Low protein binding (<30%). Extensively metabolized in the liver via CYP450 enzymes, primarily CYP3A4. Eliminated through both renal and biliary routes.

Contraindications: Pregnancy and lactation; Severe hepatic impairment; Gastrointestinal obstruction; Active gastrointestinal bleeding.

Common Adverse Effects: Constipation, Vomiting, Dizziness, Fatigue, Dyspepsia, Altered taste.",,411
358,Meciclovir,Amgmeciclovir Potassium,Amgen,Respiratory,Mucolytic,70086-700-44,88.53,Buccal Tablet,"2 mg Buccal Tablet, 180 Buccal Tablets per bottle. Typical dosing: every 4-6 hours as needed.","meciclovir is a mucolytic indicated for the treatment of asthma and chronic obstructive pulmonary disease (COPD).

Mechanism of Action: meciclovir works by antagonizing histamine H1 receptors, reducing allergic responses.

Pharmacokinetics: Absorption is enhanced when taken with food. Distribution limited primarily to the vascular compartment. Primarily metabolized by CYP2D6 with genetic polymorphisms affecting rate of metabolism. Eliminated through both renal and biliary routes.

Contraindications: Status asthmaticus; Severe hepatic impairment; Known hypersensitivity to adrenergic compounds.

Common Adverse Effects: Increased sputum production, Abdominal pain, Rhinitis, Fatigue, Bronchospasm.",,843
359,Vazepine,Pfivazepine,Pfizer,Respiratory,Mucolytic,96614-926-22,169.58,Sublingual Tablet,"5 mg Sublingual Tablet, 90 Sublingual Tablets per bottle. Typical dosing: once daily.","vazepine helps reduce inflammation and bronchospasm in the airways, improving breathing in patients with respiratory conditions.

Mechanism of Action: vazepine works by reducing mucus production and improving mucociliary clearance.

Pharmacokinetics: Slowly absorbed after oral administration. Low protein binding (<30%). Metabolized to active metabolites that contribute to the therapeutic effect. Excreted in urine as metabolites.

Contraindications: Status asthmaticus; Severe hepatic impairment; Pregnancy and lactation; Severe COPD with respiratory insufficiency; Known hypersensitivity to adrenergic compounds.

Common Adverse Effects: Nausea, Abdominal pain, Headache, Rash.",,622
360,Flutriptium,Genflutriptium,Genentech,Respiratory,Antitussive,17444-750-11,159.52,Drops,"20 mg Drops, 30 units per package. Typical dosing: twice daily.","flutriptium is a antitussive indicated for the treatment of asthma and chronic obstructive pulmonary disease (COPD).

Mechanism of Action: flutriptium works by blocking leukotriene receptors, reducing bronchial inflammation and constriction.

Pharmacokinetics: Bioavailability is approximately 60-80% after oral administration. Moderately protein-bound (approximately 60-80%). Metabolized to active metabolites that contribute to the therapeutic effect. Elimination rate depends on hepatic function.

Contraindications: Status asthmaticus; Untreated fungal infections of the respiratory tract; Hypersensitivity to the active substance or any of the excipients.

Common Adverse Effects: Headache, Abdominal pain, Increased sputum production, Fatigue, Nausea, Vomiting.",,435
361,Fecillin,fecillin,Glenmark,Antibiotic,Quinolone,98103-832-45,73.91,Vaginal Tablet,"1000 mg Vaginal Tablet, 30 Vaginal Tablets per bottle. Typical dosing: four times daily.","fecillin demonstrates bactericidal activity against a wide spectrum of pathogens commonly associated with respiratory, skin, and urinary tract infections.

Mechanism of Action: fecillin works by disrupting bacterial cell membrane integrity, leading to cell death.

Pharmacokinetics: Well absorbed through transdermal application. Accumulates in adipose tissue due to lipophilic properties. Undergoes conjugation reactions in the liver. Eliminated primarily via renal excretion of unchanged drug.

Contraindications: Severe hepatic impairment; Pregnancy and lactation; Myasthenia gravis (for certain antibiotic classes); Severe renal impairment.

Common Adverse Effects: Abdominal pain, Candidiasis, Photosensitivity, Nausea, Antibiotic-associated diarrhea, Dizziness.",,401
362,Tiprazole,tiprazole HCl,Teva Pharmaceutical,Anticancer,Targeted Therapy,38198-263-73,3520.75,Intravenous Solution,"5 mcg/mL Intravenous Solution, 480 mL bottle. Typical dosing: as directed by physician.","tiprazole is a targeted therapy medication classified under anticancer drugs.

Mechanism of Action: tiprazole works by binding to specific receptors in target tissues.

Pharmacokinetics: Slowly absorbed after oral administration. Crosses the blood-brain barrier. Metabolized through multiple pathways with no single dominant route. Terminal half-life of approximately 12-24 hours.

Contraindications: Hypersensitivity to the active substance or any of the excipients; Severe renal impairment; Severe hepatic impairment; Pregnancy and lactation.

Common Adverse Effects: Pruritus, Vomiting, Diarrhea, Abdominal pain.","ABCG2,TPMT,CFTR",447
363,Cloglutide,cloglutide HCl,Sanofi,Antidiabetic,Sulfonylurea,87288-114-21,71.59,Extended-Release Capsule,"25.0 mg Extended-Release Capsule, 50 Extended-Release Capsules per bottle. Typical dosing: twice daily.","cloglutide improves insulin sensitivity and reduces hepatic glucose production, leading to better glycemic control.

Mechanism of Action: cloglutide works by inhibiting sodium-glucose cotransporter 2 (SGLT2) in the kidneys, increasing urinary glucose excretion.

Pharmacokinetics: Slowly absorbed after oral administration. Crosses the blood-brain barrier. Metabolized via non-CYP450 pathways. Prolonged half-life allowing once-daily dosing.

Contraindications: Hypersensitivity to the active substance or any of the excipients; Diabetic ketoacidosis; Pregnancy and lactation; Severe renal impairment; Type 1 diabetes mellitus (for certain antidiabetic classes).

Common Adverse Effects: Nausea, Genital mycotic infections, Pruritus, Peripheral edema.",,589
364,Siphylline,Biosiphylline Forte,Biogen,Antiparasitic,Antimalarial,30891-545-27,87.75,Ophthalmic Ointment,"5.0 % Ophthalmic Ointment, 10 g tube. Typical dosing: twice daily.","siphylline is a antimalarial medication classified under antiparasitic drugs.

Mechanism of Action: siphylline works by modulating biochemical pathways involved in the disease process.

Pharmacokinetics: Slowly absorbed after oral administration. Does not significantly penetrate the blood-brain barrier. Metabolized to active metabolites that contribute to the therapeutic effect. Clearance is reduced in patients with renal impairment.

Contraindications: Pregnancy and lactation; Severe hepatic impairment; Severe renal impairment.

Common Adverse Effects: Dizziness, Nausea, Headache, Vomiting.",,521
365,Keolol,Takkeolol,Takeda,Musculoskeletal,Antirheumatic,98585-457-73,36.46,Vaginal Suppository,"200 mg Vaginal Suppository, 30 units per package. Typical dosing: as directed by physician.","keolol belongs to the class of antirheumatic agents within the musculoskeletal category.

Mechanism of Action: keolol works by counteracting pathological changes in tissue function.

Pharmacokinetics: Slowly absorbed after oral administration. Moderately protein-bound (approximately 60-80%). Metabolism shows significant inter-individual variability. Eliminated primarily via renal excretion of unchanged drug.

Contraindications: Severe renal impairment; Hypersensitivity to the active substance or any of the excipients; Severe hepatic impairment; Pregnancy and lactation.

Common Adverse Effects: Diarrhea, Dizziness, Nausea, Headache, Pruritus.",,655
366,Ciglinide,ciglinide,Teva Pharmaceutical,Antidiabetic,Sulfonylurea,86660-825-36,246.06,Buccal Tablet,"50.0 mg Buccal Tablet, 14 Buccal Tablets per bottle. Typical dosing: once daily.","ciglinide improves insulin sensitivity and reduces hepatic glucose production, leading to better glycemic control.

Mechanism of Action: ciglinide works by stimulating insulin release from pancreatic beta cells.

Pharmacokinetics: Absorption is enhanced when taken with food. Highly protein-bound (approximately 90-95%). Metabolized through multiple pathways with no single dominant route. Excreted in urine as metabolites.

Contraindications: Acute or chronic metabolic acidosis; Diabetic ketoacidosis; Type 1 diabetes mellitus (for certain antidiabetic classes).

Common Adverse Effects: Nausea, Urinary tract infections, Dizziness, Genital mycotic infections, Weight gain, Abdominal pain, Headache.",DPYD,374
367,Acantine,acantine Potassium,Vertex,Cardiovascular,Antianginal,99242-276-63,77.99,Rectal Suppository,"40.0 mg Rectal Suppository, 100 units per package. Typical dosing: three times daily.","acantine belongs to the class of antianginal medications and is used to treat various cardiovascular disorders including coronary artery disease.

Mechanism of Action: acantine works by selectively blocking beta-adrenergic receptors, reducing the effects of epinephrine.

Pharmacokinetics: Absorption is pH-dependent, optimized in acidic environment. Highly protein-bound (approximately 90-95%). Metabolized via non-CYP450 pathways. Clearance is reduced in patients with renal impairment.

Contraindications: Severe bradycardia; Severe hepatic impairment; Pregnancy and lactation.

Common Adverse Effects: Abdominal pain, Palpitations, Headache, Fatigue, Chest pain.",,725
368,Catinib,catinib Hydrochloride,Aurobindo Pharma,Antiviral,CCR5 Antagonist,61749-363-36,841.08,Oral Solution,"500 mcg/mL Oral Solution, 15 mL bottle. Typical dosing: twice daily.","catinib is used in the treatment of conditions requiring antiviral therapy.

Mechanism of Action: catinib works by enhancing physiological defense mechanisms.

Pharmacokinetics: Bioavailability is approximately 60-80% after oral administration. Low protein binding (<30%). Metabolized to active metabolites that contribute to the therapeutic effect. Elimination rate depends on hepatic function.

Contraindications: Severe renal impairment; Severe hepatic impairment; Hypersensitivity to the active substance or any of the excipients; Pregnancy and lactation.

Common Adverse Effects: Pruritus, Rash, Headache, Nausea.",ABCG2,577
369,Ceconazole,BI-ceconazole Sodium SR,Boehringer Ingelheim,Immunological,Monoclonal Antibody,29646-326-60,477.4,Sublingual Tablet,"100 mg Sublingual Tablet, 100 Sublingual Tablets per bottle. Typical dosing: as directed by physician.","ceconazole belongs to the class of monoclonal antibody agents within the immunological category.

Mechanism of Action: ceconazole works by counteracting pathological changes in tissue function.

Pharmacokinetics: Subject to significant first-pass metabolism resulting in reduced bioavailability. Moderately protein-bound (approximately 60-80%). Metabolized to active metabolites that contribute to the therapeutic effect. Excreted in urine as metabolites.

Contraindications: Severe hepatic impairment; Hypersensitivity to the active substance or any of the excipients; Pregnancy and lactation; Severe renal impairment.

Common Adverse Effects: Headache, Rash, Fatigue, Dizziness, Nausea, Vomiting, Diarrhea.","CYP1A2,IFNL3",545
370,Cevatib,cevatib Sulfate,Amgen,Hormonal,Progestin,97134-452-11,219.4,Chewable Tablet,"2.0 mg Chewable Tablet, 30 Chewable Tablets per bottle. Typical dosing: as directed by physician.","cevatib is a progestin medication classified under hormonal drugs.

Mechanism of Action: cevatib works by counteracting pathological changes in tissue function.

Pharmacokinetics: Bioavailability is approximately 60-80% after oral administration. Crosses the blood-brain barrier. Metabolized to active metabolites that contribute to the therapeutic effect. Elimination rate depends on hepatic function.

Contraindications: Severe renal impairment; Severe hepatic impairment; Pregnancy and lactation.

Common Adverse Effects: Dizziness, Rash, Diarrhea, Pruritus.","CYP2D6,ABCG2,ABCB1",581
371,Caolol,caolol,Aurobindo Pharma,Cardiovascular,Antihypertensive,34567-220-40,50.21,Tablet,"300.0 mg Tablet, 90 Tablets per bottle. Typical dosing: once daily.","caolol is a antihypertensive used in the management of heart failure, hypertension, and related cardiovascular conditions.

Mechanism of Action: caolol works by promoting sodium and water excretion by inhibiting sodium reabsorption in the distal tubule.

Pharmacokinetics: Absorption is pH-dependent, optimized in acidic environment. Does not significantly penetrate the blood-brain barrier. Metabolized to active metabolites that contribute to the therapeutic effect. Eliminated primarily via renal excretion of unchanged drug.

Contraindications: Severe bradycardia; Severe renal impairment; Cardiogenic shock.

Common Adverse Effects: Syncope, Bradycardia, Diarrhea, Dizziness, Palpitations.",CFTR,715
372,Raafil,GS-raafil Maleate,Gilead Sciences,Ophthalmological,Antiglaucoma,84419-857-31,275.5,Intravenous Solution,"50.0 mg/mL Intravenous Solution, 60 mL bottle. Typical dosing: twice daily.","raafil belongs to the class of antiglaucoma agents within the ophthalmological category.

Mechanism of Action: raafil works by enhancing physiological defense mechanisms.

Pharmacokinetics: Rapidly absorbed from the gastrointestinal tract. Low protein binding (<30%). Primarily metabolized by CYP2D6 with genetic polymorphisms affecting rate of metabolism. Prolonged half-life allowing once-daily dosing.

Contraindications: Severe hepatic impairment; Severe renal impairment; Hypersensitivity to the active substance or any of the excipients; Pregnancy and lactation.

Common Adverse Effects: Headache, Fatigue, Diarrhea, Nausea.",,578
373,Relizid,relizid Citrate,Bayer,Respiratory,Bronchodilator,42373-429-68,41.16,Ophthalmic Solution,"50.0 mg/mL Ophthalmic Solution, 60 mL bottle. Typical dosing: twice daily.","relizid helps reduce inflammation and bronchospasm in the airways, improving breathing in patients with respiratory conditions.

Mechanism of Action: relizid works by reducing mucus production and improving mucociliary clearance.

Pharmacokinetics: Slowly absorbed after oral administration. Widely distributed throughout body tissues. Extensively metabolized in the liver via CYP450 enzymes, primarily CYP3A4. Excreted in urine as metabolites.

Contraindications: Severe renal impairment; Status asthmaticus; Severe COPD with respiratory insufficiency; Untreated fungal infections of the respiratory tract.

Common Adverse Effects: Rhinitis, Rash, Cough, Fatigue.",,723
374,Lolizid,lolizid Citrate HCl,Cipla,Respiratory,Bronchodilator,27764-538-58,86.24,Rectal Suppository,"200 mg Rectal Suppository, 100 units per package. Typical dosing: once daily.","lolizid is indicated for maintenance treatment of bronchospasm associated with respiratory disorders.

Mechanism of Action: lolizid works by stimulating beta-2 adrenergic receptors in bronchial smooth muscle, causing bronchodilation.

Pharmacokinetics: Subject to significant first-pass metabolism resulting in reduced bioavailability. Moderately protein-bound (approximately 60-80%). Metabolized via non-CYP450 pathways. Elimination rate depends on hepatic function.

Contraindications: Hypersensitivity to the active substance or any of the excipients; Severe hepatic impairment; Status asthmaticus.

Common Adverse Effects: Rhinitis, Nausea, Dyspnea, Rash, Cough, Fatigue, Bronchospasm.","SLCO1B1,CYP3A4,CYP2D6",559
375,Nezolam,nezolam CR,Strides Pharma,Central Nervous System,Antiepileptic,85460-207-79,307.1,Ophthalmic Solution,"1.0 mg/mL Ophthalmic Solution, 240 mL bottle. Typical dosing: at bedtime.","nezolam is a antiepileptic that acts on the central nervous system to treat conditions such as depression, anxiety, or seizures.

Mechanism of Action: nezolam works by binding to opioid receptors, modulating pain perception pathways.

Pharmacokinetics: Slowly absorbed after oral administration. Widely distributed throughout body tissues. Extensively metabolized in the liver via CYP450 enzymes, primarily CYP3A4. Terminal half-life of approximately 12-24 hours.

Contraindications: Severe renal impairment; Suicidal ideation; Seizure disorders.

Common Adverse Effects: Paresthesia, Dizziness, Insomnia, Confusion, Somnolence, Abdominal pain, Fatigue.",,727
376,Paglitazone,paglitazone D,Teva Pharmaceutical,Antiviral,Protease Inhibitor,40935-131-31,387.14,Topical Gel,"50 mg/g Topical Gel, 100 g tube. Typical dosing: once daily.","paglitazone is a protease inhibitor medication classified under antiviral drugs.

Mechanism of Action: paglitazone works by binding to specific receptors in target tissues.

Pharmacokinetics: Subject to significant first-pass metabolism resulting in reduced bioavailability. Crosses the blood-brain barrier. Metabolized via non-CYP450 pathways. Eliminated primarily via renal excretion of unchanged drug.

Contraindications: Pregnancy and lactation; Severe renal impairment; Severe hepatic impairment.

Common Adverse Effects: Rash, Headache, Dizziness, Vomiting, Fatigue.",,459
377,Netuximab,netuximab Oral,Sanofi,Antiviral,CCR5 Antagonist,51896-230-71,663.07,Ophthalmic Ointment,"5.0 % Ophthalmic Ointment, 10 g tube. Typical dosing: three times daily.","netuximab is indicated for therapeutic applications related to antiviral conditions.

Mechanism of Action: netuximab works by inhibiting key enzymes in pathological processes.

Pharmacokinetics: Bioavailability is approximately 60-80% after oral administration. Widely distributed throughout body tissues. Undergoes conjugation reactions in the liver. Prolonged half-life allowing once-daily dosing.

Contraindications: Severe renal impairment; Hypersensitivity to the active substance or any of the excipients; Severe hepatic impairment.

Common Adverse Effects: Diarrhea, Dizziness, Vomiting, Fatigue, Pruritus.",,432
378,Clotidine,clotidine XR,Vertex,Gastrointestinal,Antiemetic,84017-713-96,260.38,Inhalation Powder,"60 mg/dose Inhalation Powder, 90 doses per inhaler. Typical dosing: three times daily.","clotidine is a antiemetic used in the treatment of acid-related gastrointestinal disorders.

Mechanism of Action: clotidine works by forming a protective barrier over inflamed areas in the gastrointestinal tract.

Pharmacokinetics: Rapidly absorbed from the gastrointestinal tract. Crosses the blood-brain barrier. Metabolized through multiple pathways with no single dominant route. Elimination rate depends on hepatic function.

Contraindications: Hypersensitivity to the active substance or any of the excipients; Severe hepatic impairment; Pregnancy and lactation.

Common Adverse Effects: Pruritus, Dry mouth, Altered taste, Flatulence, Nausea, Constipation.",,560
379,Recitabine,recitabine Hydrochloride,Bayer,Otological,Anti-Infective,93649-307-90,42.09,Powder for Reconstitution,"200 mg Powder for Reconstitution, 20 units per package. Typical dosing: once daily.","recitabine is used in the treatment of conditions requiring otological therapy.

Mechanism of Action: recitabine works by modulating biochemical pathways involved in the disease process.

Pharmacokinetics: Subject to significant first-pass metabolism resulting in reduced bioavailability. Crosses the blood-brain barrier. Extensively metabolized in the liver via CYP450 enzymes, primarily CYP3A4. Terminal half-life of approximately 12-24 hours.

Contraindications: Severe hepatic impairment; Hypersensitivity to the active substance or any of the excipients; Severe renal impairment.

Common Adverse Effects: Nausea, Rash, Diarrhea, Headache, Dizziness, Vomiting, Pruritus.","NAT2,MTHFR",605
380,Dodronate,dodronate Potassium,Serum Institute,Musculoskeletal,Bisphosphonate,42479-514-86,105.53,Effervescent Tablet,"100 mg Effervescent Tablet, 50 Effervescent Tablets per bottle. Typical dosing: three times daily.","dodronate belongs to the class of bisphosphonate agents within the musculoskeletal category.

Mechanism of Action: dodronate works by counteracting pathological changes in tissue function.

Pharmacokinetics: Slowly absorbed after oral administration. Crosses the blood-brain barrier. Extensively metabolized in the liver via CYP450 enzymes, primarily CYP3A4. Excreted in urine as metabolites.

Contraindications: Severe hepatic impairment; Severe renal impairment; Hypersensitivity to the active substance or any of the excipients; Pregnancy and lactation.

Common Adverse Effects: Diarrhea, Headache, Abdominal pain, Dizziness.",,447
381,Hemicin,hemicin,Mylan,Musculoskeletal,Antigout,60242-845-73,129.09,Dispersible Tablet,"10 mg Dispersible Tablet, 14 Dispersible Tablets per bottle. Typical dosing: once daily.","hemicin is indicated for therapeutic applications related to musculoskeletal conditions.

Mechanism of Action: hemicin works by inhibiting key enzymes in pathological processes.

Pharmacokinetics: Absorption is reduced when taken with food. Moderately protein-bound (approximately 60-80%). Metabolized via non-CYP450 pathways. Short half-life of 2-4 hours requiring multiple daily dosing.

Contraindications: Hypersensitivity to the active substance or any of the excipients; Severe hepatic impairment; Severe renal impairment; Pregnancy and lactation.

Common Adverse Effects: Rash, Pruritus, Abdominal pain, Diarrhea, Nausea, Fatigue, Vomiting.","DPYD,CFTR",686
382,Ceciclovir,ceciclovir Sodium,Cipla,Ophthalmological,Lubricant,49665-925-76,29.27,Otic Solution,"0.5 mg/mL Otic Solution, 10 mL bottle. Typical dosing: once daily.","ceciclovir is a lubricant medication classified under ophthalmological drugs.

Mechanism of Action: ceciclovir works by binding to specific receptors in target tissues.

Pharmacokinetics: Subject to significant first-pass metabolism resulting in reduced bioavailability. Accumulates in adipose tissue due to lipophilic properties. Metabolized via non-CYP450 pathways. Short half-life of 2-4 hours requiring multiple daily dosing.

Contraindications: Hypersensitivity to the active substance or any of the excipients; Severe renal impairment; Pregnancy and lactation; Severe hepatic impairment.

Common Adverse Effects: Dizziness, Rash, Abdominal pain, Fatigue, Vomiting, Headache, Diarrhea.","CYP1A2,CYP2E1",350
383,Ladipine,ladipine,Merck KGaA,Immunological,Vaccine,51685-341-87,144.59,Chewable Tablet,"25 mg Chewable Tablet, 10 Chewable Tablets per bottle. Typical dosing: twice daily.","ladipine is a vaccine medication classified under immunological drugs.

Mechanism of Action: ladipine works by inhibiting key enzymes in pathological processes.

Pharmacokinetics: Rapidly absorbed from the gastrointestinal tract. Does not significantly penetrate the blood-brain barrier. Metabolized through multiple pathways with no single dominant route. Short half-life of 2-4 hours requiring multiple daily dosing.

Contraindications: Hypersensitivity to the active substance or any of the excipients; Severe renal impairment; Pregnancy and lactation; Severe hepatic impairment.

Common Adverse Effects: Headache, Pruritus, Nausea, Rash, Fatigue.",,520
384,Setidine,IP-setidine,Intas Pharmaceuticals,Respiratory,Antitussive,76317-240-65,98.2,Vaginal Tablet,"40 mg Vaginal Tablet, 10 Vaginal Tablets per bottle. Typical dosing: twice daily.","setidine is used for symptomatic relief of respiratory tract disorders characterized by congestion and inflammation.

Mechanism of Action: setidine works by stimulating beta-2 adrenergic receptors in bronchial smooth muscle, causing bronchodilation.

Pharmacokinetics: Absorption is reduced when taken with food. Crosses the blood-brain barrier. Primarily metabolized by CYP2D6 with genetic polymorphisms affecting rate of metabolism. Clearance is reduced in patients with renal impairment.

Contraindications: Untreated fungal infections of the respiratory tract; Severe hepatic impairment; Severe COPD with respiratory insufficiency.

Common Adverse Effects: Vomiting, Dizziness, Bronchospasm, Rhinitis, Nausea, Pharyngitis, Diarrhea.",,735
385,Ceoxacin,Rocceoxacin HBr,Roche,Ophthalmological,Antiglaucoma,45011-853-20,85.48,Capsule,"150 mcg Capsule, 60 Capsules per bottle. Typical dosing: once daily.","ceoxacin is indicated for therapeutic applications related to ophthalmological conditions.

Mechanism of Action: ceoxacin works by inhibiting key enzymes in pathological processes.

Pharmacokinetics: Slowly absorbed after oral administration. Distribution limited primarily to the vascular compartment. Metabolism shows significant inter-individual variability. Prolonged half-life allowing once-daily dosing.

Contraindications: Hypersensitivity to the active substance or any of the excipients; Severe hepatic impairment; Pregnancy and lactation; Severe renal impairment.

Common Adverse Effects: Headache, Rash, Diarrhea, Pruritus, Vomiting.",,224
386,Tezepine,tezepine,Piramal Healthcare,Ophthalmological,Antiglaucoma,52403-433-94,93.73,Vaginal Cream,"200 mg Vaginal Cream, 50 g tube. Typical dosing: three times daily.","tezepine is a antiglaucoma medication classified under ophthalmological drugs.

Mechanism of Action: tezepine works by binding to specific receptors in target tissues.

Pharmacokinetics: Subject to significant first-pass metabolism resulting in reduced bioavailability. Distribution limited primarily to the vascular compartment. Metabolized via non-CYP450 pathways. Short half-life of 2-4 hours requiring multiple daily dosing.

Contraindications: Severe renal impairment; Hypersensitivity to the active substance or any of the excipients; Severe hepatic impairment; Pregnancy and lactation.

Common Adverse Effects: Abdominal pain, Nausea, Rash, Diarrhea.",,477
387,Esglitazone,BI-esglitazone HCl,Boehringer Ingelheim,Nutritional,Caloric Agent,61549-396-90,34.15,Topical Gel,"20 mg/g Topical Gel, 60 g tube. Typical dosing: as directed by physician.","esglitazone belongs to the class of caloric agent agents within the nutritional category.

Mechanism of Action: esglitazone works by enhancing physiological defense mechanisms.

Pharmacokinetics: Absorption is reduced when taken with food. Moderately protein-bound (approximately 60-80%). Extensively metabolized in the liver via CYP450 enzymes, primarily CYP3A4. Terminal half-life of approximately 12-24 hours.

Contraindications: Severe renal impairment; Severe hepatic impairment; Pregnancy and lactation; Hypersensitivity to the active substance or any of the excipients.

Common Adverse Effects: Nausea, Abdominal pain, Rash, Fatigue, Headache.",,524
388,Diridone,BI-diridone,Boehringer Ingelheim,Central Nervous System,Opioid,49878-154-13,75.18,Powder for Reconstitution,"200.0 mg Powder for Reconstitution, 30 units per package. Typical dosing: once daily.","diridone is used in the treatment of neurological and psychiatric disorders by modulating neurotransmitter activity.

Mechanism of Action: diridone works by inhibiting the reuptake of serotonin and norepinephrine in the CNS.

Pharmacokinetics: Bioavailability is approximately 60-80% after oral administration. Distribution limited primarily to the vascular compartment. Subject to minimal metabolism, with most of the drug excreted unchanged. Elimination rate depends on hepatic function.

Contraindications: Severe renal impairment; Pregnancy and lactation; Hypersensitivity to the active substance or any of the excipients; Suicidal ideation; Concomitant use of monoamine oxidase inhibitors.

Common Adverse Effects: Insomnia, Confusion, Pruritus, Anxiety, Fatigue, Memory impairment, Headache.","CYP2E1,CYP3A4,HLA-B*1502",555
389,Lisetron,AP-lisetron,Alembic Pharmaceuticals,Gastrointestinal,Antacid,96335-984-48,36.33,Vaginal Cream,"60 mg Vaginal Cream, 15 g tube. Typical dosing: as directed by physician.","lisetron helps manage symptoms and promote healing in patients with inflammatory bowel conditions.

Mechanism of Action: lisetron works by forming a protective barrier over inflamed areas in the gastrointestinal tract.

Pharmacokinetics: Absorption is enhanced when taken with food. Moderately protein-bound (approximately 60-80%). Primarily metabolized by CYP2D6 with genetic polymorphisms affecting rate of metabolism. Clearance is reduced in patients with renal impairment.

Contraindications: Gastrointestinal obstruction; Hypersensitivity to the active substance or any of the excipients; Pregnancy and lactation; Inflammatory bowel disease in acute phase.

Common Adverse Effects: Nausea, Increased appetite, Vomiting, Dizziness, Dry mouth, Altered taste.",,634
390,Masartan,masartan Hydrochloride,Intas Pharmaceuticals,Cardiovascular,Beta Blocker,35274-603-36,143.31,Dispersible Tablet,"25.0 mg Dispersible Tablet, 20 Dispersible Tablets per bottle. Typical dosing: twice daily.","masartan is indicated for the treatment of hypertension, either alone or in combination with other antihypertensive agents.

Mechanism of Action: masartan works by blocking calcium channels in vascular smooth muscle and cardiac muscle.

Pharmacokinetics: Absorption is reduced when taken with food. Accumulates in adipose tissue due to lipophilic properties. Undergoes conjugation reactions in the liver. Eliminated through both renal and biliary routes.

Contraindications: Severe hepatic impairment; Bilateral renal artery stenosis; Severe bradycardia.

Common Adverse Effects: Bradycardia, Nausea, Headache, Hypotension.",,600
391,Cadronate,cadronate Sulfate,Aurobindo Pharma,Ophthalmological,Antiglaucoma,88031-480-91,33.67,Topical Gel,"50 mg/g Topical Gel, 10 g tube. Typical dosing: twice daily.","cadronate belongs to the class of antiglaucoma agents within the ophthalmological category.

Mechanism of Action: cadronate works by binding to specific receptors in target tissues.

Pharmacokinetics: Absorption is pH-dependent, optimized in acidic environment. Highly protein-bound (approximately 90-95%). Extensively metabolized in the liver via CYP450 enzymes, primarily CYP3A4. Eliminated through both renal and biliary routes.

Contraindications: Pregnancy and lactation; Severe renal impairment; Severe hepatic impairment; Hypersensitivity to the active substance or any of the excipients.

Common Adverse Effects: Pruritus, Diarrhea, Headache, Rash, Dizziness.",,557
392,Semycin,SP-semycin HBr,Strides Pharma,Antiviral,Protease Inhibitor,97787-694-76,633.88,Effervescent Tablet,"20 mg Effervescent Tablet, 120 Effervescent Tablets per bottle. Typical dosing: once daily.","semycin is used in the treatment of conditions requiring antiviral therapy.

Mechanism of Action: semycin works by counteracting pathological changes in tissue function.

Pharmacokinetics: Absorption is reduced when taken with food. Crosses the blood-brain barrier. Subject to minimal metabolism, with most of the drug excreted unchanged. Excreted in urine as metabolites.

Contraindications: Pregnancy and lactation; Hypersensitivity to the active substance or any of the excipients; Severe hepatic impairment.

Common Adverse Effects: Diarrhea, Nausea, Pruritus, Headache, Vomiting, Abdominal pain, Rash.",,312
393,Bromustine,bromustine Phosphate SR,Abbott Laboratories,Hormonal,Estrogen,37069-598-89,137.86,Enteric-Coated Tablet,"2.0 mg Enteric-Coated Tablet, 180 Enteric-Coated Tablets per bottle. Typical dosing: twice daily.","bromustine belongs to the class of estrogen agents within the hormonal category.

Mechanism of Action: bromustine works by inhibiting key enzymes in pathological processes.

Pharmacokinetics: Well absorbed through transdermal application. Highly protein-bound (approximately 90-95%). Metabolized through multiple pathways with no single dominant route. Eliminated primarily via renal excretion of unchanged drug.

Contraindications: Severe renal impairment; Pregnancy and lactation; Hypersensitivity to the active substance or any of the excipients; Severe hepatic impairment.

Common Adverse Effects: Abdominal pain, Diarrhea, Vomiting, Fatigue.",,499
394,Micycline,micycline,Bristol-Myers Squibb,Nutritional,Amino Acid,53761-475-32,40.39,Oral Suspension,"1.0 mg/mL Oral Suspension, 480 mL bottle. Typical dosing: once daily.","micycline is a amino acid medication classified under nutritional drugs.

Mechanism of Action: micycline works by inhibiting key enzymes in pathological processes.

Pharmacokinetics: Slowly absorbed after oral administration. Widely distributed throughout body tissues. Metabolized through multiple pathways with no single dominant route. Excreted in urine as metabolites.

Contraindications: Severe hepatic impairment; Pregnancy and lactation; Hypersensitivity to the active substance or any of the excipients.

Common Adverse Effects: Diarrhea, Dizziness, Nausea, Abdominal pain.",,637
395,Sugliflozin,sugliflozin,Piramal Healthcare,Antidiabetic,Sulfonylurea,26975-903-60,78.45,Orally Disintegrating Tablet,"1.0 mg Orally Disintegrating Tablet, 90 Orally Disintegrating Tablets per bottle. Typical dosing: with meals.","sugliflozin is indicated as an adjunct to diet and exercise to improve glycemic control in adults with type 2 diabetes.

Mechanism of Action: sugliflozin works by increasing tissue sensitivity to insulin and reducing hepatic glucose production.

Pharmacokinetics: Well absorbed through transdermal application. Highly protein-bound (approximately 90-95%). Extensively metabolized in the liver via CYP450 enzymes, primarily CYP3A4. Eliminated primarily via renal excretion of unchanged drug.

Contraindications: Severe hepatic impairment; Severe renal impairment; Pregnancy and lactation; Type 1 diabetes mellitus (for certain antidiabetic classes).

Common Adverse Effects: Headache, Abdominal pain, Urinary tract infections, Lactic acidosis, Pruritus, Dizziness, Peripheral edema.",COMT,520
396,Domustine,Takdomustine Nitrate Plus,Takeda,Anticancer,Targeted Therapy,58958-641-79,991.47,Orally Disintegrating Tablet,"50 mg Orally Disintegrating Tablet, 100 Orally Disintegrating Tablets per bottle. Typical dosing: as directed by physician.","domustine is indicated for therapeutic applications related to anticancer conditions.

Mechanism of Action: domustine works by counteracting pathological changes in tissue function.

Pharmacokinetics: Rapidly absorbed from the gastrointestinal tract. Highly protein-bound (approximately 90-95%). Undergoes conjugation reactions in the liver. Eliminated through both renal and biliary routes.

Contraindications: Severe renal impairment; Severe hepatic impairment; Hypersensitivity to the active substance or any of the excipients; Pregnancy and lactation.

Common Adverse Effects: Vomiting, Abdominal pain, Dizziness, Rash.",,290
397,Clotriptan,clotriptan HCT,Abbott Laboratories,Central Nervous System,SNRI,94999-587-47,107.31,Topical Cream,"2.5 % Topical Cream, 15 g tube. Typical dosing: as needed for pain.","clotriptan helps restore the balance of certain natural substances in the brain, improving mood, thoughts, and behavior.

Mechanism of Action: clotriptan works by binding to opioid receptors, modulating pain perception pathways.

Pharmacokinetics: Absorption is enhanced when taken with food. Moderately protein-bound (approximately 60-80%). Undergoes conjugation reactions in the liver. Excreted in urine as metabolites.

Contraindications: Pregnancy and lactation; Seizure disorders; Recent myocardial infarction; Suicidal ideation; Hypersensitivity to the active substance or any of the excipients.

Common Adverse Effects: Anxiety, Tremor, Insomnia, Confusion, Pruritus, Depression, Headache.",,488
398,Tilukast,tilukast Oral,Abbott Laboratories,Otological,Anti-Inflammatory,59597-809-55,32.27,Otic Solution,"100.0 mg/mL Otic Solution, 60 mL bottle. Typical dosing: three times daily.","tilukast is a anti-inflammatory medication classified under otological drugs.

Mechanism of Action: tilukast works by modulating biochemical pathways involved in the disease process.

Pharmacokinetics: Absorption is pH-dependent, optimized in acidic environment. Low protein binding (<30%). Metabolized via non-CYP450 pathways. Excreted in urine as metabolites.

Contraindications: Hypersensitivity to the active substance or any of the excipients; Pregnancy and lactation; Severe hepatic impairment; Severe renal impairment.

Common Adverse Effects: Fatigue, Diarrhea, Abdominal pain, Dizziness, Nausea, Rash.",,394
399,Azzepine,azzepine,Alkem Laboratories,Musculoskeletal,Muscle Relaxant,94370-578-85,117.26,Chewable Tablet,"25 mg Chewable Tablet, 28 Chewable Tablets per bottle. Typical dosing: once daily.","azzepine is indicated for therapeutic applications related to musculoskeletal conditions.

Mechanism of Action: azzepine works by counteracting pathological changes in tissue function.

Pharmacokinetics: Rapidly absorbed from the gastrointestinal tract. Moderately protein-bound (approximately 60-80%). Undergoes conjugation reactions in the liver. Terminal half-life of approximately 12-24 hours.

Contraindications: Severe hepatic impairment; Pregnancy and lactation; Hypersensitivity to the active substance or any of the excipients; Severe renal impairment.

Common Adverse Effects: Dizziness, Abdominal pain, Diarrhea, Vomiting.","SLCO1B1,ABCG2",397
400,Loglinide,loglinide Forte,Eli Lilly,Antidiabetic,Meglitinide,33903-169-84,168.05,Lozenges,"50.0 mg Lozenges, 20 units per package. Typical dosing: with meals.","loglinide improves insulin sensitivity and reduces hepatic glucose production, leading to better glycemic control.

Mechanism of Action: loglinide works by enhancing incretin effect by inhibiting dipeptidyl peptidase-4 (DPP-4).

Pharmacokinetics: Rapidly absorbed from the gastrointestinal tract. Widely distributed throughout body tissues. Metabolism shows significant inter-individual variability. Elimination rate depends on hepatic function.

Contraindications: Severe hepatic impairment; Diabetic ketoacidosis; Pregnancy and lactation.

Common Adverse Effects: Dizziness, Vomiting, Fatigue, Headache, Lactic acidosis, Peripheral edema, Urinary tract infections.","OPRM1,ABCB1",623
401,Hesemide,hesemide,Pfizer,Cardiovascular,Antihypertensive,33856-307-36,50.39,Effervescent Tablet,"5.0 mg Effervescent Tablet, 30 Effervescent Tablets per bottle. Typical dosing: three times daily.","hesemide is indicated for the treatment of hypertension, either alone or in combination with other antihypertensive agents.

Mechanism of Action: hesemide works by promoting sodium and water excretion by inhibiting sodium reabsorption in the distal tubule.

Pharmacokinetics: Absorption is pH-dependent, optimized in acidic environment. Widely distributed throughout body tissues. Metabolized via non-CYP450 pathways. Excreted in urine as metabolites.

Contraindications: Hypersensitivity to the active substance or any of the excipients; Second or third-degree heart block; Pregnancy and lactation; Severe renal impairment; Severe hepatic impairment.

Common Adverse Effects: Rash, Syncope, Hypotension, Palpitations, Abdominal pain, Pruritus.",,486
402,Quzepine,Glaquzepine Oral,GlaxoSmithKline,Nutritional,Electrolyte,89131-484-50,16.79,Nasal Spray,"1.0 % Nasal Spray, 15 mL bottle. Typical dosing: three times daily.","quzepine belongs to the class of electrolyte agents within the nutritional category.

Mechanism of Action: quzepine works by counteracting pathological changes in tissue function.

Pharmacokinetics: Absorption is pH-dependent, optimized in acidic environment. Distribution limited primarily to the vascular compartment. Subject to minimal metabolism, with most of the drug excreted unchanged. Prolonged half-life allowing once-daily dosing.

Contraindications: Severe hepatic impairment; Pregnancy and lactation; Severe renal impairment; Hypersensitivity to the active substance or any of the excipients.

Common Adverse Effects: Pruritus, Dizziness, Rash, Headache, Nausea, Abdominal pain, Vomiting.","IFNL3,HLA-B*5701,COMT",576
403,Dizole,dizole,Torrent Pharmaceuticals,Antidiabetic,GLP-1 Receptor Agonist,53585-230-17,256.86,Oral Solution,"10.0 % Oral Solution, 60 mL bottle. Typical dosing: twice daily.","dizole improves insulin sensitivity and reduces hepatic glucose production, leading to better glycemic control.

Mechanism of Action: dizole works by increasing tissue sensitivity to insulin and reducing hepatic glucose production.

Pharmacokinetics: Slowly absorbed after oral administration. Distribution limited primarily to the vascular compartment. Metabolized through multiple pathways with no single dominant route. Short half-life of 2-4 hours requiring multiple daily dosing.

Contraindications: Severe renal impairment (GFR < 30 mL/min); Type 1 diabetes mellitus (for certain antidiabetic classes); Severe renal impairment; Acute or chronic metabolic acidosis.

Common Adverse Effects: Rash, Weight gain, Urinary tract infections, Pruritus, Hypoglycemia, Lactic acidosis.",,583
404,Lagliflozin,lagliflozin Sulfate HCT,Johnson & Johnson,Antidiabetic,Alpha-Glucosidase Inhibitor,99737-980-14,252.72,Syrup,"0.025 % Syrup, 60 mL bottle. Typical dosing: with meals.","lagliflozin improves insulin sensitivity and reduces hepatic glucose production, leading to better glycemic control.

Mechanism of Action: lagliflozin works by inhibiting sodium-glucose cotransporter 2 (SGLT2) in the kidneys, increasing urinary glucose excretion.

Pharmacokinetics: Slowly absorbed after oral administration. Crosses the blood-brain barrier. Subject to minimal metabolism, with most of the drug excreted unchanged. Excreted in urine as metabolites.

Contraindications: Severe renal impairment; Pregnancy and lactation; Severe renal impairment (GFR < 30 mL/min); Type 1 diabetes mellitus (for certain antidiabetic classes).

Common Adverse Effects: Lactic acidosis, Rash, Fatigue, Vomiting, Nausea, Weight gain, Urinary tract infections.",CYP1A2,391
405,Pemethasone,Genpemethasone SR,Genentech,Immunological,Vaccine,36516-902-85,206.99,Powder for Reconstitution,"20 mg Powder for Reconstitution, 50 units per package. Typical dosing: once daily.","pemethasone is a vaccine medication classified under immunological drugs.

Mechanism of Action: pemethasone works by counteracting pathological changes in tissue function.

Pharmacokinetics: Bioavailability is approximately 60-80% after oral administration. Accumulates in adipose tissue due to lipophilic properties. Metabolized through multiple pathways with no single dominant route. Clearance is reduced in patients with renal impairment.

Contraindications: Pregnancy and lactation; Hypersensitivity to the active substance or any of the excipients; Severe hepatic impairment.

Common Adverse Effects: Fatigue, Pruritus, Headache, Dizziness.",,530
406,Vaparib,Rocvaparib SR,Roche,Antiviral,Integrase Inhibitor,75074-890-30,285.06,Tablet,"20 mg Tablet, 30 Tablets per bottle. Typical dosing: three times daily.","vaparib is a integrase inhibitor medication classified under antiviral drugs.

Mechanism of Action: vaparib works by inhibiting key enzymes in pathological processes.

Pharmacokinetics: Well absorbed through transdermal application. Distribution limited primarily to the vascular compartment. Primarily metabolized by CYP2D6 with genetic polymorphisms affecting rate of metabolism. Eliminated primarily via renal excretion of unchanged drug.

Contraindications: Pregnancy and lactation; Hypersensitivity to the active substance or any of the excipients; Severe renal impairment; Severe hepatic impairment.

Common Adverse Effects: Pruritus, Dizziness, Nausea, Vomiting, Fatigue, Headache.","CYP2D6,G6PD",708
407,Aztriptyline,aztriptyline Plus,Sun Pharmaceutical,Central Nervous System,Antipsychotic,93297-318-59,162.83,Vaginal Cream,"50.0 mg Vaginal Cream, 100 g tube. Typical dosing: at bedtime.","aztriptyline is indicated for the management of chronic pain conditions through its action on central pain pathways.

Mechanism of Action: aztriptyline works by blocking NMDA receptors and modulating glutamate neurotransmission.

Pharmacokinetics: Absorption is pH-dependent, optimized in acidic environment. Moderately protein-bound (approximately 60-80%). Undergoes conjugation reactions in the liver. Eliminated primarily via renal excretion of unchanged drug.

Contraindications: Recent myocardial infarction; Concomitant use of monoamine oxidase inhibitors; Severe renal impairment; Suicidal ideation; Hypersensitivity to the active substance or any of the excipients.

Common Adverse Effects: Anxiety, Dizziness, Pruritus, Memory impairment, Vomiting.","CYP2C9,G6PD,VKORC1",812
408,Revatib,DR-revatib Hydrochloride,Dr. Reddy's,Hormonal,Corticosteroid,79675-772-86,113.85,Sublingual Tablet,"0.25 mg Sublingual Tablet, 180 Sublingual Tablets per bottle. Typical dosing: three times daily.","revatib is a corticosteroid medication classified under hormonal drugs.

Mechanism of Action: revatib works by enhancing physiological defense mechanisms.

Pharmacokinetics: Subject to significant first-pass metabolism resulting in reduced bioavailability. Widely distributed throughout body tissues. Metabolism shows significant inter-individual variability. Eliminated primarily via renal excretion of unchanged drug.

Contraindications: Hypersensitivity to the active substance or any of the excipients; Severe hepatic impairment; Pregnancy and lactation; Severe renal impairment.

Common Adverse Effects: Headache, Nausea, Fatigue, Abdominal pain, Dizziness, Diarrhea, Vomiting.",,513
409,Enracil,enracil Citrate,Zydus Cadila,Antibiotic,Quinolone,96300-189-45,47.1,Film-Coated Tablet,"125 mg Film-Coated Tablet, 100 Film-Coated Tablets per bottle. Typical dosing: twice daily.","enracil is indicated for the treatment of infections caused by susceptible strains of designated microorganisms.

Mechanism of Action: enracil works by disrupting bacterial cell membrane integrity, leading to cell death.

Pharmacokinetics: Subject to significant first-pass metabolism resulting in reduced bioavailability. Low protein binding (<30%). Primarily metabolized by CYP2D6 with genetic polymorphisms affecting rate of metabolism. Clearance is reduced in patients with renal impairment.

Contraindications: History of antibiotic-associated colitis; Myasthenia gravis (for certain antibiotic classes); Known bacterial resistance; Pregnancy and lactation; Severe hepatic impairment.

Common Adverse Effects: Fatigue, Photosensitivity, Abdominal pain, Headache.","MTHFR,NAT2,ABCB1",519
410,Natate,natate HCT,Novartis,Gastrointestinal,Antispasmodic,84906-847-50,78.26,Topical Ointment,"0.1 % Topical Ointment, 20 g tube. Typical dosing: once daily.","natate is indicated for the treatment of various gastrointestinal motility disorders and functional gastrointestinal syndromes.

Mechanism of Action: natate works by blocking dopamine D2 receptors in the chemoreceptor trigger zone, providing antiemetic effects.

Pharmacokinetics: Subject to significant first-pass metabolism resulting in reduced bioavailability. Low protein binding (<30%). Metabolized via non-CYP450 pathways. Prolonged half-life allowing once-daily dosing.

Contraindications: Severe renal impairment; Active gastrointestinal bleeding; Severe hepatic impairment; Pregnancy and lactation.

Common Adverse Effects: Pruritus, Fatigue, Altered taste, Headache, Rash.",UGT1A1,309
411,Fezolid,fezolid Hydrochloride,Mankind Pharma,Antibiotic,Tetracycline,49383-942-16,74.17,Ophthalmic Solution,"0.05 % Ophthalmic Solution, 240 mL bottle. Typical dosing: four times daily.","fezolid demonstrates bactericidal activity against a wide spectrum of pathogens commonly associated with respiratory, skin, and urinary tract infections.

Mechanism of Action: fezolid works by inhibiting DNA gyrase and topoisomerase IV, preventing bacterial DNA replication.

Pharmacokinetics: Bioavailability is approximately 60-80% after oral administration. Moderately protein-bound (approximately 60-80%). Metabolized through multiple pathways with no single dominant route. Eliminated primarily via renal excretion of unchanged drug.

Contraindications: Pregnancy and lactation; History of antibiotic-associated colitis; Severe renal impairment; Myasthenia gravis (for certain antibiotic classes); Concurrent use of contraindicated medications.

Common Adverse Effects: Dizziness, Fatigue, Nausea, Rash, Vomiting, Pruritus.",,252
412,Motoin,motoin,Amgen,Otological,Anti-Infective,24150-820-46,43.87,Chewable Tablet,"25 mg Chewable Tablet, 14 Chewable Tablets per bottle. Typical dosing: twice daily.","motoin is indicated for therapeutic applications related to otological conditions.

Mechanism of Action: motoin works by enhancing physiological defense mechanisms.

Pharmacokinetics: Slowly absorbed after oral administration. Moderately protein-bound (approximately 60-80%). Primarily metabolized by CYP2D6 with genetic polymorphisms affecting rate of metabolism. Elimination rate depends on hepatic function.

Contraindications: Severe renal impairment; Hypersensitivity to the active substance or any of the excipients; Pregnancy and lactation; Severe hepatic impairment.

Common Adverse Effects: Headache, Fatigue, Abdominal pain, Diarrhea.",,482
413,Natidine,natidine Sulfate,Eli Lilly,Gastrointestinal,Antidiarrheal,76652-571-65,166.96,Vaginal Tablet,"150 mg Vaginal Tablet, 90 Vaginal Tablets per bottle. Typical dosing: once daily.","natidine is a antidiarrheal used in the treatment of acid-related gastrointestinal disorders.

Mechanism of Action: natidine works by inhibiting the gastric H+/K+ ATPase enzyme system, suppressing gastric acid production.

Pharmacokinetics: Well absorbed through transdermal application. Highly protein-bound (approximately 90-95%). Metabolized through multiple pathways with no single dominant route. Elimination rate depends on hepatic function.

Contraindications: Pregnancy and lactation; Hypersensitivity to the active substance or any of the excipients; Gastrointestinal obstruction; Severe renal impairment.

Common Adverse Effects: Dry mouth, Constipation, Diarrhea, Vomiting, Altered taste.",MTHFR,401
414,Befenac,befenac,Sun Pharmaceutical,Nutritional,Amino Acid,61987-267-74,43.24,Injection,"100.0 mg/mL Injection, 10 50 mL vials. Typical dosing: once daily.","befenac is used in the treatment of conditions requiring nutritional therapy.

Mechanism of Action: befenac works by counteracting pathological changes in tissue function.

Pharmacokinetics: Absorption is enhanced when taken with food. Distribution limited primarily to the vascular compartment. Subject to minimal metabolism, with most of the drug excreted unchanged. Eliminated primarily via renal excretion of unchanged drug.

Contraindications: Severe hepatic impairment; Severe renal impairment; Hypersensitivity to the active substance or any of the excipients.

Common Adverse Effects: Nausea, Vomiting, Pruritus, Dizziness, Fatigue, Rash.",,444
415,Ficaine,ficaine,Bristol-Myers Squibb,Immunological,Antirheumatic,84247-801-28,324.89,Ophthalmic Solution,"0.5 mg/mL Ophthalmic Solution, 100 mL bottle. Typical dosing: once daily.","ficaine is indicated for therapeutic applications related to immunological conditions.

Mechanism of Action: ficaine works by binding to specific receptors in target tissues.

Pharmacokinetics: Absorption is enhanced when taken with food. Moderately protein-bound (approximately 60-80%). Extensively metabolized in the liver via CYP450 enzymes, primarily CYP3A4. Excreted in urine as metabolites.

Contraindications: Hypersensitivity to the active substance or any of the excipients; Pregnancy and lactation; Severe renal impairment; Severe hepatic impairment.

Common Adverse Effects: Headache, Fatigue, Abdominal pain, Pruritus.",,587
416,Mamethasone,mamethasone Plus,Bayer,Nutritional,Electrolyte,25906-943-91,8.18,Tablet,"0.5 g Tablet, 180 Tablets per bottle. Typical dosing: as directed by physician.","mamethasone is used in the treatment of conditions requiring nutritional therapy.

Mechanism of Action: mamethasone works by binding to specific receptors in target tissues.

Pharmacokinetics: Absorption is pH-dependent, optimized in acidic environment. Distribution limited primarily to the vascular compartment. Extensively metabolized in the liver via CYP450 enzymes, primarily CYP3A4. Terminal half-life of approximately 12-24 hours.

Contraindications: Pregnancy and lactation; Hypersensitivity to the active substance or any of the excipients; Severe renal impairment.

Common Adverse Effects: Vomiting, Rash, Dizziness, Diarrhea.",VKORC1,517
417,Pamicin,pamicin,Amgen,Musculoskeletal,Antigout,16799-767-46,38.14,Extended-Release Capsule,"200 mg Extended-Release Capsule, 30 Extended-Release Capsules per bottle. Typical dosing: as directed by physician.","pamicin is indicated for therapeutic applications related to musculoskeletal conditions.

Mechanism of Action: pamicin works by inhibiting key enzymes in pathological processes.

Pharmacokinetics: Well absorbed through transdermal application. Moderately protein-bound (approximately 60-80%). Metabolized through multiple pathways with no single dominant route. Terminal half-life of approximately 12-24 hours.

Contraindications: Hypersensitivity to the active substance or any of the excipients; Severe hepatic impairment; Severe renal impairment.

Common Adverse Effects: Pruritus, Nausea, Fatigue, Vomiting, Dizziness, Rash, Headache.",,154
418,Dimethasone,dimethasone,Celgene,Antiviral,Fusion Inhibitor,73004-947-67,911.88,Ophthalmic Ointment,"100 mg/g Ophthalmic Ointment, 5 g tube. Typical dosing: twice daily.","dimethasone is a fusion inhibitor medication classified under antiviral drugs.

Mechanism of Action: dimethasone works by modulating biochemical pathways involved in the disease process.

Pharmacokinetics: Rapidly absorbed from the gastrointestinal tract. Widely distributed throughout body tissues. Metabolism shows significant inter-individual variability. Excreted in urine as metabolites.

Contraindications: Hypersensitivity to the active substance or any of the excipients; Severe renal impairment; Pregnancy and lactation; Severe hepatic impairment.

Common Adverse Effects: Vomiting, Headache, Nausea, Diarrhea.","CYP3A4,ABCG2,CYP2E1",478
419,Raanide,raanide,Bayer,Otological,Anti-Infective,68665-519-21,54.39,Extended-Release Capsule,"75 mcg Extended-Release Capsule, 10 Extended-Release Capsules per bottle. Typical dosing: once daily.","raanide belongs to the class of anti-infective agents within the otological category.

Mechanism of Action: raanide works by modulating biochemical pathways involved in the disease process.

Pharmacokinetics: Subject to significant first-pass metabolism resulting in reduced bioavailability. Distribution limited primarily to the vascular compartment. Metabolized through multiple pathways with no single dominant route. Prolonged half-life allowing once-daily dosing.

Contraindications: Pregnancy and lactation; Severe hepatic impairment; Hypersensitivity to the active substance or any of the excipients; Severe renal impairment.

Common Adverse Effects: Vomiting, Pruritus, Diarrhea, Fatigue, Headache, Rash, Nausea.",,555
420,Sumycin,Cipsumycin XR,Cipla,Respiratory,Decongestant,68414-125-44,105.52,Lozenges,"2 mg Lozenges, 30 units per package. Typical dosing: twice daily.","sumycin is indicated for maintenance treatment of bronchospasm associated with respiratory disorders.

Mechanism of Action: sumycin works by reducing mucus production and improving mucociliary clearance.

Pharmacokinetics: Absorption is pH-dependent, optimized in acidic environment. Highly protein-bound (approximately 90-95%). Metabolism shows significant inter-individual variability. Eliminated primarily via renal excretion of unchanged drug.

Contraindications: Status asthmaticus; Severe COPD with respiratory insufficiency; Severe hepatic impairment.

Common Adverse Effects: Abdominal pain, Nausea, Cough, Rash.",,806
421,Vemicin,TP-vemicin,Teva Pharmaceutical,Cardiovascular,Antianginal,40989-370-38,96.02,Sublingual Tablet,"100.0 mg Sublingual Tablet, 100 Sublingual Tablets per bottle. Typical dosing: once daily.","vemicin belongs to the class of antianginal medications and is used to treat various cardiovascular disorders including coronary artery disease.

Mechanism of Action: vemicin works by inhibiting angiotensin-converting enzyme (ACE), which reduces the production of angiotensin II.

Pharmacokinetics: Rapidly absorbed from the gastrointestinal tract. Distribution limited primarily to the vascular compartment. Extensively metabolized in the liver via CYP450 enzymes, primarily CYP3A4. Excreted in urine as metabolites.

Contraindications: Bilateral renal artery stenosis; Pregnancy and lactation; Cardiogenic shock; Severe bradycardia; Acute heart failure.

Common Adverse Effects: Vomiting, Syncope, Pruritus, Flushing.",,450
422,Liprofen,liprofen CR,Sun Pharmaceutical,Immunological,Antirheumatic,59040-875-96,122.11,Dispersible Tablet,"10 mg Dispersible Tablet, 180 Dispersible Tablets per bottle. Typical dosing: twice daily.","liprofen belongs to the class of antirheumatic agents within the immunological category.

Mechanism of Action: liprofen works by modulating biochemical pathways involved in the disease process.

Pharmacokinetics: Bioavailability is approximately 60-80% after oral administration. Highly protein-bound (approximately 90-95%). Metabolism shows significant inter-individual variability. Excreted in urine as metabolites.

Contraindications: Severe renal impairment; Pregnancy and lactation; Severe hepatic impairment; Hypersensitivity to the active substance or any of the excipients.

Common Adverse Effects: Vomiting, Dizziness, Diarrhea, Nausea, Abdominal pain, Headache, Rash.","ABCB1,SLCO1B1,HLA-B*5701",625
423,Helukast,Mylhelukast Forte,Mylan,Respiratory,Antitussive,36780-731-12,199.32,Dispersible Tablet,"20 mg Dispersible Tablet, 20 Dispersible Tablets per bottle. Typical dosing: twice daily.","helukast is indicated for maintenance treatment of bronchospasm associated with respiratory disorders.

Mechanism of Action: helukast works by stimulating beta-2 adrenergic receptors in bronchial smooth muscle, causing bronchodilation.

Pharmacokinetics: Slowly absorbed after oral administration. Does not significantly penetrate the blood-brain barrier. Metabolism shows significant inter-individual variability. Prolonged half-life allowing once-daily dosing.

Contraindications: Hypersensitivity to the active substance or any of the excipients; Status asthmaticus; Severe hepatic impairment; Severe COPD with respiratory insufficiency; Known hypersensitivity to adrenergic compounds.

Common Adverse Effects: Rhinitis, Abdominal pain, Vomiting, Dizziness, Cough.",,446
424,Desteride,desteride,Lupin,Hormonal,Antithyroid,27376-635-42,86.62,Enteric-Coated Tablet,"0.1 mg Enteric-Coated Tablet, 28 Enteric-Coated Tablets per bottle. Typical dosing: twice daily.","desteride belongs to the class of antithyroid agents within the hormonal category.

Mechanism of Action: desteride works by inhibiting key enzymes in pathological processes.

Pharmacokinetics: Absorption is reduced when taken with food. Distribution limited primarily to the vascular compartment. Metabolized through multiple pathways with no single dominant route. Terminal half-life of approximately 12-24 hours.

Contraindications: Severe hepatic impairment; Severe renal impairment; Pregnancy and lactation.

Common Adverse Effects: Fatigue, Diarrhea, Abdominal pain, Vomiting, Pruritus.",,441
425,Sisartan,Astsisartan Hydrochloride HCT,AstraZeneca,Anticancer,Hormone Therapy,91207-133-95,1446.23,Chewable Tablet,"10 mg Chewable Tablet, 30 Chewable Tablets per bottle. Typical dosing: as directed by physician.","sisartan belongs to the class of hormone therapy agents within the anticancer category.

Mechanism of Action: sisartan works by enhancing physiological defense mechanisms.

Pharmacokinetics: Absorption is enhanced when taken with food. Crosses the blood-brain barrier. Primarily metabolized by CYP2D6 with genetic polymorphisms affecting rate of metabolism. Clearance is reduced in patients with renal impairment.

Contraindications: Severe hepatic impairment; Pregnancy and lactation; Severe renal impairment; Hypersensitivity to the active substance or any of the excipients.

Common Adverse Effects: Fatigue, Nausea, Abdominal pain, Pruritus, Rash, Headache, Dizziness.","DPYD,CYP2C19",477
426,Dotoin,dotoin,Biogen,Antiparasitic,Antihelminthic,43048-877-19,75.23,Lozenges,"200 mg Lozenges, 30 units per package. Typical dosing: once daily.","dotoin is used in the treatment of conditions requiring antiparasitic therapy.

Mechanism of Action: dotoin works by modulating biochemical pathways involved in the disease process.

Pharmacokinetics: Rapidly absorbed from the gastrointestinal tract. Low protein binding (<30%). Extensively metabolized in the liver via CYP450 enzymes, primarily CYP3A4. Clearance is reduced in patients with renal impairment.

Contraindications: Severe renal impairment; Severe hepatic impairment; Pregnancy and lactation.

Common Adverse Effects: Abdominal pain, Vomiting, Diarrhea, Dizziness, Headache, Rash.",,377
427,Hyzolam,hyzolam,Takeda,Immunological,Antirheumatic,57516-635-19,453.32,Film-Coated Tablet,"5 mg Film-Coated Tablet, 120 Film-Coated Tablets per bottle. Typical dosing: once daily.","hyzolam is a antirheumatic medication classified under immunological drugs.

Mechanism of Action: hyzolam works by enhancing physiological defense mechanisms.

Pharmacokinetics: Absorption is enhanced when taken with food. Accumulates in adipose tissue due to lipophilic properties. Metabolized to active metabolites that contribute to the therapeutic effect. Excreted in urine as metabolites.

Contraindications: Severe renal impairment; Pregnancy and lactation; Severe hepatic impairment.

Common Adverse Effects: Rash, Abdominal pain, Pruritus, Fatigue.",CYP3A4,259
428,Felizid,felizid,Sun Pharmaceutical,Ophthalmological,Mydriatic,84161-261-79,147.23,Topical Gel,"25 mg/g Topical Gel, 15 g tube. Typical dosing: three times daily.","felizid belongs to the class of mydriatic agents within the ophthalmological category.

Mechanism of Action: felizid works by counteracting pathological changes in tissue function.

Pharmacokinetics: Absorption is reduced when taken with food. Does not significantly penetrate the blood-brain barrier. Primarily metabolized by CYP2D6 with genetic polymorphisms affecting rate of metabolism. Prolonged half-life allowing once-daily dosing.

Contraindications: Hypersensitivity to the active substance or any of the excipients; Pregnancy and lactation; Severe renal impairment; Severe hepatic impairment.

Common Adverse Effects: Diarrhea, Headache, Fatigue, Abdominal pain, Vomiting.",,635
429,Nomethasone,nomethasone ER,Serum Institute,Nutritional,Vitamin,17778-760-12,32.34,Orally Disintegrating Tablet,"200 mg Orally Disintegrating Tablet, 50 Orally Disintegrating Tablets per bottle. Typical dosing: as directed by physician.","nomethasone belongs to the class of vitamin agents within the nutritional category.

Mechanism of Action: nomethasone works by binding to specific receptors in target tissues.

Pharmacokinetics: Absorption is reduced when taken with food. Accumulates in adipose tissue due to lipophilic properties. Undergoes conjugation reactions in the liver. Eliminated primarily via renal excretion of unchanged drug.

Contraindications: Severe hepatic impairment; Hypersensitivity to the active substance or any of the excipients; Pregnancy and lactation; Severe renal impairment.

Common Adverse Effects: Diarrhea, Dizziness, Fatigue, Vomiting, Headache, Abdominal pain.",,287
430,Tioxacin,tioxacin HCT,Pfizer,Antibiotic,Carbapenem,51302-853-92,72.7,Tablet,"2.0 g Tablet, 14 Tablets per bottle. Typical dosing: three times daily.","tioxacin is a carbapenem antibiotic that inhibits bacterial cell wall synthesis, effective against both gram-positive and gram-negative organisms.

Mechanism of Action: tioxacin works by inhibiting bacterial cell wall synthesis by binding to penicillin-binding proteins.

Pharmacokinetics: Absorption is pH-dependent, optimized in acidic environment. Accumulates in adipose tissue due to lipophilic properties. Undergoes conjugation reactions in the liver. Elimination rate depends on hepatic function.

Contraindications: Severe renal impairment; Myasthenia gravis (for certain antibiotic classes); Pregnancy and lactation.

Common Adverse Effects: Pruritus, Photosensitivity, Antibiotic-associated diarrhea, Tooth discoloration, QT interval prolongation, Allergic reactions.",,729
431,Netriptan,netriptan Plus,AbbVie,Central Nervous System,Antiepileptic,34055-968-70,185.79,Transdermal Patch,"10 mcg/h Transdermal Patch, 7 patches per box. Typical dosing: at bedtime.","netriptan is indicated for the management of chronic pain conditions through its action on central pain pathways.

Mechanism of Action: netriptan works by binding to opioid receptors, modulating pain perception pathways.

Pharmacokinetics: Absorption is reduced when taken with food. Does not significantly penetrate the blood-brain barrier. Undergoes conjugation reactions in the liver. Elimination rate depends on hepatic function.

Contraindications: Angle-closure glaucoma; Hypersensitivity to the active substance or any of the excipients; Severe renal impairment; Concomitant use of monoamine oxidase inhibitors.

Common Adverse Effects: Paresthesia, Pruritus, Tremor, Dizziness.",,438
432,Lasartan,lasartan,Bayer,Antibiotic,Carbapenem,99281-876-23,116.72,Inhalation Powder,"750 mg/dose Inhalation Powder, 200 doses per inhaler. Typical dosing: three times daily.","lasartan is a carbapenem antibiotic that inhibits bacterial cell wall synthesis, effective against both gram-positive and gram-negative organisms.

Mechanism of Action: lasartan works by inhibiting bacterial cell wall synthesis by binding to penicillin-binding proteins.

Pharmacokinetics: Absorption is reduced when taken with food. Low protein binding (<30%). Subject to minimal metabolism, with most of the drug excreted unchanged. Eliminated through both renal and biliary routes.

Contraindications: Myasthenia gravis (for certain antibiotic classes); Known bacterial resistance; Pregnancy and lactation; Hypersensitivity to the active substance or any of the excipients; History of antibiotic-associated colitis.

Common Adverse Effects: Allergic reactions, Photosensitivity, Headache, Candidiasis.",,349
433,Statinib,TP-statinib,Teva Pharmaceutical,Musculoskeletal,Muscle Relaxant,47313-538-47,123.15,Capsule,"2.0 g Capsule, 180 Capsules per bottle. Typical dosing: three times daily.","statinib is used in the treatment of conditions requiring musculoskeletal therapy.

Mechanism of Action: statinib works by counteracting pathological changes in tissue function.

Pharmacokinetics: Bioavailability is approximately 60-80% after oral administration. Moderately protein-bound (approximately 60-80%). Metabolized via non-CYP450 pathways. Elimination rate depends on hepatic function.

Contraindications: Hypersensitivity to the active substance or any of the excipients; Severe renal impairment; Pregnancy and lactation; Severe hepatic impairment.

Common Adverse Effects: Dizziness, Fatigue, Headache, Vomiting, Abdominal pain.",COMT,443
434,Esparib,esparib,Cipla,Musculoskeletal,Antirheumatic,36024-911-62,177.69,Dispersible Tablet,"50 mg Dispersible Tablet, 60 Dispersible Tablets per bottle. Typical dosing: three times daily.","esparib belongs to the class of antirheumatic agents within the musculoskeletal category.

Mechanism of Action: esparib works by modulating biochemical pathways involved in the disease process.

Pharmacokinetics: Absorption is pH-dependent, optimized in acidic environment. Highly protein-bound (approximately 90-95%). Extensively metabolized in the liver via CYP450 enzymes, primarily CYP3A4. Prolonged half-life allowing once-daily dosing.

Contraindications: Pregnancy and lactation; Hypersensitivity to the active substance or any of the excipients; Severe renal impairment; Severe hepatic impairment.

Common Adverse Effects: Fatigue, Pruritus, Diarrhea, Vomiting, Headache, Nausea.",,414
435,Natidine,natidine,Dr. Reddy's,Hormonal,Oxytocic,18486-509-10,110.79,Extended-Release Tablet,"0.5 mg Extended-Release Tablet, 20 Extended-Release Tablets per bottle. Typical dosing: three times daily.","natidine is a oxytocic medication classified under hormonal drugs.

Mechanism of Action: natidine works by binding to specific receptors in target tissues.

Pharmacokinetics: Slowly absorbed after oral administration. Low protein binding (<30%). Metabolism shows significant inter-individual variability. Excreted in urine as metabolites.

Contraindications: Hypersensitivity to the active substance or any of the excipients; Severe renal impairment; Severe hepatic impairment; Pregnancy and lactation.

Common Adverse Effects: Rash, Dizziness, Diarrhea, Pruritus.","CFTR,G6PD",567
436,Abcitabine,AL-abcitabine,Alkem Laboratories,Anticancer,Cytotoxic Antibiotic,66723-349-45,1826.48,Topical Ointment,"5 mg/g Topical Ointment, 45 g tube. Typical dosing: three times daily.","abcitabine is used in the treatment of conditions requiring anticancer therapy.

Mechanism of Action: abcitabine works by enhancing physiological defense mechanisms.

Pharmacokinetics: Subject to significant first-pass metabolism resulting in reduced bioavailability. Highly protein-bound (approximately 90-95%). Metabolized through multiple pathways with no single dominant route. Terminal half-life of approximately 12-24 hours.

Contraindications: Severe renal impairment; Hypersensitivity to the active substance or any of the excipients; Severe hepatic impairment.

Common Adverse Effects: Fatigue, Nausea, Rash, Dizziness, Diarrhea, Pruritus.",,458
437,Aclizid,aclizid Sodium,Merck,Respiratory,Antihistamine,41507-813-70,73.45,Oral Solution,"2.0 % Oral Solution, 60 mL bottle. Typical dosing: every 4-6 hours as needed.","aclizid is indicated for maintenance treatment of bronchospasm associated with respiratory disorders.

Mechanism of Action: aclizid works by antagonizing histamine H1 receptors, reducing allergic responses.

Pharmacokinetics: Bioavailability is approximately 60-80% after oral administration. Low protein binding (<30%). Metabolized through multiple pathways with no single dominant route. Short half-life of 2-4 hours requiring multiple daily dosing.

Contraindications: Hypersensitivity to the active substance or any of the excipients; Pregnancy and lactation; Severe hepatic impairment.

Common Adverse Effects: Pruritus, Rash, Diarrhea, Rhinitis, Vomiting, Abdominal pain, Fatigue.",,276
438,Lifenac,lifenac,Takeda,Otological,Anti-Inflammatory,53071-890-96,26.9,Topical Ointment,"10 mg/g Topical Ointment, 5 g tube. Typical dosing: as directed by physician.","lifenac is a anti-inflammatory medication classified under otological drugs.

Mechanism of Action: lifenac works by binding to specific receptors in target tissues.

Pharmacokinetics: Absorption is pH-dependent, optimized in acidic environment. Moderately protein-bound (approximately 60-80%). Subject to minimal metabolism, with most of the drug excreted unchanged. Prolonged half-life allowing once-daily dosing.

Contraindications: Severe hepatic impairment; Severe renal impairment; Hypersensitivity to the active substance or any of the excipients.

Common Adverse Effects: Vomiting, Headache, Pruritus, Diarrhea, Fatigue, Dizziness.","CYP2B6,DPYD,CYP2D6",651
439,Lofenac,BS-lofenac Hydrochloride Forte,Bristol-Myers Squibb,Ophthalmological,Lubricant,71867-359-11,27.94,Powder for Reconstitution,"200 mg Powder for Reconstitution, 30 units per package. Typical dosing: once daily.","lofenac is used in the treatment of conditions requiring ophthalmological therapy.

Mechanism of Action: lofenac works by binding to specific receptors in target tissues.

Pharmacokinetics: Subject to significant first-pass metabolism resulting in reduced bioavailability. Moderately protein-bound (approximately 60-80%). Primarily metabolized by CYP2D6 with genetic polymorphisms affecting rate of metabolism. Clearance is reduced in patients with renal impairment.

Contraindications: Hypersensitivity to the active substance or any of the excipients; Severe hepatic impairment; Pregnancy and lactation.

Common Adverse Effects: Nausea, Fatigue, Vomiting, Abdominal pain, Diarrhea, Pruritus.",,630
440,Esantine,esantine,Novo Nordisk,Nutritional,Mineral,12347-264-71,40.76,Film-Coated Tablet,"100 mg Film-Coated Tablet, 14 Film-Coated Tablets per bottle. Typical dosing: three times daily.","esantine belongs to the class of mineral agents within the nutritional category.

Mechanism of Action: esantine works by counteracting pathological changes in tissue function.

Pharmacokinetics: Slowly absorbed after oral administration. Does not significantly penetrate the blood-brain barrier. Undergoes conjugation reactions in the liver. Short half-life of 2-4 hours requiring multiple daily dosing.

Contraindications: Pregnancy and lactation; Hypersensitivity to the active substance or any of the excipients; Severe hepatic impairment.

Common Adverse Effects: Pruritus, Headache, Abdominal pain, Nausea, Diarrhea.",,407
441,Nethiazide,nethiazide Citrate,Bristol-Myers Squibb,Musculoskeletal,Bisphosphonate,45817-581-24,93.07,Rectal Suppository,"20 mg Rectal Suppository, 20 units per package. Typical dosing: twice daily.","nethiazide belongs to the class of bisphosphonate agents within the musculoskeletal category.

Mechanism of Action: nethiazide works by inhibiting key enzymes in pathological processes.

Pharmacokinetics: Bioavailability is approximately 60-80% after oral administration. Low protein binding (<30%). Primarily metabolized by CYP2D6 with genetic polymorphisms affecting rate of metabolism. Short half-life of 2-4 hours requiring multiple daily dosing.

Contraindications: Severe renal impairment; Hypersensitivity to the active substance or any of the excipients; Severe hepatic impairment; Pregnancy and lactation.

Common Adverse Effects: Fatigue, Abdominal pain, Vomiting, Pruritus.",,393
442,Figliflozin,figliflozin Sodium,Strides Pharma,Antidiabetic,DPP-4 Inhibitor,43690-106-89,170.15,Vaginal Tablet,"50.0 mg Vaginal Tablet, 120 Vaginal Tablets per bottle. Typical dosing: twice daily.","figliflozin improves insulin sensitivity and reduces hepatic glucose production, leading to better glycemic control.

Mechanism of Action: figliflozin works by stimulating insulin release from pancreatic beta cells.

Pharmacokinetics: Slowly absorbed after oral administration. Does not significantly penetrate the blood-brain barrier. Subject to minimal metabolism, with most of the drug excreted unchanged. Clearance is reduced in patients with renal impairment.

Contraindications: Pregnancy and lactation; Diabetic ketoacidosis; Acute or chronic metabolic acidosis; Hypersensitivity to the active substance or any of the excipients; Severe renal impairment (GFR < 30 mL/min).

Common Adverse Effects: Genital mycotic infections, Nausea, Pruritus, Abdominal pain, Headache, Dizziness, Diarrhea.",,631
443,Dotinib,dotinib,Boehringer Ingelheim,Otological,Anti-Infective,25826-462-11,93.2,Film-Coated Tablet,"10 mg Film-Coated Tablet, 50 Film-Coated Tablets per bottle. Typical dosing: once daily.","dotinib belongs to the class of anti-infective agents within the otological category.

Mechanism of Action: dotinib works by inhibiting key enzymes in pathological processes.

Pharmacokinetics: Absorption is reduced when taken with food. Crosses the blood-brain barrier. Undergoes conjugation reactions in the liver. Short half-life of 2-4 hours requiring multiple daily dosing.

Contraindications: Pregnancy and lactation; Hypersensitivity to the active substance or any of the excipients; Severe renal impairment; Severe hepatic impairment.

Common Adverse Effects: Abdominal pain, Rash, Diarrhea, Dizziness, Pruritus.",,354
444,Lozepine,lozepine,Eli Lilly,Otological,Anti-Infective,90494-440-33,84.82,Topical Ointment,"200 mg/g Topical Ointment, 15 g tube. Typical dosing: as directed by physician.","lozepine is a anti-infective medication classified under otological drugs.

Mechanism of Action: lozepine works by enhancing physiological defense mechanisms.

Pharmacokinetics: Absorption is reduced when taken with food. Crosses the blood-brain barrier. Metabolism shows significant inter-individual variability. Short half-life of 2-4 hours requiring multiple daily dosing.

Contraindications: Pregnancy and lactation; Severe renal impairment; Hypersensitivity to the active substance or any of the excipients.

Common Adverse Effects: Headache, Nausea, Abdominal pain, Dizziness, Vomiting, Rash.",,521
445,Cistrol,cistrol,Bayer,Hormonal,Growth Hormone,32612-714-48,45.05,Drops,"0.15 mg Drops, 30 units per package. Typical dosing: three times daily.","cistrol is indicated for therapeutic applications related to hormonal conditions.

Mechanism of Action: cistrol works by counteracting pathological changes in tissue function.

Pharmacokinetics: Well absorbed through transdermal application. Accumulates in adipose tissue due to lipophilic properties. Metabolized through multiple pathways with no single dominant route. Eliminated primarily via renal excretion of unchanged drug.

Contraindications: Hypersensitivity to the active substance or any of the excipients; Severe renal impairment; Pregnancy and lactation.

Common Adverse Effects: Vomiting, Headache, Rash, Abdominal pain, Nausea, Fatigue.",NAT2,766
446,Zodipine,zodipine Sodium CR,GlaxoSmithKline,Dermatological,Antipsoriatic,75439-400-41,30.01,Topical Cream,"0.5 % Topical Cream, 5 g tube. Typical dosing: three times daily.","zodipine is indicated for therapeutic applications related to dermatological conditions.

Mechanism of Action: zodipine works by binding to specific receptors in target tissues.

Pharmacokinetics: Bioavailability is approximately 60-80% after oral administration. Low protein binding (<30%). Metabolized via non-CYP450 pathways. Short half-life of 2-4 hours requiring multiple daily dosing.

Contraindications: Severe renal impairment; Pregnancy and lactation; Severe hepatic impairment.

Common Adverse Effects: Nausea, Abdominal pain, Vomiting, Fatigue, Headache, Pruritus, Rash.",,523
447,Heridone,heridone Maleate,AstraZeneca,Immunological,Vaccine,84172-739-80,56.45,Tablet,"0.5 g Tablet, 90 Tablets per bottle. Typical dosing: once daily.","heridone is indicated for therapeutic applications related to immunological conditions.

Mechanism of Action: heridone works by enhancing physiological defense mechanisms.

Pharmacokinetics: Rapidly absorbed from the gastrointestinal tract. Distribution limited primarily to the vascular compartment. Metabolism shows significant inter-individual variability. Prolonged half-life allowing once-daily dosing.

Contraindications: Severe hepatic impairment; Pregnancy and lactation; Hypersensitivity to the active substance or any of the excipients.

Common Adverse Effects: Headache, Nausea, Abdominal pain, Dizziness, Pruritus, Rash, Vomiting.",,313
448,Finavir,Sanfinavir,Sanofi,Immunological,Antirheumatic,16270-154-61,419.59,Inhalation Solution,"2.0 mg/mL Inhalation Solution, 15 mL bottle. Typical dosing: as directed by physician.","finavir belongs to the class of antirheumatic agents within the immunological category.

Mechanism of Action: finavir works by inhibiting key enzymes in pathological processes.

Pharmacokinetics: Absorption is reduced when taken with food. Moderately protein-bound (approximately 60-80%). Subject to minimal metabolism, with most of the drug excreted unchanged. Elimination rate depends on hepatic function.

Contraindications: Pregnancy and lactation; Severe renal impairment; Hypersensitivity to the active substance or any of the excipients; Severe hepatic impairment.

Common Adverse Effects: Rash, Pruritus, Headache, Diarrhea.",,423
449,Petriptan,petriptan HCl,Genentech,Central Nervous System,SSRI,76953-589-70,237.77,Injection,"25 mcg/mL Injection, 25 10 mL vials. Typical dosing: at bedtime.","petriptan is indicated for the management of chronic pain conditions through its action on central pain pathways.

Mechanism of Action: petriptan works by enhancing GABAergic neurotransmission, producing anxiolytic and sedative effects.

Pharmacokinetics: Absorption is reduced when taken with food. Highly protein-bound (approximately 90-95%). Primarily metabolized by CYP2D6 with genetic polymorphisms affecting rate of metabolism. Clearance is reduced in patients with renal impairment.

Contraindications: Pregnancy and lactation; Severe renal impairment; Angle-closure glaucoma; Recent myocardial infarction; Severe hepatic impairment.

Common Adverse Effects: Somnolence, Memory impairment, Depression, Fatigue, Diarrhea, Tremor, Abdominal pain.",,690
450,Beglinide,Verbeglinide ER,Vertex,Antidiabetic,Meglitinide,59331-865-88,375.66,Ophthalmic Ointment,"0.5 % Ophthalmic Ointment, 60 g tube. Typical dosing: twice daily.","beglinide improves insulin sensitivity and reduces hepatic glucose production, leading to better glycemic control.

Mechanism of Action: beglinide works by increasing tissue sensitivity to insulin and reducing hepatic glucose production.

Pharmacokinetics: Slowly absorbed after oral administration. Moderately protein-bound (approximately 60-80%). Subject to minimal metabolism, with most of the drug excreted unchanged. Clearance is reduced in patients with renal impairment.

Contraindications: Severe renal impairment; Pregnancy and lactation; Diabetic ketoacidosis; Type 1 diabetes mellitus (for certain antidiabetic classes).

Common Adverse Effects: Vomiting, Weight gain, Diarrhea, Urinary tract infections, Dizziness, Abdominal pain, Fatigue.",,375
451,Reprazole,reprazole,Johnson & Johnson,Hormonal,Oxytocic,90868-927-93,209.95,Otic Solution,"1.0 % Otic Solution, 30 mL bottle. Typical dosing: as directed by physician.","reprazole is indicated for therapeutic applications related to hormonal conditions.

Mechanism of Action: reprazole works by inhibiting key enzymes in pathological processes.

Pharmacokinetics: Absorption is pH-dependent, optimized in acidic environment. Distribution limited primarily to the vascular compartment. Primarily metabolized by CYP2D6 with genetic polymorphisms affecting rate of metabolism. Eliminated through both renal and biliary routes.

Contraindications: Severe renal impairment; Hypersensitivity to the active substance or any of the excipients; Severe hepatic impairment; Pregnancy and lactation.

Common Adverse Effects: Diarrhea, Dizziness, Pruritus, Vomiting, Nausea, Fatigue.","HLA-B*5701,TPMT",367
452,Zovir,IP-zovir,Intas Pharmaceuticals,Nutritional,Amino Acid,81728-306-83,6.34,Effervescent Tablet,"500 mg Effervescent Tablet, 90 Effervescent Tablets per bottle. Typical dosing: once daily.","zovir is used in the treatment of conditions requiring nutritional therapy.

Mechanism of Action: zovir works by enhancing physiological defense mechanisms.

Pharmacokinetics: Absorption is enhanced when taken with food. Does not significantly penetrate the blood-brain barrier. Subject to minimal metabolism, with most of the drug excreted unchanged. Short half-life of 2-4 hours requiring multiple daily dosing.

Contraindications: Severe renal impairment; Hypersensitivity to the active substance or any of the excipients; Severe hepatic impairment; Pregnancy and lactation.

Common Adverse Effects: Pruritus, Vomiting, Rash, Diarrhea, Headache.",,474
453,Mifloxacin,mifloxacin,Amgen,Antiparasitic,Antiprotozoal,32866-834-18,29.89,Otic Solution,"2.5 % Otic Solution, 30 mL bottle. Typical dosing: twice daily.","mifloxacin is indicated for therapeutic applications related to antiparasitic conditions.

Mechanism of Action: mifloxacin works by modulating biochemical pathways involved in the disease process.

Pharmacokinetics: Slowly absorbed after oral administration. Distribution limited primarily to the vascular compartment. Metabolism shows significant inter-individual variability. Terminal half-life of approximately 12-24 hours.

Contraindications: Severe renal impairment; Hypersensitivity to the active substance or any of the excipients; Pregnancy and lactation; Severe hepatic impairment.

Common Adverse Effects: Nausea, Fatigue, Pruritus, Rash, Dizziness, Diarrhea.",,500
454,Glicaine,glicaine,AbbVie,Gastrointestinal,Antidiarrheal,66996-771-95,134.53,Inhalation Solution,"50.0 mg/mL Inhalation Solution, 240 mL bottle. Typical dosing: once daily.","glicaine provides relief from symptoms associated with gastroesophageal reflux disease (GERD) and peptic ulcer disease.

Mechanism of Action: glicaine works by inhibiting the gastric H+/K+ ATPase enzyme system, suppressing gastric acid production.

Pharmacokinetics: Absorption is pH-dependent, optimized in acidic environment. Widely distributed throughout body tissues. Metabolism shows significant inter-individual variability. Eliminated through both renal and biliary routes.

Contraindications: Pregnancy and lactation; Gastrointestinal perforation; Active gastrointestinal bleeding; Severe hepatic impairment; Inflammatory bowel disease in acute phase.

Common Adverse Effects: Dizziness, Rash, Nausea, Constipation, Dry mouth.",,212
455,Pasteride,pasteride,Johnson & Johnson,Hormonal,Antithyroid,64405-481-94,95.77,Ophthalmic Ointment,"0.05 % Ophthalmic Ointment, 20 g tube. Typical dosing: as directed by physician.","pasteride is used in the treatment of conditions requiring hormonal therapy.

Mechanism of Action: pasteride works by enhancing physiological defense mechanisms.

Pharmacokinetics: Well absorbed through transdermal application. Moderately protein-bound (approximately 60-80%). Metabolized via non-CYP450 pathways. Prolonged half-life allowing once-daily dosing.

Contraindications: Pregnancy and lactation; Severe hepatic impairment; Hypersensitivity to the active substance or any of the excipients; Severe renal impairment.

Common Adverse Effects: Diarrhea, Headache, Pruritus, Nausea, Fatigue.",,351
456,Milukast,GS-milukast Oral,Gilead Sciences,Immunological,Monoclonal Antibody,55918-221-39,243.0,Vaginal Cream,"10 mg Vaginal Cream, 60 g tube. Typical dosing: twice daily.","milukast is a monoclonal antibody medication classified under immunological drugs.

Mechanism of Action: milukast works by inhibiting key enzymes in pathological processes.

Pharmacokinetics: Well absorbed through transdermal application. Low protein binding (<30%). Metabolism shows significant inter-individual variability. Eliminated through both renal and biliary routes.

Contraindications: Hypersensitivity to the active substance or any of the excipients; Pregnancy and lactation; Severe renal impairment; Severe hepatic impairment.

Common Adverse Effects: Rash, Diarrhea, Headache, Pruritus, Dizziness, Nausea.","HLA-B*1502,ABCB1,TPMT",461
457,Lotriptan,lotriptan Maleate,Novartis,Dermatological,Corticosteroid,17785-797-28,56.24,Syrup,"5.0 % Syrup, 10 mL bottle. Typical dosing: three times daily.","lotriptan is a corticosteroid medication classified under dermatological drugs.

Mechanism of Action: lotriptan works by binding to specific receptors in target tissues.

Pharmacokinetics: Absorption is enhanced when taken with food. Highly protein-bound (approximately 90-95%). Metabolized to active metabolites that contribute to the therapeutic effect. Prolonged half-life allowing once-daily dosing.

Contraindications: Severe renal impairment; Hypersensitivity to the active substance or any of the excipients; Pregnancy and lactation; Severe hepatic impairment.

Common Adverse Effects: Nausea, Diarrhea, Headache, Fatigue, Pruritus.",,386
458,Nogliptin,Cipnogliptin Citrate,Cipla,Antiviral,Nucleoside Analog,68974-166-62,593.36,Film-Coated Tablet,"50 mg Film-Coated Tablet, 10 Film-Coated Tablets per bottle. Typical dosing: once daily.","nogliptin is a nucleoside analog medication classified under antiviral drugs.

Mechanism of Action: nogliptin works by counteracting pathological changes in tissue function.

Pharmacokinetics: Absorption is pH-dependent, optimized in acidic environment. Accumulates in adipose tissue due to lipophilic properties. Metabolized to active metabolites that contribute to the therapeutic effect. Eliminated primarily via renal excretion of unchanged drug.

Contraindications: Hypersensitivity to the active substance or any of the excipients; Severe renal impairment; Pregnancy and lactation.

Common Adverse Effects: Nausea, Dizziness, Fatigue, Rash.",,538
459,Abzole,abzole Sulfate,Vertex,Gastrointestinal,Proton Pump Inhibitor,65849-805-36,268.12,Intravenous Solution,"25.0 mg/mL Intravenous Solution, 480 mL bottle. Typical dosing: once daily.","abzole is a proton pump inhibitor used in the treatment of acid-related gastrointestinal disorders.

Mechanism of Action: abzole works by inhibiting the gastric H+/K+ ATPase enzyme system, suppressing gastric acid production.

Pharmacokinetics: Absorption is reduced when taken with food. Does not significantly penetrate the blood-brain barrier. Metabolism shows significant inter-individual variability. Excreted in urine as metabolites.

Contraindications: Gastrointestinal perforation; Inflammatory bowel disease in acute phase; Severe hepatic impairment; Severe renal impairment; Pregnancy and lactation.

Common Adverse Effects: Fatigue, Headache, Increased appetite, Dizziness.",NAT2,489
460,Lofibrate,lofibrate,Boehringer Ingelheim,Cardiovascular,Cardiac Glycoside,72985-450-39,132.02,Topical Cream,"0.05 % Topical Cream, 100 g tube. Typical dosing: twice daily.","lofibrate is a cardiac glycoside used in the management of heart failure, hypertension, and related cardiovascular conditions.

Mechanism of Action: lofibrate works by promoting sodium and water excretion by inhibiting sodium reabsorption in the distal tubule.

Pharmacokinetics: Slowly absorbed after oral administration. Low protein binding (<30%). Metabolized through multiple pathways with no single dominant route. Short half-life of 2-4 hours requiring multiple daily dosing.

Contraindications: Pregnancy and lactation; Cardiogenic shock; Hypersensitivity to the active substance or any of the excipients; Severe hepatic impairment.

Common Adverse Effects: Headache, Chest pain, Flushing, Syncope, Rash, Pruritus.",CYP3A4,616
461,Stazolam,stazolam,AbbVie,Antibiotic,Quinolone,85996-518-83,42.66,Extended-Release Tablet,"200 mcg Extended-Release Tablet, 60 Extended-Release Tablets per bottle. Typical dosing: three times daily.","stazolam is a quinolone antibiotic that inhibits bacterial cell wall synthesis, effective against both gram-positive and gram-negative organisms.

Mechanism of Action: stazolam works by interfering with bacterial folate synthesis, inhibiting DNA and RNA production.

Pharmacokinetics: Rapidly absorbed from the gastrointestinal tract. Does not significantly penetrate the blood-brain barrier. Metabolized via non-CYP450 pathways. Prolonged half-life allowing once-daily dosing.

Contraindications: History of antibiotic-associated colitis; Myasthenia gravis (for certain antibiotic classes); Known bacterial resistance; Concurrent use of contraindicated medications.

Common Adverse Effects: Abdominal pain, Nausea, Vomiting, Diarrhea, Photosensitivity, Candidiasis, Pruritus.",,476
462,Aclizid,aclizid Phosphate,Genentech,Respiratory,Leukotriene Modifier,25039-502-51,91.41,Powder for Reconstitution,"10 mg Powder for Reconstitution, 10 units per package. Typical dosing: once daily.","aclizid is indicated for maintenance treatment of bronchospasm associated with respiratory disorders.

Mechanism of Action: aclizid works by antagonizing histamine H1 receptors, reducing allergic responses.

Pharmacokinetics: Rapidly absorbed from the gastrointestinal tract. Highly protein-bound (approximately 90-95%). Metabolized through multiple pathways with no single dominant route. Prolonged half-life allowing once-daily dosing.

Contraindications: Severe hepatic impairment; Pregnancy and lactation; Severe renal impairment.

Common Adverse Effects: Rhinitis, Rash, Cough, Dizziness, Nausea.",,560
463,Tastatin,tastatin,Glenmark,Central Nervous System,SNRI,94860-989-88,34.05,Oral Suspension,"10.0 mg/mL Oral Suspension, 150 mL bottle. Typical dosing: at bedtime.","tastatin is used in the treatment of neurological and psychiatric disorders by modulating neurotransmitter activity.

Mechanism of Action: tastatin works by binding to opioid receptors, modulating pain perception pathways.

Pharmacokinetics: Absorption is pH-dependent, optimized in acidic environment. Highly protein-bound (approximately 90-95%). Subject to minimal metabolism, with most of the drug excreted unchanged. Excreted in urine as metabolites.

Contraindications: Concomitant use of monoamine oxidase inhibitors; Recent myocardial infarction; Hypersensitivity to the active substance or any of the excipients; Angle-closure glaucoma; Severe hepatic impairment.

Common Adverse Effects: Paresthesia, Headache, Diarrhea, Memory impairment, Abdominal pain, Tremor.",,692
464,Qugestin,qugestin Calcium D,Sun Pharmaceutical,Hormonal,Growth Hormone,59717-104-12,192.11,Extended-Release Capsule,"0.15 mg Extended-Release Capsule, 180 Extended-Release Capsules per bottle. Typical dosing: three times daily.","qugestin belongs to the class of growth hormone agents within the hormonal category.

Mechanism of Action: qugestin works by counteracting pathological changes in tissue function.

Pharmacokinetics: Absorption is reduced when taken with food. Low protein binding (<30%). Metabolized via non-CYP450 pathways. Elimination rate depends on hepatic function.

Contraindications: Severe hepatic impairment; Hypersensitivity to the active substance or any of the excipients; Pregnancy and lactation.

Common Adverse Effects: Headache, Pruritus, Fatigue, Rash, Vomiting, Dizziness, Diarrhea.","COMT,CYP3A4",282
465,Keolol,keolol Plus,AstraZeneca,Dermatological,Antipruritic,50948-147-95,30.77,Capsule,"500 mcg Capsule, 100 Capsules per bottle. Typical dosing: twice daily.","keolol is a antipruritic medication classified under dermatological drugs.

Mechanism of Action: keolol works by modulating biochemical pathways involved in the disease process.

Pharmacokinetics: Well absorbed through transdermal application. Low protein binding (<30%). Metabolized to active metabolites that contribute to the therapeutic effect. Eliminated primarily via renal excretion of unchanged drug.

Contraindications: Severe renal impairment; Pregnancy and lactation; Hypersensitivity to the active substance or any of the excipients; Severe hepatic impairment.

Common Adverse Effects: Dizziness, Rash, Pruritus, Headache.",,653
466,Vitidine,vitidine,Torrent Pharmaceuticals,Antiviral,CCR5 Antagonist,96085-247-92,652.61,Nasal Spray,"20 mg/dose Nasal Spray, 30 mL bottle. Typical dosing: once daily.","vitidine is indicated for therapeutic applications related to antiviral conditions.

Mechanism of Action: vitidine works by modulating biochemical pathways involved in the disease process.

Pharmacokinetics: Subject to significant first-pass metabolism resulting in reduced bioavailability. Does not significantly penetrate the blood-brain barrier. Primarily metabolized by CYP2D6 with genetic polymorphisms affecting rate of metabolism. Short half-life of 2-4 hours requiring multiple daily dosing.

Contraindications: Pregnancy and lactation; Severe renal impairment; Hypersensitivity to the active substance or any of the excipients; Severe hepatic impairment.

Common Adverse Effects: Headache, Fatigue, Rash, Pruritus, Diarrhea, Nausea, Abdominal pain.",,637
467,Tezepine,Myltezepine,Mylan,Immunological,Vaccine,54146-733-66,368.17,Enteric-Coated Tablet,"200 mg Enteric-Coated Tablet, 120 Enteric-Coated Tablets per bottle. Typical dosing: twice daily.","tezepine is a vaccine medication classified under immunological drugs.

Mechanism of Action: tezepine works by inhibiting key enzymes in pathological processes.

Pharmacokinetics: Subject to significant first-pass metabolism resulting in reduced bioavailability. Does not significantly penetrate the blood-brain barrier. Metabolized via non-CYP450 pathways. Short half-life of 2-4 hours requiring multiple daily dosing.

Contraindications: Hypersensitivity to the active substance or any of the excipients; Pregnancy and lactation; Severe renal impairment.

Common Adverse Effects: Nausea, Headache, Pruritus, Rash, Fatigue, Vomiting.",,285
468,Inzolid,inzolid,Pfizer,Antibiotic,Glycopeptide,29526-825-80,30.83,Vaginal Suppository,"1000 mg Vaginal Suppository, 20 units per package. Typical dosing: four times daily.","inzolid demonstrates bactericidal activity against a wide spectrum of pathogens commonly associated with respiratory, skin, and urinary tract infections.

Mechanism of Action: inzolid works by inhibiting bacterial cell wall synthesis by binding to penicillin-binding proteins.

Pharmacokinetics: Absorption is reduced when taken with food. Crosses the blood-brain barrier. Undergoes conjugation reactions in the liver. Prolonged half-life allowing once-daily dosing.

Contraindications: Known bacterial resistance; Hypersensitivity to the active substance or any of the excipients; Myasthenia gravis (for certain antibiotic classes); Pregnancy and lactation; Severe hepatic impairment.

Common Adverse Effects: Diarrhea, Nausea, Fatigue, Candidiasis, Vomiting, Allergic reactions, Dizziness.",,355
469,Mocaine,mocaine,Gilead Sciences,Antibiotic,Penicillin,16227-873-46,100.2,Dispersible Tablet,"500 mg Dispersible Tablet, 30 Dispersible Tablets per bottle. Typical dosing: four times daily.","mocaine is a broad-spectrum antibiotic used to treat various bacterial infections throughout the body.

Mechanism of Action: mocaine works by interfering with bacterial folate synthesis, inhibiting DNA and RNA production.

Pharmacokinetics: Subject to significant first-pass metabolism resulting in reduced bioavailability. Distribution limited primarily to the vascular compartment. Subject to minimal metabolism, with most of the drug excreted unchanged. Terminal half-life of approximately 12-24 hours.

Contraindications: Myasthenia gravis (for certain antibiotic classes); Known bacterial resistance; Hypersensitivity to the active substance or any of the excipients; Severe renal impairment.

Common Adverse Effects: Photosensitivity, Pruritus, Allergic reactions, Vomiting, QT interval prolongation, Tooth discoloration, Candidiasis.",,291
470,Hydipine,Biohydipine,Biogen,Musculoskeletal,Muscle Relaxant,24453-458-26,141.4,Ophthalmic Solution,"5.0 % Ophthalmic Solution, 10 mL bottle. Typical dosing: twice daily.","hydipine is a muscle relaxant medication classified under musculoskeletal drugs.

Mechanism of Action: hydipine works by inhibiting key enzymes in pathological processes.

Pharmacokinetics: Bioavailability is approximately 60-80% after oral administration. Does not significantly penetrate the blood-brain barrier. Primarily metabolized by CYP2D6 with genetic polymorphisms affecting rate of metabolism. Excreted in urine as metabolites.

Contraindications: Hypersensitivity to the active substance or any of the excipients; Severe hepatic impairment; Pregnancy and lactation; Severe renal impairment.

Common Adverse Effects: Rash, Abdominal pain, Vomiting, Diarrhea.",,635
471,Silizid,AL-silizid Nitrate HCl,Abbott Laboratories,Respiratory,Expectorant,34678-850-12,155.25,Nasal Spray,"400 mg/dose Nasal Spray, 20 mL bottle. Typical dosing: once daily.","silizid is a expectorant indicated for the treatment of asthma and chronic obstructive pulmonary disease (COPD).

Mechanism of Action: silizid works by inhibiting phosphodiesterase enzymes, resulting in bronchodilation and anti-inflammatory effects.

Pharmacokinetics: Subject to significant first-pass metabolism resulting in reduced bioavailability. Accumulates in adipose tissue due to lipophilic properties. Metabolized through multiple pathways with no single dominant route. Clearance is reduced in patients with renal impairment.

Contraindications: Known hypersensitivity to adrenergic compounds; Hypersensitivity to the active substance or any of the excipients; Status asthmaticus; Untreated fungal infections of the respiratory tract; Severe renal impairment.

Common Adverse Effects: Cough, Rash, Abdominal pain, Pharyngitis.",,493
472,Escycline,escycline,Alembic Pharmaceuticals,Gastrointestinal,Antispasmodic,51964-808-62,61.3,Enteric-Coated Tablet,"30 mg Enteric-Coated Tablet, 20 Enteric-Coated Tablets per bottle. Typical dosing: as directed by physician.","escycline is a antispasmodic used in the treatment of acid-related gastrointestinal disorders.

Mechanism of Action: escycline works by inhibiting the gastric H+/K+ ATPase enzyme system, suppressing gastric acid production.

Pharmacokinetics: Bioavailability is approximately 60-80% after oral administration. Low protein binding (<30%). Metabolism shows significant inter-individual variability. Prolonged half-life allowing once-daily dosing.

Contraindications: Inflammatory bowel disease in acute phase; Severe hepatic impairment; Gastrointestinal perforation.

Common Adverse Effects: Fatigue, Constipation, Dry mouth, Vomiting, Dyspepsia, Headache.",,486
473,Gezepine,gezepine Maleate,Sun Pharmaceutical,Central Nervous System,Anxiolytic,48964-811-87,125.11,Sublingual Tablet,"5.0 mg Sublingual Tablet, 120 Sublingual Tablets per bottle. Typical dosing: at bedtime.","gezepine is a anxiolytic that acts on the central nervous system to treat conditions such as depression, anxiety, or seizures.

Mechanism of Action: gezepine works by binding to opioid receptors, modulating pain perception pathways.

Pharmacokinetics: Subject to significant first-pass metabolism resulting in reduced bioavailability. Distribution limited primarily to the vascular compartment. Primarily metabolized by CYP2D6 with genetic polymorphisms affecting rate of metabolism. Excreted in urine as metabolites.

Contraindications: Severe renal impairment; Severe hepatic impairment; Suicidal ideation; Concomitant use of monoamine oxidase inhibitors.

Common Adverse Effects: Pruritus, Vomiting, Dizziness, Depression, Diarrhea, Fatigue.","CYP2C9,G6PD,CYP2E1",415
474,Vithiazide,vithiazide,Gilead Sciences,Cardiovascular,Antihypertensive,50535-155-71,138.52,Extended-Release Capsule,"200 mcg Extended-Release Capsule, 10 Extended-Release Capsules per bottle. Typical dosing: once daily.","vithiazide is a antihypertensive used in the management of heart failure, hypertension, and related cardiovascular conditions.

Mechanism of Action: vithiazide works by reducing the activity of the renin-angiotensin-aldosterone system.

Pharmacokinetics: Subject to significant first-pass metabolism resulting in reduced bioavailability. Highly protein-bound (approximately 90-95%). Undergoes conjugation reactions in the liver. Eliminated primarily via renal excretion of unchanged drug.

Contraindications: Acute heart failure; Severe hepatic impairment; Severe bradycardia; Bilateral renal artery stenosis.

Common Adverse Effects: Vomiting, Nausea, Edema, Dizziness, Rash.",CYP3A4,587
475,Licitabine,Roclicitabine Hydrochloride,Roche,Dermatological,Antipsoriatic,70075-418-49,144.48,Enteric-Coated Tablet,"20.0 mg Enteric-Coated Tablet, 28 Enteric-Coated Tablets per bottle. Typical dosing: as directed by physician.","licitabine is indicated for therapeutic applications related to dermatological conditions.

Mechanism of Action: licitabine works by inhibiting key enzymes in pathological processes.

Pharmacokinetics: Absorption is enhanced when taken with food. Does not significantly penetrate the blood-brain barrier. Metabolized via non-CYP450 pathways. Eliminated through both renal and biliary routes.

Contraindications: Severe renal impairment; Hypersensitivity to the active substance or any of the excipients; Pregnancy and lactation; Severe hepatic impairment.

Common Adverse Effects: Fatigue, Diarrhea, Abdominal pain, Headache.",,576
476,Laglitazone,laglitazone,Cipla,Gastrointestinal,Antispasmodic,57746-148-35,424.75,Intravenous Solution,"0.1 % Intravenous Solution, 120 mL bottle. Typical dosing: once daily.","laglitazone provides relief from symptoms associated with gastroesophageal reflux disease (GERD) and peptic ulcer disease.

Mechanism of Action: laglitazone works by inhibiting the gastric H+/K+ ATPase enzyme system, suppressing gastric acid production.

Pharmacokinetics: Rapidly absorbed from the gastrointestinal tract. Does not significantly penetrate the blood-brain barrier. Undergoes conjugation reactions in the liver. Eliminated primarily via renal excretion of unchanged drug.

Contraindications: Hypersensitivity to the active substance or any of the excipients; Severe hepatic impairment; Inflammatory bowel disease in acute phase.

Common Adverse Effects: Flatulence, Headache, Fatigue, Dry mouth.",,484
477,Protide,protide Maleate D,Johnson & Johnson,Antidiabetic,DPP-4 Inhibitor,29759-928-17,287.33,Tablet,"2.0 g Tablet, 90 Tablets per bottle. Typical dosing: once daily.","protide stimulates insulin secretion from pancreatic beta cells, helping to lower blood glucose levels in diabetic patients.

Mechanism of Action: protide works by stimulating insulin release from pancreatic beta cells.

Pharmacokinetics: Absorption is pH-dependent, optimized in acidic environment. Accumulates in adipose tissue due to lipophilic properties. Primarily metabolized by CYP2D6 with genetic polymorphisms affecting rate of metabolism. Eliminated through both renal and biliary routes.

Contraindications: Severe renal impairment; Severe renal impairment (GFR < 30 mL/min); Severe hepatic impairment; Acute or chronic metabolic acidosis; Diabetic ketoacidosis.

Common Adverse Effects: Lactic acidosis, Weight gain, Pruritus, Hypoglycemia, Peripheral edema, Urinary tract infections.",,483
478,Qufenac,qufenac Citrate,Genentech,Musculoskeletal,Antirheumatic,52519-200-47,177.4,Tablet,"1.0 g Tablet, 30 Tablets per bottle. Typical dosing: three times daily.","qufenac belongs to the class of antirheumatic agents within the musculoskeletal category.

Mechanism of Action: qufenac works by counteracting pathological changes in tissue function.

Pharmacokinetics: Absorption is enhanced when taken with food. Low protein binding (<30%). Metabolized through multiple pathways with no single dominant route. Short half-life of 2-4 hours requiring multiple daily dosing.

Contraindications: Hypersensitivity to the active substance or any of the excipients; Pregnancy and lactation; Severe renal impairment; Severe hepatic impairment.

Common Adverse Effects: Vomiting, Nausea, Headache, Abdominal pain, Rash, Fatigue, Pruritus.",,414
479,Ficitabine,ficitabine Phosphate,Teva Pharmaceutical,Anticancer,Topoisomerase Inhibitor,43291-617-70,502.66,Lozenges,"25 mg Lozenges, 30 units per package. Typical dosing: twice daily.","ficitabine is used in the treatment of conditions requiring anticancer therapy.

Mechanism of Action: ficitabine works by modulating biochemical pathways involved in the disease process.

Pharmacokinetics: Subject to significant first-pass metabolism resulting in reduced bioavailability. Widely distributed throughout body tissues. Extensively metabolized in the liver via CYP450 enzymes, primarily CYP3A4. Terminal half-life of approximately 12-24 hours.

Contraindications: Pregnancy and lactation; Hypersensitivity to the active substance or any of the excipients; Severe renal impairment; Severe hepatic impairment.

Common Adverse Effects: Diarrhea, Rash, Nausea, Pruritus, Fatigue, Headache, Vomiting.",,699
480,Dopride,dopride IR,Biogen,Gastrointestinal,Antidiarrheal,97568-398-91,102.91,Orally Disintegrating Tablet,"60 mg Orally Disintegrating Tablet, 180 Orally Disintegrating Tablets per bottle. Typical dosing: as directed by physician.","dopride is indicated for the treatment of various gastrointestinal motility disorders and functional gastrointestinal syndromes.

Mechanism of Action: dopride works by stimulating gastrointestinal motility through acetylcholine-like effects.

Pharmacokinetics: Absorption is reduced when taken with food. Accumulates in adipose tissue due to lipophilic properties. Metabolized via non-CYP450 pathways. Eliminated through both renal and biliary routes.

Contraindications: Gastrointestinal perforation; Severe renal impairment; Active gastrointestinal bleeding; Gastrointestinal obstruction.

Common Adverse Effects: Increased appetite, Dizziness, Dry mouth, Constipation, Fatigue.",,596
481,Cadipine,cadipine,AstraZeneca,Antiviral,Protease Inhibitor,83824-742-92,270.07,Enteric-Coated Tablet,"10 mg Enteric-Coated Tablet, 60 Enteric-Coated Tablets per bottle. Typical dosing: as directed by physician.","cadipine belongs to the class of protease inhibitor agents within the antiviral category.

Mechanism of Action: cadipine works by binding to specific receptors in target tissues.

Pharmacokinetics: Subject to significant first-pass metabolism resulting in reduced bioavailability. Moderately protein-bound (approximately 60-80%). Metabolism shows significant inter-individual variability. Eliminated primarily via renal excretion of unchanged drug.

Contraindications: Pregnancy and lactation; Severe renal impairment; Hypersensitivity to the active substance or any of the excipients.

Common Adverse Effects: Fatigue, Abdominal pain, Dizziness, Diarrhea, Pruritus, Nausea, Rash.",,543
482,Deridone,deridone,Strides Pharma,Immunological,Immunostimulant,60161-579-70,162.2,Vaginal Suppository,"50 mg Vaginal Suppository, 100 units per package. Typical dosing: as directed by physician.","deridone is a immunostimulant medication classified under immunological drugs.

Mechanism of Action: deridone works by modulating biochemical pathways involved in the disease process.

Pharmacokinetics: Bioavailability is approximately 60-80% after oral administration. Crosses the blood-brain barrier. Subject to minimal metabolism, with most of the drug excreted unchanged. Eliminated primarily via renal excretion of unchanged drug.

Contraindications: Hypersensitivity to the active substance or any of the excipients; Severe renal impairment; Pregnancy and lactation; Severe hepatic impairment.

Common Adverse Effects: Nausea, Vomiting, Diarrhea, Dizziness, Fatigue, Rash.",,502
483,Gazepine,gazepine,Alembic Pharmaceuticals,Anticancer,Alkylating Agent,56696-544-94,1591.87,Vaginal Suppository,"50 mg Vaginal Suppository, 30 units per package. Typical dosing: twice daily.","gazepine is used in the treatment of conditions requiring anticancer therapy.

Mechanism of Action: gazepine works by modulating biochemical pathways involved in the disease process.

Pharmacokinetics: Absorption is reduced when taken with food. Accumulates in adipose tissue due to lipophilic properties. Metabolism shows significant inter-individual variability. Short half-life of 2-4 hours requiring multiple daily dosing.

Contraindications: Severe renal impairment; Pregnancy and lactation; Severe hepatic impairment; Hypersensitivity to the active substance or any of the excipients.

Common Adverse Effects: Abdominal pain, Dizziness, Nausea, Diarrhea, Vomiting, Fatigue.",,238
484,Tidipine,tidipine,Biogen,Immunological,Immunostimulant,39341-289-43,93.96,Inhalation Solution,"50.0 mg/mL Inhalation Solution, 120 mL bottle. Typical dosing: twice daily.","tidipine is a immunostimulant medication classified under immunological drugs.

Mechanism of Action: tidipine works by modulating biochemical pathways involved in the disease process.

Pharmacokinetics: Absorption is enhanced when taken with food. Moderately protein-bound (approximately 60-80%). Metabolized via non-CYP450 pathways. Elimination rate depends on hepatic function.

Contraindications: Hypersensitivity to the active substance or any of the excipients; Severe renal impairment; Pregnancy and lactation.

Common Adverse Effects: Fatigue, Rash, Nausea, Diarrhea, Pruritus, Abdominal pain.",,395
485,Mimycin,mimycin Sodium,Pfizer,Ophthalmological,Miotic,98734-467-19,219.31,Injection,"50.0 mg/mL Injection, 10 1 mL vials. Typical dosing: once daily.","mimycin is used in the treatment of conditions requiring ophthalmological therapy.

Mechanism of Action: mimycin works by binding to specific receptors in target tissues.

Pharmacokinetics: Well absorbed through transdermal application. Accumulates in adipose tissue due to lipophilic properties. Extensively metabolized in the liver via CYP450 enzymes, primarily CYP3A4. Short half-life of 2-4 hours requiring multiple daily dosing.

Contraindications: Severe renal impairment; Hypersensitivity to the active substance or any of the excipients; Severe hepatic impairment.

Common Adverse Effects: Headache, Nausea, Abdominal pain, Dizziness, Pruritus, Vomiting.",,558
486,Gatriptium,gatriptium,Serum Institute,Respiratory,Leukotriene Modifier,79348-314-32,192.72,Topical Ointment,"0.5 % Topical Ointment, 20 g tube. Typical dosing: once daily.","gatriptium is used for symptomatic relief of respiratory tract disorders characterized by congestion and inflammation.

Mechanism of Action: gatriptium works by stimulating beta-2 adrenergic receptors in bronchial smooth muscle, causing bronchodilation.

Pharmacokinetics: Absorption is reduced when taken with food. Highly protein-bound (approximately 90-95%). Metabolism shows significant inter-individual variability. Excreted in urine as metabolites.

Contraindications: Status asthmaticus; Severe hepatic impairment; Hypersensitivity to the active substance or any of the excipients.

Common Adverse Effects: Bronchospasm, Increased sputum production, Rash, Fatigue, Cough, Headache.",CYP2B6,517
487,Nozolam,Regnozolam,Regeneron,Central Nervous System,Analgesic,59698-378-51,172.79,Topical Gel,"200.0 mg/g Topical Gel, 10 g tube. Typical dosing: twice daily.","nozolam helps restore the balance of certain natural substances in the brain, improving mood, thoughts, and behavior.

Mechanism of Action: nozolam works by inhibiting monoamine oxidase, increasing levels of monoamine neurotransmitters.

Pharmacokinetics: Bioavailability is approximately 60-80% after oral administration. Highly protein-bound (approximately 90-95%). Metabolized via non-CYP450 pathways. Terminal half-life of approximately 12-24 hours.

Contraindications: Pregnancy and lactation; Suicidal ideation; Angle-closure glaucoma; Severe hepatic impairment; Hypersensitivity to the active substance or any of the excipients.

Common Adverse Effects: Paresthesia, Abdominal pain, Insomnia, Dizziness, Fatigue, Vomiting.",,286
488,Lizosin,SI-lizosin Plus,Serum Institute,Immunological,Immunosuppressant,86420-907-73,459.36,Injection,"25.0 mg/mL Injection, 5 50 mL vials. Typical dosing: three times daily.","lizosin is a immunosuppressant medication classified under immunological drugs.

Mechanism of Action: lizosin works by enhancing physiological defense mechanisms.

Pharmacokinetics: Subject to significant first-pass metabolism resulting in reduced bioavailability. Moderately protein-bound (approximately 60-80%). Primarily metabolized by CYP2D6 with genetic polymorphisms affecting rate of metabolism. Elimination rate depends on hepatic function.

Contraindications: Hypersensitivity to the active substance or any of the excipients; Severe renal impairment; Severe hepatic impairment.

Common Adverse Effects: Vomiting, Dizziness, Headache, Rash, Pruritus, Fatigue, Abdominal pain.",,369
489,Rotriptan,rotriptan Citrate HBr,Johnson & Johnson,Antiparasitic,Antimalarial,41118-617-62,49.61,Rectal Suppository,"5 mg Rectal Suppository, 100 units per package. Typical dosing: twice daily.","rotriptan is used in the treatment of conditions requiring antiparasitic therapy.

Mechanism of Action: rotriptan works by modulating biochemical pathways involved in the disease process.

Pharmacokinetics: Slowly absorbed after oral administration. Crosses the blood-brain barrier. Primarily metabolized by CYP2D6 with genetic polymorphisms affecting rate of metabolism. Prolonged half-life allowing once-daily dosing.

Contraindications: Severe renal impairment; Hypersensitivity to the active substance or any of the excipients; Severe hepatic impairment; Pregnancy and lactation.

Common Adverse Effects: Abdominal pain, Fatigue, Nausea, Vomiting.",,431
490,Sidronate,sidronate CR,Cipla,Anticancer,Immunotherapy,14652-131-27,871.67,Capsule,"1000 mcg Capsule, 60 Capsules per bottle. Typical dosing: as directed by physician.","sidronate belongs to the class of immunotherapy agents within the anticancer category.

Mechanism of Action: sidronate works by binding to specific receptors in target tissues.

Pharmacokinetics: Absorption is reduced when taken with food. Moderately protein-bound (approximately 60-80%). Extensively metabolized in the liver via CYP450 enzymes, primarily CYP3A4. Prolonged half-life allowing once-daily dosing.

Contraindications: Hypersensitivity to the active substance or any of the excipients; Severe renal impairment; Pregnancy and lactation; Severe hepatic impairment.

Common Adverse Effects: Dizziness, Diarrhea, Pruritus, Fatigue, Rash.",,433
491,Tefibrate,PH-tefibrate Maleate,Piramal Healthcare,Cardiovascular,Antihyperlipidemic,37295-126-71,25.67,Capsule,"1000 mcg Capsule, 120 Capsules per bottle. Typical dosing: three times daily.","tefibrate is indicated for the treatment of hypertension, either alone or in combination with other antihypertensive agents.

Mechanism of Action: tefibrate works by selectively blocking beta-adrenergic receptors, reducing the effects of epinephrine.

Pharmacokinetics: Bioavailability is approximately 60-80% after oral administration. Crosses the blood-brain barrier. Subject to minimal metabolism, with most of the drug excreted unchanged. Short half-life of 2-4 hours requiring multiple daily dosing.

Contraindications: Severe hepatic impairment; Cardiogenic shock; Acute heart failure; Severe renal impairment.

Common Adverse Effects: Vomiting, Pruritus, Hypotension, Rash, Edema, Diarrhea.",,306
492,Carubicin,carubicin IV,Allergan,Central Nervous System,Antidepressant,22804-322-21,104.94,Tablet,"150.0 mg Tablet, 50 Tablets per bottle. Typical dosing: twice daily.","carubicin is a antidepressant that acts on the central nervous system to treat conditions such as depression, anxiety, or seizures.

Mechanism of Action: carubicin works by inhibiting the reuptake of serotonin and norepinephrine in the CNS.

Pharmacokinetics: Absorption is reduced when taken with food. Highly protein-bound (approximately 90-95%). Metabolism shows significant inter-individual variability. Short half-life of 2-4 hours requiring multiple daily dosing.

Contraindications: Severe hepatic impairment; Hypersensitivity to the active substance or any of the excipients; Recent myocardial infarction; Pregnancy and lactation; Angle-closure glaucoma.

Common Adverse Effects: Vomiting, Memory impairment, Paresthesia, Depression, Anxiety.",,565
493,Zoglitazone,Novzoglitazone IR,Novartis,Otological,Anti-Inflammatory,38068-451-18,19.82,Effervescent Tablet,"20 mg Effervescent Tablet, 50 Effervescent Tablets per bottle. Typical dosing: once daily.","zoglitazone is used in the treatment of conditions requiring otological therapy.

Mechanism of Action: zoglitazone works by binding to specific receptors in target tissues.

Pharmacokinetics: Slowly absorbed after oral administration. Crosses the blood-brain barrier. Undergoes conjugation reactions in the liver. Excreted in urine as metabolites.

Contraindications: Hypersensitivity to the active substance or any of the excipients; Severe renal impairment; Pregnancy and lactation; Severe hepatic impairment.

Common Adverse Effects: Abdominal pain, Headache, Dizziness, Pruritus, Rash, Nausea.",,660
494,Neconazole,neconazole HCl,Eli Lilly,Musculoskeletal,Antigout,29667-970-95,167.77,Otic Solution,"0.5 % Otic Solution, 100 mL bottle. Typical dosing: three times daily.","neconazole is indicated for therapeutic applications related to musculoskeletal conditions.

Mechanism of Action: neconazole works by inhibiting key enzymes in pathological processes.

Pharmacokinetics: Absorption is enhanced when taken with food. Low protein binding (<30%). Metabolized through multiple pathways with no single dominant route. Terminal half-life of approximately 12-24 hours.

Contraindications: Severe hepatic impairment; Pregnancy and lactation; Severe renal impairment; Hypersensitivity to the active substance or any of the excipients.

Common Adverse Effects: Headache, Nausea, Fatigue, Dizziness, Vomiting.",,687
495,Metinib,SP-metinib,Strides Pharma,Musculoskeletal,Bisphosphonate,34566-139-67,259.39,Transdermal Patch,"50 mcg/h Transdermal Patch, 7 patches per box. Typical dosing: three times daily.","metinib is a bisphosphonate medication classified under musculoskeletal drugs.

Mechanism of Action: metinib works by binding to specific receptors in target tissues.

Pharmacokinetics: Subject to significant first-pass metabolism resulting in reduced bioavailability. Accumulates in adipose tissue due to lipophilic properties. Metabolized via non-CYP450 pathways. Excreted in urine as metabolites.

Contraindications: Hypersensitivity to the active substance or any of the excipients; Severe hepatic impairment; Pregnancy and lactation.

Common Adverse Effects: Diarrhea, Nausea, Dizziness, Rash, Pruritus.","IFNL3,SLCO1B1",389
496,Heglitazone,Bioheglitazone Plus,Biocon,Hormonal,Growth Hormone,13755-937-64,218.06,Extended-Release Capsule,"0.075 mg Extended-Release Capsule, 10 Extended-Release Capsules per bottle. Typical dosing: twice daily.","heglitazone is a growth hormone medication classified under hormonal drugs.

Mechanism of Action: heglitazone works by enhancing physiological defense mechanisms.

Pharmacokinetics: Bioavailability is approximately 60-80% after oral administration. Moderately protein-bound (approximately 60-80%). Metabolized via non-CYP450 pathways. Terminal half-life of approximately 12-24 hours.

Contraindications: Hypersensitivity to the active substance or any of the excipients; Severe renal impairment; Pregnancy and lactation.

Common Adverse Effects: Fatigue, Dizziness, Vomiting, Headache, Rash.",NAT2,608
497,Micitabine,micitabine HCl,AstraZeneca,Immunological,Interferons,63277-363-67,484.42,Capsule,"50 mg Capsule, 10 Capsules per bottle. Typical dosing: twice daily.","micitabine is a interferons medication classified under immunological drugs.

Mechanism of Action: micitabine works by inhibiting key enzymes in pathological processes.

Pharmacokinetics: Absorption is enhanced when taken with food. Highly protein-bound (approximately 90-95%). Extensively metabolized in the liver via CYP450 enzymes, primarily CYP3A4. Eliminated primarily via renal excretion of unchanged drug.

Contraindications: Hypersensitivity to the active substance or any of the excipients; Pregnancy and lactation; Severe hepatic impairment.

Common Adverse Effects: Rash, Nausea, Pruritus, Headache, Dizziness, Diarrhea.",,455
498,Staconazole,staconazole,Bayer,Ophthalmological,Miotic,36232-311-15,76.35,Dispersible Tablet,"100 mg Dispersible Tablet, 50 Dispersible Tablets per bottle. Typical dosing: once daily.","staconazole is a miotic medication classified under ophthalmological drugs.

Mechanism of Action: staconazole works by binding to specific receptors in target tissues.

Pharmacokinetics: Absorption is pH-dependent, optimized in acidic environment. Widely distributed throughout body tissues. Metabolism shows significant inter-individual variability. Eliminated primarily via renal excretion of unchanged drug.

Contraindications: Hypersensitivity to the active substance or any of the excipients; Severe renal impairment; Pregnancy and lactation; Severe hepatic impairment.

Common Adverse Effects: Diarrhea, Fatigue, Dizziness, Vomiting, Headache, Nausea.",,496
499,Cetide,PH-cetide ER,Piramal Healthcare,Antidiabetic,Insulin,38983-796-75,210.57,Otic Solution,"5.0 mg/mL Otic Solution, 480 mL bottle. Typical dosing: twice daily.","cetide is a insulin medication that helps control blood sugar levels in patients with type 2 diabetes mellitus.

Mechanism of Action: cetide works by inhibiting sodium-glucose cotransporter 2 (SGLT2) in the kidneys, increasing urinary glucose excretion.

Pharmacokinetics: Rapidly absorbed from the gastrointestinal tract. Accumulates in adipose tissue due to lipophilic properties. Metabolized to active metabolites that contribute to the therapeutic effect. Elimination rate depends on hepatic function.

Contraindications: Severe hepatic impairment; Severe renal impairment; Severe renal impairment (GFR < 30 mL/min); Pregnancy and lactation; Diabetic ketoacidosis.

Common Adverse Effects: Vomiting, Weight gain, Headache, Dizziness.",OPRM1,702
500,Acthiazide,acthiazide Calcium,GlaxoSmithKline,Dermatological,Antipsoriatic,67927-193-91,47.71,Transdermal Patch,"1.0 mg/24h Transdermal Patch, 7 patches per box. Typical dosing: three times daily.","acthiazide belongs to the class of antipsoriatic agents within the dermatological category.

Mechanism of Action: acthiazide works by counteracting pathological changes in tissue function.

Pharmacokinetics: Absorption is enhanced when taken with food. Low protein binding (<30%). Undergoes conjugation reactions in the liver. Prolonged half-life allowing once-daily dosing.

Contraindications: Severe hepatic impairment; Hypersensitivity to the active substance or any of the excipients; Pregnancy and lactation; Severe renal impairment.

Common Adverse Effects: Abdominal pain, Fatigue, Rash, Diarrhea.",,584
501,Loprofen,loprofen Hydrochloride HBr,GlaxoSmithKline,Immunological,Interferons,78028-880-12,120.04,Lozenges,"50 mg Lozenges, 100 units per package. Typical dosing: twice daily.","loprofen is indicated for therapeutic applications related to immunological conditions.

Mechanism of Action: loprofen works by binding to specific receptors in target tissues.

Pharmacokinetics: Rapidly absorbed from the gastrointestinal tract. Widely distributed throughout body tissues. Metabolism shows significant inter-individual variability. Excreted in urine as metabolites.

Contraindications: Pregnancy and lactation; Severe renal impairment; Severe hepatic impairment; Hypersensitivity to the active substance or any of the excipients.

Common Adverse Effects: Vomiting, Abdominal pain, Diarrhea, Dizziness, Headache, Fatigue.",,245
502,Vedipine,vedipine CR,Torrent Pharmaceuticals,Dermatological,Antiseptic,95046-521-91,75.6,Oral Suspension,"50 mcg/mL Oral Suspension, 120 mL bottle. Typical dosing: twice daily.","vedipine belongs to the class of antiseptic agents within the dermatological category.

Mechanism of Action: vedipine works by inhibiting key enzymes in pathological processes.

Pharmacokinetics: Absorption is pH-dependent, optimized in acidic environment. Widely distributed throughout body tissues. Undergoes conjugation reactions in the liver. Excreted in urine as metabolites.

Contraindications: Pregnancy and lactation; Hypersensitivity to the active substance or any of the excipients; Severe renal impairment; Severe hepatic impairment.

Common Adverse Effects: Dizziness, Diarrhea, Vomiting, Nausea, Pruritus, Headache.",,734
503,Brotuximab,brotuximab Sodium,Novartis,Otological,Anti-Inflammatory,36512-360-62,92.83,Topical Ointment,"1.0 % Topical Ointment, 30 g tube. Typical dosing: twice daily.","brotuximab is indicated for therapeutic applications related to otological conditions.

Mechanism of Action: brotuximab works by counteracting pathological changes in tissue function.

Pharmacokinetics: Slowly absorbed after oral administration. Moderately protein-bound (approximately 60-80%). Primarily metabolized by CYP2D6 with genetic polymorphisms affecting rate of metabolism. Clearance is reduced in patients with renal impairment.

Contraindications: Severe hepatic impairment; Hypersensitivity to the active substance or any of the excipients; Severe renal impairment; Pregnancy and lactation.

Common Adverse Effects: Dizziness, Nausea, Diarrhea, Vomiting, Headache, Fatigue, Pruritus.",,537
504,Leridone,leridone IR,Teva Pharmaceutical,Musculoskeletal,Antirheumatic,24113-192-37,158.1,Syrup,"200 mg/5mL Syrup, 60 mL bottle. Typical dosing: as directed by physician.","leridone belongs to the class of antirheumatic agents within the musculoskeletal category.

Mechanism of Action: leridone works by binding to specific receptors in target tissues.

Pharmacokinetics: Absorption is pH-dependent, optimized in acidic environment. Low protein binding (<30%). Subject to minimal metabolism, with most of the drug excreted unchanged. Clearance is reduced in patients with renal impairment.

Contraindications: Severe hepatic impairment; Pregnancy and lactation; Severe renal impairment; Hypersensitivity to the active substance or any of the excipients.

Common Adverse Effects: Dizziness, Pruritus, Headache, Vomiting.",,563
505,Qucitabine,qucitabine,Aurobindo Pharma,Immunological,Interferons,43410-872-42,339.69,Chewable Tablet,"500 mg Chewable Tablet, 50 Chewable Tablets per bottle. Typical dosing: three times daily.","qucitabine is used in the treatment of conditions requiring immunological therapy.

Mechanism of Action: qucitabine works by inhibiting key enzymes in pathological processes.

Pharmacokinetics: Absorption is pH-dependent, optimized in acidic environment. Distribution limited primarily to the vascular compartment. Undergoes conjugation reactions in the liver. Clearance is reduced in patients with renal impairment.

Contraindications: Severe hepatic impairment; Severe renal impairment; Pregnancy and lactation; Hypersensitivity to the active substance or any of the excipients.

Common Adverse Effects: Diarrhea, Headache, Nausea, Vomiting, Pruritus, Abdominal pain.",,618
506,Gagliptin,gagliptin,Allergan,Antidiabetic,Alpha-Glucosidase Inhibitor,57145-577-13,210.09,Film-Coated Tablet,"50.0 mg Film-Coated Tablet, 14 Film-Coated Tablets per bottle. Typical dosing: with meals.","gagliptin improves insulin sensitivity and reduces hepatic glucose production, leading to better glycemic control.

Mechanism of Action: gagliptin works by increasing tissue sensitivity to insulin and reducing hepatic glucose production.

Pharmacokinetics: Slowly absorbed after oral administration. Distribution limited primarily to the vascular compartment. Undergoes conjugation reactions in the liver. Terminal half-life of approximately 12-24 hours.

Contraindications: Acute or chronic metabolic acidosis; Severe renal impairment; Hypersensitivity to the active substance or any of the excipients; Pregnancy and lactation.

Common Adverse Effects: Diarrhea, Pruritus, Dizziness, Vomiting, Genital mycotic infections.",,357
507,Ratidine,ratidine,Biogen,Respiratory,Bronchodilator,40417-744-34,49.98,Oral Suspension,"200 mcg/mL Oral Suspension, 30 mL bottle. Typical dosing: every 4-6 hours as needed.","ratidine helps reduce inflammation and bronchospasm in the airways, improving breathing in patients with respiratory conditions.

Mechanism of Action: ratidine works by blocking leukotriene receptors, reducing bronchial inflammation and constriction.

Pharmacokinetics: Well absorbed through transdermal application. Moderately protein-bound (approximately 60-80%). Metabolized through multiple pathways with no single dominant route. Elimination rate depends on hepatic function.

Contraindications: Severe hepatic impairment; Known hypersensitivity to adrenergic compounds; Hypersensitivity to the active substance or any of the excipients; Pregnancy and lactation.

Common Adverse Effects: Pharyngitis, Dyspnea, Diarrhea, Pruritus.",,563
508,Feconazole,feconazole,Sanofi,Otological,Anti-Infective,70959-398-84,38.55,Vaginal Cream,"500 mg Vaginal Cream, 10 g tube. Typical dosing: once daily.","feconazole is used in the treatment of conditions requiring otological therapy.

Mechanism of Action: feconazole works by modulating biochemical pathways involved in the disease process.

Pharmacokinetics: Absorption is enhanced when taken with food. Does not significantly penetrate the blood-brain barrier. Subject to minimal metabolism, with most of the drug excreted unchanged. Eliminated through both renal and biliary routes.

Contraindications: Pregnancy and lactation; Severe renal impairment; Hypersensitivity to the active substance or any of the excipients; Severe hepatic impairment.

Common Adverse Effects: Dizziness, Vomiting, Diarrhea, Abdominal pain, Fatigue, Headache, Rash.",,633
509,Propramine,propramine Calcium,Torrent Pharmaceuticals,Central Nervous System,Antimigraine,87807-631-38,181.24,Tablet,"1.0 g Tablet, 20 Tablets per bottle. Typical dosing: as needed for pain.","propramine is indicated for the management of chronic pain conditions through its action on central pain pathways.

Mechanism of Action: propramine works by inhibiting the reuptake of serotonin and norepinephrine in the CNS.

Pharmacokinetics: Absorption is reduced when taken with food. Highly protein-bound (approximately 90-95%). Metabolized to active metabolites that contribute to the therapeutic effect. Eliminated through both renal and biliary routes.

Contraindications: Concomitant use of monoamine oxidase inhibitors; Hypersensitivity to the active substance or any of the excipients; Suicidal ideation.

Common Adverse Effects: Dizziness, Headache, Vomiting, Memory impairment, Confusion, Somnolence.",,392
510,Besterone,Regbesterone,Regeneron,Hormonal,Antithyroid,13411-859-12,181.0,Rectal Suppository,"0.5 mg Rectal Suppository, 10 units per package. Typical dosing: as directed by physician.","besterone belongs to the class of antithyroid agents within the hormonal category.

Mechanism of Action: besterone works by inhibiting key enzymes in pathological processes.

Pharmacokinetics: Slowly absorbed after oral administration. Highly protein-bound (approximately 90-95%). Metabolized via non-CYP450 pathways. Eliminated primarily via renal excretion of unchanged drug.

Contraindications: Hypersensitivity to the active substance or any of the excipients; Severe renal impairment; Severe hepatic impairment.

Common Adverse Effects: Vomiting, Fatigue, Diarrhea, Dizziness, Nausea, Rash, Pruritus.",IFNL3,659
511,Azpramine,azpramine,Vertex,Central Nervous System,Antidepressant,82981-321-46,65.87,Film-Coated Tablet,"20.0 mg Film-Coated Tablet, 30 Film-Coated Tablets per bottle. Typical dosing: once daily.","azpramine is a antidepressant that acts on the central nervous system to treat conditions such as depression, anxiety, or seizures.

Mechanism of Action: azpramine works by inhibiting monoamine oxidase, increasing levels of monoamine neurotransmitters.

Pharmacokinetics: Subject to significant first-pass metabolism resulting in reduced bioavailability. Low protein binding (<30%). Metabolized through multiple pathways with no single dominant route. Eliminated primarily via renal excretion of unchanged drug.

Contraindications: Hypersensitivity to the active substance or any of the excipients; Concomitant use of monoamine oxidase inhibitors; Suicidal ideation; Severe renal impairment; Pregnancy and lactation.

Common Adverse Effects: Nausea, Pruritus, Rash, Confusion, Fatigue, Diarrhea.","DPYD,CYP3A4,UGT1A1",605
512,Novastatin,novastatin Calcium,Gilead Sciences,Musculoskeletal,Muscle Relaxant,23061-262-66,57.35,Lozenges,"100 mg Lozenges, 100 units per package. Typical dosing: once daily.","novastatin is a muscle relaxant medication classified under musculoskeletal drugs.

Mechanism of Action: novastatin works by enhancing physiological defense mechanisms.

Pharmacokinetics: Bioavailability is approximately 60-80% after oral administration. Distribution limited primarily to the vascular compartment. Metabolized through multiple pathways with no single dominant route. Prolonged half-life allowing once-daily dosing.

Contraindications: Hypersensitivity to the active substance or any of the excipients; Severe hepatic impairment; Pregnancy and lactation.

Common Adverse Effects: Pruritus, Rash, Vomiting, Nausea, Fatigue, Headache, Diarrhea.","CYP2D6,CYP1A2,IFNL3",748
513,Tidronate,Vertidronate,Vertex,Otological,Anti-Inflammatory,67099-156-57,17.25,Enteric-Coated Tablet,"200 mg Enteric-Coated Tablet, 60 Enteric-Coated Tablets per bottle. Typical dosing: twice daily.","tidronate is a anti-inflammatory medication classified under otological drugs.

Mechanism of Action: tidronate works by counteracting pathological changes in tissue function.

Pharmacokinetics: Well absorbed through transdermal application. Widely distributed throughout body tissues. Metabolized to active metabolites that contribute to the therapeutic effect. Prolonged half-life allowing once-daily dosing.

Contraindications: Pregnancy and lactation; Severe renal impairment; Severe hepatic impairment; Hypersensitivity to the active substance or any of the excipients.

Common Adverse Effects: Headache, Dizziness, Rash, Abdominal pain, Vomiting, Pruritus, Nausea.",,499
514,Intriptium,Mylintriptium HBr,Mylan,Respiratory,Mucolytic,68446-821-13,199.36,Syrup,"40 mg/5mL Syrup, 60 mL bottle. Typical dosing: once daily.","intriptium is used for symptomatic relief of respiratory tract disorders characterized by congestion and inflammation.

Mechanism of Action: intriptium works by blocking leukotriene receptors, reducing bronchial inflammation and constriction.

Pharmacokinetics: Absorption is enhanced when taken with food. Moderately protein-bound (approximately 60-80%). Subject to minimal metabolism, with most of the drug excreted unchanged. Terminal half-life of approximately 12-24 hours.

Contraindications: Untreated fungal infections of the respiratory tract; Severe renal impairment; Known hypersensitivity to adrenergic compounds.

Common Adverse Effects: Vomiting, Increased sputum production, Dizziness, Rash, Headache, Cough, Dyspnea.",,493
515,Hemicin,hemicin Citrate SR,Pfizer,Antibiotic,Tetracycline,96410-750-62,117.59,Drops,"750 mg Drops, 20 units per package. Typical dosing: twice daily.","hemicin demonstrates bactericidal activity against a wide spectrum of pathogens commonly associated with respiratory, skin, and urinary tract infections.

Mechanism of Action: hemicin works by disrupting bacterial cell membrane integrity, leading to cell death.

Pharmacokinetics: Well absorbed through transdermal application. Distribution limited primarily to the vascular compartment. Extensively metabolized in the liver via CYP450 enzymes, primarily CYP3A4. Clearance is reduced in patients with renal impairment.

Contraindications: History of antibiotic-associated colitis; Concurrent use of contraindicated medications; Known bacterial resistance; Hypersensitivity to the active substance or any of the excipients.

Common Adverse Effects: Rash, Fatigue, Nausea, QT interval prolongation, Vomiting.",,597
516,Cadronate,cadronate Hydrochloride,Dr. Reddy's,Nutritional,Amino Acid,43839-936-33,99.93,Injection,"1.0 mg/mL Injection, 5 1 mL vials. Typical dosing: as directed by physician.","cadronate is used in the treatment of conditions requiring nutritional therapy.

Mechanism of Action: cadronate works by enhancing physiological defense mechanisms.

Pharmacokinetics: Absorption is enhanced when taken with food. Highly protein-bound (approximately 90-95%). Undergoes conjugation reactions in the liver. Elimination rate depends on hepatic function.

Contraindications: Severe renal impairment; Hypersensitivity to the active substance or any of the excipients; Pregnancy and lactation; Severe hepatic impairment.

Common Adverse Effects: Abdominal pain, Headache, Dizziness, Nausea, Rash, Vomiting.",,447
517,Qutinib,AL-qutinib Sulfate,Abbott Laboratories,Anticancer,Topoisomerase Inhibitor,61797-294-28,239.52,Tablet,"20 mg Tablet, 100 Tablets per bottle. Typical dosing: as directed by physician.","qutinib is used in the treatment of conditions requiring anticancer therapy.

Mechanism of Action: qutinib works by enhancing physiological defense mechanisms.

Pharmacokinetics: Absorption is pH-dependent, optimized in acidic environment. Accumulates in adipose tissue due to lipophilic properties. Metabolism shows significant inter-individual variability. Prolonged half-life allowing once-daily dosing.

Contraindications: Severe renal impairment; Pregnancy and lactation; Hypersensitivity to the active substance or any of the excipients; Severe hepatic impairment.

Common Adverse Effects: Vomiting, Dizziness, Rash, Pruritus, Nausea, Abdominal pain.",,438
518,Dofibrate,dofibrate,Bayer,Antiviral,Nucleoside Analog,93579-355-45,395.89,Rectal Suppository,"100 mg Rectal Suppository, 10 units per package. Typical dosing: as directed by physician.","dofibrate is a nucleoside analog medication classified under antiviral drugs.

Mechanism of Action: dofibrate works by modulating biochemical pathways involved in the disease process.

Pharmacokinetics: Absorption is enhanced when taken with food. Accumulates in adipose tissue due to lipophilic properties. Subject to minimal metabolism, with most of the drug excreted unchanged. Prolonged half-life allowing once-daily dosing.

Contraindications: Severe hepatic impairment; Pregnancy and lactation; Hypersensitivity to the active substance or any of the excipients; Severe renal impairment.

Common Adverse Effects: Headache, Dizziness, Pruritus, Abdominal pain, Vomiting, Rash.",,554
519,Vimethasone,vimethasone,Mylan,Immunological,Interferons,83169-208-12,120.62,Film-Coated Tablet,"50 mg Film-Coated Tablet, 10 Film-Coated Tablets per bottle. Typical dosing: three times daily.","vimethasone is a interferons medication classified under immunological drugs.

Mechanism of Action: vimethasone works by binding to specific receptors in target tissues.

Pharmacokinetics: Rapidly absorbed from the gastrointestinal tract. Crosses the blood-brain barrier. Metabolized to active metabolites that contribute to the therapeutic effect. Short half-life of 2-4 hours requiring multiple daily dosing.

Contraindications: Severe renal impairment; Pregnancy and lactation; Hypersensitivity to the active substance or any of the excipients; Severe hepatic impairment.

Common Adverse Effects: Fatigue, Dizziness, Diarrhea, Nausea, Rash, Headache.","ABCB1,MTHFR,G6PD",601
520,Gefloxacin,gefloxacin,Eli Lilly,Respiratory,Decongestant,63226-219-65,39.77,Vaginal Suppository,"4 mg Vaginal Suppository, 30 units per package. Typical dosing: every 4-6 hours as needed.","gefloxacin helps reduce inflammation and bronchospasm in the airways, improving breathing in patients with respiratory conditions.

Mechanism of Action: gefloxacin works by inhibiting phosphodiesterase enzymes, resulting in bronchodilation and anti-inflammatory effects.

Pharmacokinetics: Bioavailability is approximately 60-80% after oral administration. Does not significantly penetrate the blood-brain barrier. Metabolized via non-CYP450 pathways. Prolonged half-life allowing once-daily dosing.

Contraindications: Pregnancy and lactation; Status asthmaticus; Severe hepatic impairment; Known hypersensitivity to adrenergic compounds; Severe COPD with respiratory insufficiency.

Common Adverse Effects: Pharyngitis, Headache, Rash, Increased sputum production.","IFNL3,CYP2D6",895
521,Reafil,reafil,AbbVie,Musculoskeletal,Bisphosphonate,57483-411-37,144.85,Oral Suspension,"50.0 mg/mL Oral Suspension, 150 mL bottle. Typical dosing: once daily.","reafil is used in the treatment of conditions requiring musculoskeletal therapy.

Mechanism of Action: reafil works by modulating biochemical pathways involved in the disease process.

Pharmacokinetics: Slowly absorbed after oral administration. Moderately protein-bound (approximately 60-80%). Metabolism shows significant inter-individual variability. Eliminated through both renal and biliary routes.

Contraindications: Hypersensitivity to the active substance or any of the excipients; Pregnancy and lactation; Severe renal impairment; Severe hepatic impairment.

Common Adverse Effects: Nausea, Vomiting, Diarrhea, Rash, Fatigue, Dizziness.",CYP2D6,240
522,Geprazole,geprazole IR,Biocon,Otological,Anti-Infective,86956-996-91,15.59,Chewable Tablet,"100 mg Chewable Tablet, 50 Chewable Tablets per bottle. Typical dosing: as directed by physician.","geprazole is used in the treatment of conditions requiring otological therapy.

Mechanism of Action: geprazole works by counteracting pathological changes in tissue function.

Pharmacokinetics: Rapidly absorbed from the gastrointestinal tract. Moderately protein-bound (approximately 60-80%). Extensively metabolized in the liver via CYP450 enzymes, primarily CYP3A4. Terminal half-life of approximately 12-24 hours.

Contraindications: Severe renal impairment; Pregnancy and lactation; Hypersensitivity to the active substance or any of the excipients; Severe hepatic impairment.

Common Adverse Effects: Vomiting, Nausea, Pruritus, Diarrhea, Abdominal pain.",,196
523,Gagliptin,gagliptin,Amgen,Otological,Anti-Inflammatory,30509-963-96,68.33,Dispersible Tablet,"20 mg Dispersible Tablet, 90 Dispersible Tablets per bottle. Typical dosing: as directed by physician.","gagliptin is used in the treatment of conditions requiring otological therapy.

Mechanism of Action: gagliptin works by modulating biochemical pathways involved in the disease process.

Pharmacokinetics: Absorption is reduced when taken with food. Does not significantly penetrate the blood-brain barrier. Undergoes conjugation reactions in the liver. Eliminated through both renal and biliary routes.

Contraindications: Severe renal impairment; Hypersensitivity to the active substance or any of the excipients; Pregnancy and lactation; Severe hepatic impairment.

Common Adverse Effects: Diarrhea, Pruritus, Abdominal pain, Nausea, Headache.",,554
524,Betidine,Merbetidine CR,Merck,Gastrointestinal,Prokinetic,95754-715-10,127.67,Buccal Tablet,"100 mg Buccal Tablet, 28 Buccal Tablets per bottle. Typical dosing: as directed by physician.","betidine is a prokinetic used in the treatment of acid-related gastrointestinal disorders.

Mechanism of Action: betidine works by stimulating gastrointestinal motility through acetylcholine-like effects.

Pharmacokinetics: Absorption is enhanced when taken with food. Low protein binding (<30%). Metabolism shows significant inter-individual variability. Terminal half-life of approximately 12-24 hours.

Contraindications: Gastrointestinal obstruction; Inflammatory bowel disease in acute phase; Active gastrointestinal bleeding; Pregnancy and lactation; Hypersensitivity to the active substance or any of the excipients.

Common Adverse Effects: Dizziness, Vomiting, Rash, Flatulence, Headache.",,768
525,Rathiazide,rathiazide CR,Vertex,Cardiovascular,ACE Inhibitor,90127-681-61,70.31,Topical Gel,"20.0 mg/g Topical Gel, 50 g tube. Typical dosing: once daily.","rathiazide is indicated for the treatment of hypertension, either alone or in combination with other antihypertensive agents.

Mechanism of Action: rathiazide works by selectively blocking beta-adrenergic receptors, reducing the effects of epinephrine.

Pharmacokinetics: Absorption is reduced when taken with food. Does not significantly penetrate the blood-brain barrier. Metabolized through multiple pathways with no single dominant route. Short half-life of 2-4 hours requiring multiple daily dosing.

Contraindications: Acute heart failure; Severe hepatic impairment; Hypersensitivity to the active substance or any of the excipients; Pregnancy and lactation; Cardiogenic shock.

Common Adverse Effects: Flushing, Edema, Bradycardia, Dizziness, Nausea, Pruritus.",,471
526,Inmicin,inmicin,Aurobindo Pharma,Immunological,Monoclonal Antibody,99056-391-51,288.74,Vaginal Suppository,"500 mg Vaginal Suppository, 10 units per package. Typical dosing: three times daily.","inmicin is indicated for therapeutic applications related to immunological conditions.

Mechanism of Action: inmicin works by counteracting pathological changes in tissue function.

Pharmacokinetics: Bioavailability is approximately 60-80% after oral administration. Widely distributed throughout body tissues. Metabolized through multiple pathways with no single dominant route. Terminal half-life of approximately 12-24 hours.

Contraindications: Severe hepatic impairment; Severe renal impairment; Hypersensitivity to the active substance or any of the excipients; Pregnancy and lactation.

Common Adverse Effects: Rash, Headache, Dizziness, Pruritus, Abdominal pain, Vomiting.",CYP2D6,320
527,Azthiazide,Bioazthiazide,Biocon,Nutritional,Mineral,12538-342-95,32.05,Film-Coated Tablet,"10 mg Film-Coated Tablet, 120 Film-Coated Tablets per bottle. Typical dosing: once daily.","azthiazide is used in the treatment of conditions requiring nutritional therapy.

Mechanism of Action: azthiazide works by binding to specific receptors in target tissues.

Pharmacokinetics: Bioavailability is approximately 60-80% after oral administration. Widely distributed throughout body tissues. Metabolized to active metabolites that contribute to the therapeutic effect. Eliminated through both renal and biliary routes.

Contraindications: Hypersensitivity to the active substance or any of the excipients; Severe hepatic impairment; Severe renal impairment; Pregnancy and lactation.

Common Adverse Effects: Fatigue, Dizziness, Pruritus, Rash, Headache, Nausea, Vomiting.",DPYD,591
528,Tithiazide,tithiazide,Novo Nordisk,Cardiovascular,Antihypertensive,41868-579-70,109.9,Ophthalmic Solution,"10.0 mg/mL Ophthalmic Solution, 30 mL bottle. Typical dosing: twice daily.","tithiazide is indicated for the treatment of hypertension, either alone or in combination with other antihypertensive agents.

Mechanism of Action: tithiazide works by inhibiting angiotensin-converting enzyme (ACE), which reduces the production of angiotensin II.

Pharmacokinetics: Absorption is reduced when taken with food. Widely distributed throughout body tissues. Extensively metabolized in the liver via CYP450 enzymes, primarily CYP3A4. Terminal half-life of approximately 12-24 hours.

Contraindications: Hypersensitivity to the active substance or any of the excipients; Severe renal impairment; Acute heart failure.

Common Adverse Effects: Rash, Diarrhea, Nausea, Flushing, Bradycardia.",IFNL3,314
529,Rapril,BI-rapril Sodium,Boehringer Ingelheim,Ophthalmological,Antiglaucoma,61606-987-38,124.4,Film-Coated Tablet,"25 mg Film-Coated Tablet, 120 Film-Coated Tablets per bottle. Typical dosing: once daily.","rapril is used in the treatment of conditions requiring ophthalmological therapy.

Mechanism of Action: rapril works by modulating biochemical pathways involved in the disease process.

Pharmacokinetics: Absorption is pH-dependent, optimized in acidic environment. Distribution limited primarily to the vascular compartment. Extensively metabolized in the liver via CYP450 enzymes, primarily CYP3A4. Terminal half-life of approximately 12-24 hours.

Contraindications: Severe renal impairment; Pregnancy and lactation; Hypersensitivity to the active substance or any of the excipients; Severe hepatic impairment.

Common Adverse Effects: Abdominal pain, Rash, Diarrhea, Fatigue.",,154
530,Getinib,TP-getinib,Torrent Pharmaceuticals,Nutritional,Vitamin,82038-858-48,35.83,Transdermal Patch,"50 mg/24h Transdermal Patch, 7 patches per box. Typical dosing: once daily.","getinib is indicated for therapeutic applications related to nutritional conditions.

Mechanism of Action: getinib works by binding to specific receptors in target tissues.

Pharmacokinetics: Absorption is reduced when taken with food. Accumulates in adipose tissue due to lipophilic properties. Metabolism shows significant inter-individual variability. Short half-life of 2-4 hours requiring multiple daily dosing.

Contraindications: Hypersensitivity to the active substance or any of the excipients; Severe renal impairment; Severe hepatic impairment; Pregnancy and lactation.

Common Adverse Effects: Fatigue, Dizziness, Vomiting, Nausea, Headache.",,869
531,Gamab,gamab Sulfate,GlaxoSmithKline,Anticancer,Antimetabolite,48708-141-52,418.57,Dispersible Tablet,"25 mg Dispersible Tablet, 90 Dispersible Tablets per bottle. Typical dosing: twice daily.","gamab is used in the treatment of conditions requiring anticancer therapy.

Mechanism of Action: gamab works by binding to specific receptors in target tissues.

Pharmacokinetics: Absorption is enhanced when taken with food. Moderately protein-bound (approximately 60-80%). Primarily metabolized by CYP2D6 with genetic polymorphisms affecting rate of metabolism. Eliminated through both renal and biliary routes.

Contraindications: Pregnancy and lactation; Severe hepatic impairment; Hypersensitivity to the active substance or any of the excipients; Severe renal impairment.

Common Adverse Effects: Dizziness, Abdominal pain, Fatigue, Vomiting, Headache, Nausea, Diarrhea.",G6PD,532
532,Lepril,lepril,Serum Institute,Musculoskeletal,Muscle Relaxant,51192-587-52,133.23,Topical Ointment,"2.5 % Topical Ointment, 30 g tube. Typical dosing: twice daily.","lepril is used in the treatment of conditions requiring musculoskeletal therapy.

Mechanism of Action: lepril works by enhancing physiological defense mechanisms.

Pharmacokinetics: Absorption is pH-dependent, optimized in acidic environment. Highly protein-bound (approximately 90-95%). Metabolized through multiple pathways with no single dominant route. Short half-life of 2-4 hours requiring multiple daily dosing.

Contraindications: Severe hepatic impairment; Severe renal impairment; Pregnancy and lactation; Hypersensitivity to the active substance or any of the excipients.

Common Adverse Effects: Diarrhea, Headache, Abdominal pain, Pruritus, Vomiting, Dizziness, Fatigue.",DPYD,484
533,Raridone,raridone Calcium ER,Novartis,Antidiabetic,GLP-1 Receptor Agonist,40738-180-55,402.57,Extended-Release Capsule,"150 mcg Extended-Release Capsule, 14 Extended-Release Capsules per bottle. Typical dosing: once daily.","raridone is a glp-1 receptor agonist medication that helps control blood sugar levels in patients with type 2 diabetes mellitus.

Mechanism of Action: raridone works by stimulating insulin release from pancreatic beta cells.

Pharmacokinetics: Absorption is reduced when taken with food. Moderately protein-bound (approximately 60-80%). Extensively metabolized in the liver via CYP450 enzymes, primarily CYP3A4. Short half-life of 2-4 hours requiring multiple daily dosing.

Contraindications: Diabetic ketoacidosis; Acute or chronic metabolic acidosis; Severe renal impairment (GFR < 30 mL/min); Severe hepatic impairment; Hypersensitivity to the active substance or any of the excipients.

Common Adverse Effects: Diarrhea, Weight gain, Fatigue, Dizziness, Pruritus, Urinary tract infections.",,503
534,Enprazole,enprazole,Piramal Healthcare,Cardiovascular,Antianginal,26322-136-93,115.49,Drops,"200.0 mg Drops, 30 units per package. Typical dosing: once daily.","enprazole is indicated for the treatment of hypertension, either alone or in combination with other antihypertensive agents.

Mechanism of Action: enprazole works by selectively blocking beta-adrenergic receptors, reducing the effects of epinephrine.

Pharmacokinetics: Absorption is pH-dependent, optimized in acidic environment. Does not significantly penetrate the blood-brain barrier. Extensively metabolized in the liver via CYP450 enzymes, primarily CYP3A4. Terminal half-life of approximately 12-24 hours.

Contraindications: Severe bradycardia; Hypersensitivity to the active substance or any of the excipients; Bilateral renal artery stenosis; Acute heart failure.

Common Adverse Effects: Dizziness, Chest pain, Palpitations, Diarrhea.",,958
535,Vatriptan,vatriptan Potassium,Bayer,Antiviral,Nucleoside Analog,13151-212-24,1252.58,Transdermal Patch,"20 mg/24h Transdermal Patch, 5 patches per box. Typical dosing: three times daily.","vatriptan is a nucleoside analog medication classified under antiviral drugs.

Mechanism of Action: vatriptan works by inhibiting key enzymes in pathological processes.

Pharmacokinetics: Well absorbed through transdermal application. Moderately protein-bound (approximately 60-80%). Subject to minimal metabolism, with most of the drug excreted unchanged. Terminal half-life of approximately 12-24 hours.

Contraindications: Pregnancy and lactation; Severe hepatic impairment; Hypersensitivity to the active substance or any of the excipients.

Common Adverse Effects: Diarrhea, Fatigue, Pruritus, Abdominal pain.",,767
536,Qucitabine,qucitabine,Alembic Pharmaceuticals,Antiparasitic,Antihelminthic,32716-580-27,24.88,Rectal Suppository,"100 mg Rectal Suppository, 20 units per package. Typical dosing: as directed by physician.","qucitabine is indicated for therapeutic applications related to antiparasitic conditions.

Mechanism of Action: qucitabine works by enhancing physiological defense mechanisms.

Pharmacokinetics: Bioavailability is approximately 60-80% after oral administration. Moderately protein-bound (approximately 60-80%). Metabolized via non-CYP450 pathways. Terminal half-life of approximately 12-24 hours.

Contraindications: Pregnancy and lactation; Hypersensitivity to the active substance or any of the excipients; Severe hepatic impairment.

Common Adverse Effects: Pruritus, Abdominal pain, Nausea, Rash, Dizziness, Headache, Vomiting.","OPRM1,CYP2E1",929
537,Heglitazone,Amgheglitazone HBr,Amgen,Ophthalmological,Miotic,79709-867-98,77.9,Buccal Tablet,"25 mg Buccal Tablet, 60 Buccal Tablets per bottle. Typical dosing: three times daily.","heglitazone is used in the treatment of conditions requiring ophthalmological therapy.

Mechanism of Action: heglitazone works by binding to specific receptors in target tissues.

Pharmacokinetics: Well absorbed through transdermal application. Widely distributed throughout body tissues. Undergoes conjugation reactions in the liver. Clearance is reduced in patients with renal impairment.

Contraindications: Hypersensitivity to the active substance or any of the excipients; Severe hepatic impairment; Severe renal impairment; Pregnancy and lactation.

Common Adverse Effects: Dizziness, Rash, Diarrhea, Pruritus, Headache.",,434
538,Esthiazide,SI-esthiazide,Serum Institute,Antiviral,Nucleoside Analog,57384-703-25,543.16,Oral Solution,"10.0 % Oral Solution, 150 mL bottle. Typical dosing: as directed by physician.","esthiazide belongs to the class of nucleoside analog agents within the antiviral category.

Mechanism of Action: esthiazide works by inhibiting key enzymes in pathological processes.

Pharmacokinetics: Subject to significant first-pass metabolism resulting in reduced bioavailability. Does not significantly penetrate the blood-brain barrier. Extensively metabolized in the liver via CYP450 enzymes, primarily CYP3A4. Eliminated through both renal and biliary routes.

Contraindications: Severe renal impairment; Severe hepatic impairment; Hypersensitivity to the active substance or any of the excipients.

Common Adverse Effects: Pruritus, Dizziness, Rash, Nausea, Abdominal pain.",,441
539,Finavir,AL-finavir Calcium,Abbott Laboratories,Antibiotic,Aminoglycoside,14800-768-70,29.65,Effervescent Tablet,"1000 mg Effervescent Tablet, 28 Effervescent Tablets per bottle. Typical dosing: twice daily.","finavir is a broad-spectrum antibiotic used to treat various bacterial infections throughout the body.

Mechanism of Action: finavir works by interfering with bacterial folate synthesis, inhibiting DNA and RNA production.

Pharmacokinetics: Subject to significant first-pass metabolism resulting in reduced bioavailability. Low protein binding (<30%). Primarily metabolized by CYP2D6 with genetic polymorphisms affecting rate of metabolism. Clearance is reduced in patients with renal impairment.

Contraindications: Severe renal impairment; Myasthenia gravis (for certain antibiotic classes); Hypersensitivity to the active substance or any of the excipients; Concurrent use of contraindicated medications.

Common Adverse Effects: Photosensitivity, Vomiting, Antibiotic-associated diarrhea, Headache, Dizziness.",,599
540,Noafil,BI-noafil,Boehringer Ingelheim,Musculoskeletal,Muscle Relaxant,73782-575-78,158.34,Topical Ointment,"2.5 % Topical Ointment, 45 g tube. Typical dosing: as directed by physician.","noafil is a muscle relaxant medication classified under musculoskeletal drugs.

Mechanism of Action: noafil works by modulating biochemical pathways involved in the disease process.

Pharmacokinetics: Bioavailability is approximately 60-80% after oral administration. Crosses the blood-brain barrier. Primarily metabolized by CYP2D6 with genetic polymorphisms affecting rate of metabolism. Elimination rate depends on hepatic function.

Contraindications: Severe hepatic impairment; Pregnancy and lactation; Hypersensitivity to the active substance or any of the excipients.

Common Adverse Effects: Pruritus, Dizziness, Vomiting, Headache, Fatigue, Rash, Diarrhea.",,753
541,Ciracil,ciracil Hydrochloride,Lupin,Dermatological,Corticosteroid,35889-373-69,120.63,Vaginal Suppository,"20.0 mg Vaginal Suppository, 30 units per package. Typical dosing: as directed by physician.","ciracil is used in the treatment of conditions requiring dermatological therapy.

Mechanism of Action: ciracil works by binding to specific receptors in target tissues.

Pharmacokinetics: Bioavailability is approximately 60-80% after oral administration. Widely distributed throughout body tissues. Metabolized to active metabolites that contribute to the therapeutic effect. Excreted in urine as metabolites.

Contraindications: Hypersensitivity to the active substance or any of the excipients; Severe hepatic impairment; Severe renal impairment.

Common Adverse Effects: Diarrhea, Fatigue, Nausea, Abdominal pain, Pruritus, Dizziness, Headache.","TPMT,HLA-B*5701",670
542,Desemide,desemide,Mankind Pharma,Antiparasitic,Antihelminthic,42197-860-75,98.72,Orally Disintegrating Tablet,"5 mg Orally Disintegrating Tablet, 60 Orally Disintegrating Tablets per bottle. Typical dosing: twice daily.","desemide is indicated for therapeutic applications related to antiparasitic conditions.

Mechanism of Action: desemide works by counteracting pathological changes in tissue function.

Pharmacokinetics: Absorption is reduced when taken with food. Distribution limited primarily to the vascular compartment. Metabolized through multiple pathways with no single dominant route. Clearance is reduced in patients with renal impairment.

Contraindications: Pregnancy and lactation; Hypersensitivity to the active substance or any of the excipients; Severe renal impairment; Severe hepatic impairment.

Common Adverse Effects: Fatigue, Diarrhea, Rash, Pruritus, Headache, Vomiting, Abdominal pain.",,538
543,Necaine,necaine ER,AstraZeneca,Musculoskeletal,Bisphosphonate,22285-160-57,235.72,Extended-Release Capsule,"100 mg Extended-Release Capsule, 28 Extended-Release Capsules per bottle. Typical dosing: twice daily.","necaine belongs to the class of bisphosphonate agents within the musculoskeletal category.

Mechanism of Action: necaine works by counteracting pathological changes in tissue function.

Pharmacokinetics: Absorption is pH-dependent, optimized in acidic environment. Highly protein-bound (approximately 90-95%). Subject to minimal metabolism, with most of the drug excreted unchanged. Prolonged half-life allowing once-daily dosing.

Contraindications: Severe hepatic impairment; Hypersensitivity to the active substance or any of the excipients; Pregnancy and lactation; Severe renal impairment.

Common Adverse Effects: Diarrhea, Fatigue, Rash, Nausea, Vomiting, Dizziness, Pruritus.","VKORC1,CYP1A2",638
544,Enantine,enantine Phosphate D,Vertex,Musculoskeletal,Muscle Relaxant,60127-739-45,64.36,Nasal Spray,"0.025 % Nasal Spray, 20 mL bottle. Typical dosing: once daily.","enantine is indicated for therapeutic applications related to musculoskeletal conditions.

Mechanism of Action: enantine works by modulating biochemical pathways involved in the disease process.

Pharmacokinetics: Well absorbed through transdermal application. Moderately protein-bound (approximately 60-80%). Metabolized through multiple pathways with no single dominant route. Eliminated primarily via renal excretion of unchanged drug.

Contraindications: Hypersensitivity to the active substance or any of the excipients; Severe renal impairment; Severe hepatic impairment; Pregnancy and lactation.

Common Adverse Effects: Pruritus, Diarrhea, Abdominal pain, Dizziness, Vomiting, Nausea.",,277
545,Lifibrate,lifibrate Sodium,Aurobindo Pharma,Hormonal,Antithyroid,96544-888-86,168.23,Film-Coated Tablet,"2.0 mg Film-Coated Tablet, 28 Film-Coated Tablets per bottle. Typical dosing: once daily.","lifibrate is indicated for therapeutic applications related to hormonal conditions.

Mechanism of Action: lifibrate works by inhibiting key enzymes in pathological processes.

Pharmacokinetics: Absorption is reduced when taken with food. Crosses the blood-brain barrier. Extensively metabolized in the liver via CYP450 enzymes, primarily CYP3A4. Prolonged half-life allowing once-daily dosing.

Contraindications: Hypersensitivity to the active substance or any of the excipients; Pregnancy and lactation; Severe renal impairment; Severe hepatic impairment.

Common Adverse Effects: Vomiting, Dizziness, Abdominal pain, Pruritus.",,487
546,Garidone,garidone HCT,Takeda,Antiparasitic,Antimalarial,59330-944-62,99.59,Extended-Release Tablet,"25 mcg Extended-Release Tablet, 10 Extended-Release Tablets per bottle. Typical dosing: once daily.","garidone is indicated for therapeutic applications related to antiparasitic conditions.

Mechanism of Action: garidone works by binding to specific receptors in target tissues.

Pharmacokinetics: Bioavailability is approximately 60-80% after oral administration. Crosses the blood-brain barrier. Undergoes conjugation reactions in the liver. Clearance is reduced in patients with renal impairment.

Contraindications: Hypersensitivity to the active substance or any of the excipients; Severe renal impairment; Pregnancy and lactation; Severe hepatic impairment.

Common Adverse Effects: Diarrhea, Abdominal pain, Vomiting, Fatigue, Nausea.",,308
547,Abolol,AP-abolol,Aurobindo Pharma,Immunological,Monoclonal Antibody,37229-756-26,456.83,Oral Solution,"1.0 % Oral Solution, 30 mL bottle. Typical dosing: as directed by physician.","abolol is used in the treatment of conditions requiring immunological therapy.

Mechanism of Action: abolol works by inhibiting key enzymes in pathological processes.

Pharmacokinetics: Well absorbed through transdermal application. Highly protein-bound (approximately 90-95%). Primarily metabolized by CYP2D6 with genetic polymorphisms affecting rate of metabolism. Eliminated primarily via renal excretion of unchanged drug.

Contraindications: Hypersensitivity to the active substance or any of the excipients; Severe hepatic impairment; Severe renal impairment.

Common Adverse Effects: Vomiting, Pruritus, Diarrhea, Dizziness, Rash, Nausea, Abdominal pain.",,395
548,Didone,Gledidone,Glenmark,Central Nervous System,Antipsychotic,49206-924-36,146.87,Rectal Suppository,"100.0 mg Rectal Suppository, 20 units per package. Typical dosing: at bedtime.","didone is used in the treatment of neurological and psychiatric disorders by modulating neurotransmitter activity.

Mechanism of Action: didone works by inhibiting the reuptake of serotonin and norepinephrine in the CNS.

Pharmacokinetics: Absorption is reduced when taken with food. Accumulates in adipose tissue due to lipophilic properties. Undergoes conjugation reactions in the liver. Prolonged half-life allowing once-daily dosing.

Contraindications: Angle-closure glaucoma; Concomitant use of monoamine oxidase inhibitors; Pregnancy and lactation; Hypersensitivity to the active substance or any of the excipients; Suicidal ideation.

Common Adverse Effects: Insomnia, Tremor, Nausea, Abdominal pain, Rash, Anxiety, Somnolence.",,441
549,Lasartan,GS-lasartan Phosphate IV,Gilead Sciences,Immunological,Antirheumatic,69644-964-66,421.09,Buccal Tablet,"50 mg Buccal Tablet, 28 Buccal Tablets per bottle. Typical dosing: once daily.","lasartan is used in the treatment of conditions requiring immunological therapy.

Mechanism of Action: lasartan works by binding to specific receptors in target tissues.

Pharmacokinetics: Absorption is reduced when taken with food. Moderately protein-bound (approximately 60-80%). Primarily metabolized by CYP2D6 with genetic polymorphisms affecting rate of metabolism. Elimination rate depends on hepatic function.

Contraindications: Severe renal impairment; Pregnancy and lactation; Severe hepatic impairment; Hypersensitivity to the active substance or any of the excipients.

Common Adverse Effects: Abdominal pain, Pruritus, Vomiting, Headache, Dizziness, Fatigue, Nausea.","COMT,CYP2C9,CFTR",493
550,Diphylline,Regdiphylline Oral,Regeneron,Respiratory,Expectorant,21264-837-30,199.55,Orally Disintegrating Tablet,"40 mg Orally Disintegrating Tablet, 180 Orally Disintegrating Tablets per bottle. Typical dosing: twice daily.","diphylline is a expectorant indicated for the treatment of asthma and chronic obstructive pulmonary disease (COPD).

Mechanism of Action: diphylline works by antagonizing histamine H1 receptors, reducing allergic responses.

Pharmacokinetics: Rapidly absorbed from the gastrointestinal tract. Does not significantly penetrate the blood-brain barrier. Subject to minimal metabolism, with most of the drug excreted unchanged. Excreted in urine as metabolites.

Contraindications: Status asthmaticus; Hypersensitivity to the active substance or any of the excipients; Untreated fungal infections of the respiratory tract; Severe hepatic impairment.

Common Adverse Effects: Pruritus, Increased sputum production, Bronchospasm, Diarrhea.",,721
551,Cizolam,cizolam ER,Johnson & Johnson,Ophthalmological,Lubricant,85167-944-38,70.33,Chewable Tablet,"200 mg Chewable Tablet, 14 Chewable Tablets per bottle. Typical dosing: twice daily.","cizolam is used in the treatment of conditions requiring ophthalmological therapy.

Mechanism of Action: cizolam works by binding to specific receptors in target tissues.

Pharmacokinetics: Absorption is pH-dependent, optimized in acidic environment. Accumulates in adipose tissue due to lipophilic properties. Metabolized through multiple pathways with no single dominant route. Terminal half-life of approximately 12-24 hours.

Contraindications: Severe renal impairment; Pregnancy and lactation; Hypersensitivity to the active substance or any of the excipients; Severe hepatic impairment.

Common Adverse Effects: Diarrhea, Headache, Abdominal pain, Vomiting, Fatigue.","CYP2D6,SLCO1B1",719
552,Brotate,brotate Potassium IV,Regeneron,Gastrointestinal,Proton Pump Inhibitor,58838-594-84,288.52,Transdermal Patch,"50 mcg/h Transdermal Patch, 14 patches per box. Typical dosing: twice daily.","brotate helps manage symptoms and promote healing in patients with inflammatory bowel conditions.

Mechanism of Action: brotate works by blocking dopamine D2 receptors in the chemoreceptor trigger zone, providing antiemetic effects.

Pharmacokinetics: Rapidly absorbed from the gastrointestinal tract. Accumulates in adipose tissue due to lipophilic properties. Subject to minimal metabolism, with most of the drug excreted unchanged. Short half-life of 2-4 hours requiring multiple daily dosing.

Contraindications: Severe renal impairment; Hypersensitivity to the active substance or any of the excipients; Pregnancy and lactation; Severe hepatic impairment.

Common Adverse Effects: Altered taste, Rash, Pruritus, Headache, Diarrhea, Constipation.","SLCO1B1,G6PD",471
553,Fedipine,fedipine Potassium,Sun Pharmaceutical,Cardiovascular,Antianginal,93070-397-95,141.15,Transdermal Patch,"50.0 mg/24h Transdermal Patch, 4 patches per box. Typical dosing: twice daily.","fedipine is a antianginal used in the management of heart failure, hypertension, and related cardiovascular conditions.

Mechanism of Action: fedipine works by reducing the activity of the renin-angiotensin-aldosterone system.

Pharmacokinetics: Absorption is pH-dependent, optimized in acidic environment. Widely distributed throughout body tissues. Metabolized through multiple pathways with no single dominant route. Excreted in urine as metabolites.

Contraindications: Cardiogenic shock; Acute heart failure; Severe hepatic impairment; Second or third-degree heart block.

Common Adverse Effects: Nausea, Syncope, Palpitations, Rash, Flushing.","ABCG2,ABCB1,HLA-B*5701",378
554,Esvatib,BS-esvatib SR,Bristol-Myers Squibb,Hormonal,Androgen,35377-982-22,28.4,Oral Solution,"50 mcg/mL Oral Solution, 240 mL bottle. Typical dosing: twice daily.","esvatib belongs to the class of androgen agents within the hormonal category.

Mechanism of Action: esvatib works by inhibiting key enzymes in pathological processes.

Pharmacokinetics: Absorption is pH-dependent, optimized in acidic environment. Low protein binding (<30%). Metabolized through multiple pathways with no single dominant route. Eliminated primarily via renal excretion of unchanged drug.

Contraindications: Severe hepatic impairment; Severe renal impairment; Pregnancy and lactation; Hypersensitivity to the active substance or any of the excipients.

Common Adverse Effects: Rash, Pruritus, Diarrhea, Abdominal pain, Headache, Fatigue, Nausea.",,588
555,Vecillin,vecillin HCT,Cipla,Antibiotic,Cephalosporin,17702-477-19,207.54,Injection,"0.5 g Injection, 25 20 mL vials. Typical dosing: three times daily.","vecillin is a broad-spectrum antibiotic used to treat various bacterial infections throughout the body.

Mechanism of Action: vecillin works by inhibiting bacterial cell wall synthesis by binding to penicillin-binding proteins.

Pharmacokinetics: Well absorbed through transdermal application. Moderately protein-bound (approximately 60-80%). Subject to minimal metabolism, with most of the drug excreted unchanged. Eliminated through both renal and biliary routes.

Contraindications: Hypersensitivity to the active substance or any of the excipients; Concurrent use of contraindicated medications; Pregnancy and lactation; History of antibiotic-associated colitis; Known bacterial resistance.

Common Adverse Effects: Dizziness, Nausea, Allergic reactions, Fatigue, Antibiotic-associated diarrhea.",,374
556,Cizole,cizole HCl,Johnson & Johnson,Gastrointestinal,Prokinetic,80359-117-89,157.17,Film-Coated Tablet,"50 mg Film-Coated Tablet, 28 Film-Coated Tablets per bottle. Typical dosing: three times daily.","cizole provides relief from symptoms associated with gastroesophageal reflux disease (GERD) and peptic ulcer disease.

Mechanism of Action: cizole works by stimulating gastrointestinal motility through acetylcholine-like effects.

Pharmacokinetics: Absorption is enhanced when taken with food. Widely distributed throughout body tissues. Extensively metabolized in the liver via CYP450 enzymes, primarily CYP3A4. Excreted in urine as metabolites.

Contraindications: Severe hepatic impairment; Hypersensitivity to the active substance or any of the excipients; Gastrointestinal obstruction.

Common Adverse Effects: Flatulence, Dry mouth, Dizziness, Dyspepsia, Increased appetite, Diarrhea.",,339
557,Vianide,vianide Calcium,Lupin,Antidiabetic,Alpha-Glucosidase Inhibitor,24755-341-75,79.17,Lozenges,"2.0 mg Lozenges, 10 units per package. Typical dosing: once daily.","vianide is a alpha-glucosidase inhibitor medication that helps control blood sugar levels in patients with type 2 diabetes mellitus.

Mechanism of Action: vianide works by increasing tissue sensitivity to insulin and reducing hepatic glucose production.

Pharmacokinetics: Absorption is pH-dependent, optimized in acidic environment. Widely distributed throughout body tissues. Primarily metabolized by CYP2D6 with genetic polymorphisms affecting rate of metabolism. Clearance is reduced in patients with renal impairment.

Contraindications: Severe hepatic impairment; Hypersensitivity to the active substance or any of the excipients; Acute or chronic metabolic acidosis.

Common Adverse Effects: Vomiting, Hypoglycemia, Peripheral edema, Fatigue.",,542
558,Dofenac,dofenac IR,Cipla,Otological,Anti-Inflammatory,90981-820-47,110.66,Ophthalmic Solution,"10.0 mg/mL Ophthalmic Solution, 120 mL bottle. Typical dosing: once daily.","dofenac is indicated for therapeutic applications related to otological conditions.

Mechanism of Action: dofenac works by modulating biochemical pathways involved in the disease process.

Pharmacokinetics: Well absorbed through transdermal application. Low protein binding (<30%). Primarily metabolized by CYP2D6 with genetic polymorphisms affecting rate of metabolism. Elimination rate depends on hepatic function.

Contraindications: Pregnancy and lactation; Hypersensitivity to the active substance or any of the excipients; Severe hepatic impairment; Severe renal impairment.

Common Adverse Effects: Pruritus, Dizziness, Vomiting, Headache, Rash, Diarrhea, Abdominal pain.",,379
559,Clomicin,clomicin Phosphate,Gilead Sciences,Otological,Cerumenolytic,26891-828-10,99.44,Rectal Suppository,"500 mg Rectal Suppository, 100 units per package. Typical dosing: as directed by physician.","clomicin is used in the treatment of conditions requiring otological therapy.

Mechanism of Action: clomicin works by counteracting pathological changes in tissue function.

Pharmacokinetics: Absorption is pH-dependent, optimized in acidic environment. Widely distributed throughout body tissues. Metabolism shows significant inter-individual variability. Elimination rate depends on hepatic function.

Contraindications: Hypersensitivity to the active substance or any of the excipients; Pregnancy and lactation; Severe hepatic impairment; Severe renal impairment.

Common Adverse Effects: Dizziness, Abdominal pain, Nausea, Headache.",,391
560,Roprofen,roprofen HCT,Takeda,Antiviral,Protease Inhibitor,17030-548-28,753.89,Enteric-Coated Tablet,"50 mg Enteric-Coated Tablet, 14 Enteric-Coated Tablets per bottle. Typical dosing: once daily.","roprofen belongs to the class of protease inhibitor agents within the antiviral category.

Mechanism of Action: roprofen works by counteracting pathological changes in tissue function.

Pharmacokinetics: Slowly absorbed after oral administration. Accumulates in adipose tissue due to lipophilic properties. Extensively metabolized in the liver via CYP450 enzymes, primarily CYP3A4. Eliminated through both renal and biliary routes.

Contraindications: Hypersensitivity to the active substance or any of the excipients; Severe hepatic impairment; Pregnancy and lactation; Severe renal impairment.

Common Adverse Effects: Abdominal pain, Rash, Diarrhea, Nausea, Pruritus, Headache.",,634
561,Raprazole,raprazole Citrate,Mankind Pharma,Cardiovascular,ACE Inhibitor,51963-570-48,88.03,Chewable Tablet,"200.0 mg Chewable Tablet, 30 Chewable Tablets per bottle. Typical dosing: three times daily.","raprazole is indicated for the treatment of hypertension, either alone or in combination with other antihypertensive agents.

Mechanism of Action: raprazole works by selectively blocking beta-adrenergic receptors, reducing the effects of epinephrine.

Pharmacokinetics: Well absorbed through transdermal application. Does not significantly penetrate the blood-brain barrier. Metabolized via non-CYP450 pathways. Eliminated primarily via renal excretion of unchanged drug.

Contraindications: Bilateral renal artery stenosis; Cardiogenic shock; Hypersensitivity to the active substance or any of the excipients; Second or third-degree heart block.

Common Adverse Effects: Abdominal pain, Hypotension, Fatigue, Nausea.",,327
562,Meconazole,meconazole IV,Pfizer,Musculoskeletal,Muscle Relaxant,33818-746-42,127.63,Otic Solution,"5.0 mg/mL Otic Solution, 30 mL bottle. Typical dosing: once daily.","meconazole belongs to the class of muscle relaxant agents within the musculoskeletal category.

Mechanism of Action: meconazole works by binding to specific receptors in target tissues.

Pharmacokinetics: Slowly absorbed after oral administration. Low protein binding (<30%). Primarily metabolized by CYP2D6 with genetic polymorphisms affecting rate of metabolism. Elimination rate depends on hepatic function.

Contraindications: Pregnancy and lactation; Severe renal impairment; Severe hepatic impairment.

Common Adverse Effects: Pruritus, Fatigue, Dizziness, Abdominal pain, Diarrhea.",,736
563,Clomycin,Merclomycin,Merck,Antibiotic,Quinolone,37649-365-95,57.46,Buccal Tablet,"250 mg Buccal Tablet, 50 Buccal Tablets per bottle. Typical dosing: twice daily.","clomycin is a broad-spectrum antibiotic used to treat various bacterial infections throughout the body.

Mechanism of Action: clomycin works by binding to the 30S ribosomal subunit, inhibiting bacterial protein synthesis.

Pharmacokinetics: Absorption is enhanced when taken with food. Does not significantly penetrate the blood-brain barrier. Metabolized to active metabolites that contribute to the therapeutic effect. Excreted in urine as metabolites.

Contraindications: Concurrent use of contraindicated medications; Hypersensitivity to the active substance or any of the excipients; Myasthenia gravis (for certain antibiotic classes).

Common Adverse Effects: Photosensitivity, QT interval prolongation, Candidiasis, Pruritus, Vomiting.","CYP2C9,HLA-B*5701",389
564,Tetriptyline,PH-tetriptyline,Piramal Healthcare,Central Nervous System,Antidepressant,50649-659-44,101.54,Oral Suspension,"2.0 mg/mL Oral Suspension, 240 mL bottle. Typical dosing: at bedtime.","tetriptyline is a antidepressant that acts on the central nervous system to treat conditions such as depression, anxiety, or seizures.

Mechanism of Action: tetriptyline works by blocking NMDA receptors and modulating glutamate neurotransmission.

Pharmacokinetics: Slowly absorbed after oral administration. Moderately protein-bound (approximately 60-80%). Metabolized via non-CYP450 pathways. Clearance is reduced in patients with renal impairment.

Contraindications: Suicidal ideation; Hypersensitivity to the active substance or any of the excipients; Recent myocardial infarction.

Common Adverse Effects: Somnolence, Confusion, Vomiting, Nausea.",,265
565,Tezolam,tezolam Sodium,Abbott Laboratories,Central Nervous System,Anxiolytic,45926-428-58,193.67,Capsule,"100.0 mg Capsule, 30 Capsules per bottle. Typical dosing: as needed for pain.","tezolam is indicated for the management of chronic pain conditions through its action on central pain pathways.

Mechanism of Action: tezolam works by inhibiting the reuptake of serotonin and norepinephrine in the CNS.

Pharmacokinetics: Bioavailability is approximately 60-80% after oral administration. Crosses the blood-brain barrier. Extensively metabolized in the liver via CYP450 enzymes, primarily CYP3A4. Elimination rate depends on hepatic function.

Contraindications: Suicidal ideation; Severe hepatic impairment; Angle-closure glaucoma; Hypersensitivity to the active substance or any of the excipients.

Common Adverse Effects: Tremor, Headache, Pruritus, Dizziness, Abdominal pain, Insomnia, Depression.",G6PD,509
566,Ravir,ravir,Cipla,Immunological,Monoclonal Antibody,84938-228-27,266.43,Topical Gel,"20 mg/g Topical Gel, 5 g tube. Typical dosing: twice daily.","ravir is used in the treatment of conditions requiring immunological therapy.

Mechanism of Action: ravir works by binding to specific receptors in target tissues.

Pharmacokinetics: Rapidly absorbed from the gastrointestinal tract. Accumulates in adipose tissue due to lipophilic properties. Metabolized to active metabolites that contribute to the therapeutic effect. Short half-life of 2-4 hours requiring multiple daily dosing.

Contraindications: Severe hepatic impairment; Hypersensitivity to the active substance or any of the excipients; Severe renal impairment; Pregnancy and lactation.

Common Adverse Effects: Headache, Dizziness, Nausea, Abdominal pain, Fatigue, Diarrhea.",,527
567,Laolol,AL-laolol Sulfate Plus,Abbott Laboratories,Musculoskeletal,Bisphosphonate,34896-285-45,199.02,Inhalation Powder,"5 mcg/dose Inhalation Powder, 60 doses per inhaler. Typical dosing: three times daily.","laolol is a bisphosphonate medication classified under musculoskeletal drugs.

Mechanism of Action: laolol works by modulating biochemical pathways involved in the disease process.

Pharmacokinetics: Slowly absorbed after oral administration. Moderately protein-bound (approximately 60-80%). Extensively metabolized in the liver via CYP450 enzymes, primarily CYP3A4. Prolonged half-life allowing once-daily dosing.

Contraindications: Hypersensitivity to the active substance or any of the excipients; Pregnancy and lactation; Severe renal impairment; Severe hepatic impairment.

Common Adverse Effects: Abdominal pain, Vomiting, Headache, Fatigue.",,618
568,Pecitabine,pecitabine Hydrochloride,Merck,Nutritional,Electrolyte,64266-264-95,5.49,Sublingual Tablet,"5 mg Sublingual Tablet, 20 Sublingual Tablets per bottle. Typical dosing: once daily.","pecitabine belongs to the class of electrolyte agents within the nutritional category.

Mechanism of Action: pecitabine works by counteracting pathological changes in tissue function.

Pharmacokinetics: Rapidly absorbed from the gastrointestinal tract. Accumulates in adipose tissue due to lipophilic properties. Extensively metabolized in the liver via CYP450 enzymes, primarily CYP3A4. Prolonged half-life allowing once-daily dosing.

Contraindications: Severe renal impairment; Pregnancy and lactation; Severe hepatic impairment.

Common Adverse Effects: Nausea, Dizziness, Fatigue, Vomiting, Headache, Diarrhea, Rash.",NAT2,593
569,Macromil,macromil,Takeda,Respiratory,Antihistamine,65723-307-13,192.87,Lozenges,"200 mg Lozenges, 10 units per package. Typical dosing: twice daily.","macromil is a antihistamine indicated for the treatment of asthma and chronic obstructive pulmonary disease (COPD).

Mechanism of Action: macromil works by blocking leukotriene receptors, reducing bronchial inflammation and constriction.

Pharmacokinetics: Absorption is pH-dependent, optimized in acidic environment. Widely distributed throughout body tissues. Primarily metabolized by CYP2D6 with genetic polymorphisms affecting rate of metabolism. Eliminated through both renal and biliary routes.

Contraindications: Known hypersensitivity to adrenergic compounds; Status asthmaticus; Pregnancy and lactation; Severe COPD with respiratory insufficiency; Severe hepatic impairment.

Common Adverse Effects: Diarrhea, Bronchospasm, Pharyngitis, Headache, Dyspnea.",UGT1A1,586
570,Azzepine,azzepine Plus,Novartis,Central Nervous System,Anxiolytic,66425-666-44,192.32,Ophthalmic Ointment,"20.0 mg/g Ophthalmic Ointment, 20 g tube. Typical dosing: at bedtime.","azzepine is used in the treatment of neurological and psychiatric disorders by modulating neurotransmitter activity.

Mechanism of Action: azzepine works by binding to opioid receptors, modulating pain perception pathways.

Pharmacokinetics: Absorption is pH-dependent, optimized in acidic environment. Does not significantly penetrate the blood-brain barrier. Undergoes conjugation reactions in the liver. Clearance is reduced in patients with renal impairment.

Contraindications: Hypersensitivity to the active substance or any of the excipients; Seizure disorders; Severe hepatic impairment.

Common Adverse Effects: Insomnia, Pruritus, Dizziness, Diarrhea, Confusion, Depression.",,675
571,Glizepine,Cipglizepine Sodium CR,Cipla,Otological,Anti-Infective,68812-473-10,22.95,Ophthalmic Solution,"25.0 mg/mL Ophthalmic Solution, 15 mL bottle. Typical dosing: twice daily.","glizepine is used in the treatment of conditions requiring otological therapy.

Mechanism of Action: glizepine works by modulating biochemical pathways involved in the disease process.

Pharmacokinetics: Bioavailability is approximately 60-80% after oral administration. Widely distributed throughout body tissues. Metabolized through multiple pathways with no single dominant route. Clearance is reduced in patients with renal impairment.

Contraindications: Severe renal impairment; Severe hepatic impairment; Pregnancy and lactation; Hypersensitivity to the active substance or any of the excipients.

Common Adverse Effects: Pruritus, Fatigue, Nausea, Diarrhea, Dizziness, Vomiting, Headache.",,462
572,Ceafil,ceafil Calcium ER,Mankind Pharma,Antiviral,Protease Inhibitor,38288-440-82,332.39,Orally Disintegrating Tablet,"50 mg Orally Disintegrating Tablet, 10 Orally Disintegrating Tablets per bottle. Typical dosing: as directed by physician.","ceafil belongs to the class of protease inhibitor agents within the antiviral category.

Mechanism of Action: ceafil works by enhancing physiological defense mechanisms.

Pharmacokinetics: Well absorbed through transdermal application. Moderately protein-bound (approximately 60-80%). Metabolism shows significant inter-individual variability. Elimination rate depends on hepatic function.

Contraindications: Hypersensitivity to the active substance or any of the excipients; Pregnancy and lactation; Severe hepatic impairment.

Common Adverse Effects: Fatigue, Nausea, Dizziness, Headache, Rash, Pruritus.","NAT2,UGT1A1",512
573,Hystrol,hystrol Hydrochloride CR,Takeda,Hormonal,Corticosteroid,71155-749-26,89.59,Effervescent Tablet,"0.05 mg Effervescent Tablet, 20 Effervescent Tablets per bottle. Typical dosing: once daily.","hystrol is indicated for therapeutic applications related to hormonal conditions.

Mechanism of Action: hystrol works by counteracting pathological changes in tissue function.

Pharmacokinetics: Slowly absorbed after oral administration. Highly protein-bound (approximately 90-95%). Metabolized to active metabolites that contribute to the therapeutic effect. Short half-life of 2-4 hours requiring multiple daily dosing.

Contraindications: Severe hepatic impairment; Severe renal impairment; Pregnancy and lactation.

Common Adverse Effects: Fatigue, Vomiting, Headache, Diarrhea, Dizziness.",,705
574,Quzepine,quzepine HCT,Roche,Antiparasitic,Antihelminthic,58340-831-32,15.31,Nasal Spray,"20 mg/dose Nasal Spray, 30 mL bottle. Typical dosing: once daily.","quzepine is indicated for therapeutic applications related to antiparasitic conditions.

Mechanism of Action: quzepine works by binding to specific receptors in target tissues.

Pharmacokinetics: Well absorbed through transdermal application. Widely distributed throughout body tissues. Metabolism shows significant inter-individual variability. Prolonged half-life allowing once-daily dosing.

Contraindications: Hypersensitivity to the active substance or any of the excipients; Severe renal impairment; Pregnancy and lactation; Severe hepatic impairment.

Common Adverse Effects: Abdominal pain, Rash, Vomiting, Fatigue, Pruritus.",,413
575,Laolol,laolol,Roche,Antiparasitic,Antimalarial,12176-287-47,81.71,Syrup,"100.0 mg/mL Syrup, 120 mL bottle. Typical dosing: once daily.","laolol is a antimalarial medication classified under antiparasitic drugs.

Mechanism of Action: laolol works by binding to specific receptors in target tissues.

Pharmacokinetics: Bioavailability is approximately 60-80% after oral administration. Widely distributed throughout body tissues. Metabolized to active metabolites that contribute to the therapeutic effect. Eliminated through both renal and biliary routes.

Contraindications: Severe hepatic impairment; Pregnancy and lactation; Hypersensitivity to the active substance or any of the excipients; Severe renal impairment.

Common Adverse Effects: Nausea, Fatigue, Vomiting, Pruritus, Rash, Headache.",,495
576,Ditropin,Pfiditropin HCT,Pfizer,Hormonal,Antithyroid,55879-632-88,203.18,Vaginal Suppository,"0.025 mg Vaginal Suppository, 100 units per package. Typical dosing: as directed by physician.","ditropin is indicated for therapeutic applications related to hormonal conditions.

Mechanism of Action: ditropin works by modulating biochemical pathways involved in the disease process.

Pharmacokinetics: Absorption is reduced when taken with food. Distribution limited primarily to the vascular compartment. Metabolized through multiple pathways with no single dominant route. Elimination rate depends on hepatic function.

Contraindications: Severe renal impairment; Pregnancy and lactation; Hypersensitivity to the active substance or any of the excipients; Severe hepatic impairment.

Common Adverse Effects: Diarrhea, Vomiting, Headache, Fatigue, Pruritus, Nausea, Dizziness.","UGT1A1,DPYD,NAT2",528
577,Leprofen,leprofen,Merck KGaA,Immunological,Vaccine,18225-535-91,309.79,Film-Coated Tablet,"5 mg Film-Coated Tablet, 28 Film-Coated Tablets per bottle. Typical dosing: twice daily.","leprofen is a vaccine medication classified under immunological drugs.

Mechanism of Action: leprofen works by binding to specific receptors in target tissues.

Pharmacokinetics: Well absorbed through transdermal application. Moderately protein-bound (approximately 60-80%). Subject to minimal metabolism, with most of the drug excreted unchanged. Elimination rate depends on hepatic function.

Contraindications: Severe hepatic impairment; Hypersensitivity to the active substance or any of the excipients; Severe renal impairment.

Common Adverse Effects: Abdominal pain, Vomiting, Headache, Pruritus.",,345
578,Vifloxacin,vifloxacin SR,Mylan,Antiviral,Entry Inhibitor,56669-344-55,475.6,Topical Cream,"500 mg/g Topical Cream, 45 g tube. Typical dosing: as directed by physician.","vifloxacin is a entry inhibitor medication classified under antiviral drugs.

Mechanism of Action: vifloxacin works by binding to specific receptors in target tissues.

Pharmacokinetics: Rapidly absorbed from the gastrointestinal tract. Crosses the blood-brain barrier. Metabolism shows significant inter-individual variability. Eliminated through both renal and biliary routes.

Contraindications: Severe hepatic impairment; Severe renal impairment; Hypersensitivity to the active substance or any of the excipients; Pregnancy and lactation.

Common Adverse Effects: Nausea, Vomiting, Abdominal pain, Diarrhea, Headache, Rash.","CYP2C9,ABCB1,VKORC1",530
579,Gezepam,gezepam,Teva Pharmaceutical,Otological,Anti-Inflammatory,68123-469-84,98.5,Topical Gel,"10.0 % Topical Gel, 15 g tube. Typical dosing: once daily.","gezepam is used in the treatment of conditions requiring otological therapy.

Mechanism of Action: gezepam works by modulating biochemical pathways involved in the disease process.

Pharmacokinetics: Rapidly absorbed from the gastrointestinal tract. Widely distributed throughout body tissues. Metabolized via non-CYP450 pathways. Prolonged half-life allowing once-daily dosing.

Contraindications: Pregnancy and lactation; Hypersensitivity to the active substance or any of the excipients; Severe hepatic impairment.

Common Adverse Effects: Vomiting, Fatigue, Pruritus, Abdominal pain.",,543
580,Hestatin,hestatin Phosphate,Cipla,Otological,Cerumenolytic,32563-873-29,29.93,Otic Solution,"0.5 mg/mL Otic Solution, 100 mL bottle. Typical dosing: twice daily.","hestatin is a cerumenolytic medication classified under otological drugs.

Mechanism of Action: hestatin works by enhancing physiological defense mechanisms.

Pharmacokinetics: Absorption is pH-dependent, optimized in acidic environment. Does not significantly penetrate the blood-brain barrier. Subject to minimal metabolism, with most of the drug excreted unchanged. Elimination rate depends on hepatic function.

Contraindications: Hypersensitivity to the active substance or any of the excipients; Severe renal impairment; Severe hepatic impairment; Pregnancy and lactation.

Common Adverse Effects: Vomiting, Dizziness, Fatigue, Pruritus, Headache, Nausea.",G6PD,531
581,Doafil,MP-doafil Potassium,Mankind Pharma,Dermatological,Antifungal,49978-113-36,93.36,Vaginal Suppository,"20.0 mg Vaginal Suppository, 30 units per package. Typical dosing: three times daily.","doafil belongs to the class of antifungal agents within the dermatological category.

Mechanism of Action: doafil works by enhancing physiological defense mechanisms.

Pharmacokinetics: Subject to significant first-pass metabolism resulting in reduced bioavailability. Distribution limited primarily to the vascular compartment. Primarily metabolized by CYP2D6 with genetic polymorphisms affecting rate of metabolism. Excreted in urine as metabolites.

Contraindications: Severe hepatic impairment; Severe renal impairment; Hypersensitivity to the active substance or any of the excipients; Pregnancy and lactation.

Common Adverse Effects: Pruritus, Vomiting, Fatigue, Dizziness, Abdominal pain.",,661
582,Mooxacin,mooxacin IR,Pfizer,Immunological,Antirheumatic,68415-224-72,415.63,Ophthalmic Ointment,"0.025 % Ophthalmic Ointment, 50 g tube. Typical dosing: as directed by physician.","mooxacin is a antirheumatic medication classified under immunological drugs.

Mechanism of Action: mooxacin works by enhancing physiological defense mechanisms.

Pharmacokinetics: Rapidly absorbed from the gastrointestinal tract. Moderately protein-bound (approximately 60-80%). Metabolized through multiple pathways with no single dominant route. Short half-life of 2-4 hours requiring multiple daily dosing.

Contraindications: Pregnancy and lactation; Hypersensitivity to the active substance or any of the excipients; Severe hepatic impairment; Severe renal impairment.

Common Adverse Effects: Pruritus, Abdominal pain, Vomiting, Nausea.",,558
583,Nezolam,BI-nezolam Phosphate,Baxter International,Antiviral,Entry Inhibitor,56359-467-14,348.38,Dispersible Tablet,"10 mg Dispersible Tablet, 28 Dispersible Tablets per bottle. Typical dosing: as directed by physician.","nezolam is used in the treatment of conditions requiring antiviral therapy.

Mechanism of Action: nezolam works by modulating biochemical pathways involved in the disease process.

Pharmacokinetics: Subject to significant first-pass metabolism resulting in reduced bioavailability. Low protein binding (<30%). Subject to minimal metabolism, with most of the drug excreted unchanged. Short half-life of 2-4 hours requiring multiple daily dosing.

Contraindications: Severe renal impairment; Pregnancy and lactation; Hypersensitivity to the active substance or any of the excipients; Severe hepatic impairment.

Common Adverse Effects: Headache, Vomiting, Dizziness, Abdominal pain, Fatigue, Diarrhea.",HLA-B*1502,511
584,Pefenac,pefenac IR,Aurobindo Pharma,Otological,Anti-Inflammatory,20780-761-87,50.0,Topical Gel,"10 mg/g Topical Gel, 10 g tube. Typical dosing: once daily.","pefenac is indicated for therapeutic applications related to otological conditions.

Mechanism of Action: pefenac works by enhancing physiological defense mechanisms.

Pharmacokinetics: Rapidly absorbed from the gastrointestinal tract. Distribution limited primarily to the vascular compartment. Metabolized through multiple pathways with no single dominant route. Excreted in urine as metabolites.

Contraindications: Severe renal impairment; Hypersensitivity to the active substance or any of the excipients; Pregnancy and lactation; Severe hepatic impairment.

Common Adverse Effects: Vomiting, Dizziness, Pruritus, Headache.",,415
585,Mafibrate,mafibrate Calcium HBr,Torrent Pharmaceuticals,Cardiovascular,Antihypertensive,80517-635-76,169.41,Inhalation Powder,"2.5 mg/dose Inhalation Powder, 180 doses per inhaler. Typical dosing: twice daily.","mafibrate is a antihypertensive used in the management of heart failure, hypertension, and related cardiovascular conditions.

Mechanism of Action: mafibrate works by selectively blocking beta-adrenergic receptors, reducing the effects of epinephrine.

Pharmacokinetics: Bioavailability is approximately 60-80% after oral administration. Crosses the blood-brain barrier. Undergoes conjugation reactions in the liver. Elimination rate depends on hepatic function.

Contraindications: Second or third-degree heart block; Cardiogenic shock; Hypersensitivity to the active substance or any of the excipients; Bilateral renal artery stenosis.

Common Adverse Effects: Pruritus, Diarrhea, Rash, Flushing, Fatigue, Bradycardia, Syncope.",,457
586,Fegliflozin,fegliflozin Sodium,Baxter International,Antidiabetic,Meglitinide,93139-445-91,295.93,Extended-Release Tablet,"25.0 mg Extended-Release Tablet, 14 Extended-Release Tablets per bottle. Typical dosing: twice daily.","fegliflozin improves insulin sensitivity and reduces hepatic glucose production, leading to better glycemic control.

Mechanism of Action: fegliflozin works by inhibiting intestinal alpha-glucosidase enzymes, delaying carbohydrate absorption.

Pharmacokinetics: Absorption is reduced when taken with food. Crosses the blood-brain barrier. Metabolized through multiple pathways with no single dominant route. Short half-life of 2-4 hours requiring multiple daily dosing.

Contraindications: Pregnancy and lactation; Acute or chronic metabolic acidosis; Severe hepatic impairment.

Common Adverse Effects: Diarrhea, Pruritus, Headache, Lactic acidosis, Rash, Dizziness, Hypoglycemia.",CYP2B6,471
587,Gatinib,BI-gatinib Plus,Boehringer Ingelheim,Anticancer,Hormone Therapy,40151-880-84,1936.63,Ophthalmic Ointment,"0.1 % Ophthalmic Ointment, 30 g tube. Typical dosing: twice daily.","gatinib is used in the treatment of conditions requiring anticancer therapy.

Mechanism of Action: gatinib works by counteracting pathological changes in tissue function.

Pharmacokinetics: Bioavailability is approximately 60-80% after oral administration. Accumulates in adipose tissue due to lipophilic properties. Extensively metabolized in the liver via CYP450 enzymes, primarily CYP3A4. Excreted in urine as metabolites.

Contraindications: Severe renal impairment; Hypersensitivity to the active substance or any of the excipients; Pregnancy and lactation; Severe hepatic impairment.

Common Adverse Effects: Fatigue, Vomiting, Abdominal pain, Dizziness, Diarrhea.",,168
588,Gefloxacin,Reggefloxacin Sulfate HBr,Regeneron,Antibiotic,Penicillin,31827-721-92,50.69,Dispersible Tablet,"250 mg Dispersible Tablet, 14 Dispersible Tablets per bottle. Typical dosing: twice daily.","gefloxacin demonstrates bactericidal activity against a wide spectrum of pathogens commonly associated with respiratory, skin, and urinary tract infections.

Mechanism of Action: gefloxacin works by inhibiting DNA gyrase and topoisomerase IV, preventing bacterial DNA replication.

Pharmacokinetics: Slowly absorbed after oral administration. Highly protein-bound (approximately 90-95%). Metabolism shows significant inter-individual variability. Elimination rate depends on hepatic function.

Contraindications: Myasthenia gravis (for certain antibiotic classes); Severe renal impairment; Hypersensitivity to the active substance or any of the excipients; History of antibiotic-associated colitis.

Common Adverse Effects: Allergic reactions, Dizziness, Vomiting, Fatigue, Diarrhea, QT interval prolongation, Rash.",,448
589,Totoin,DR-totoin,Dr. Reddy's,Otological,Anti-Inflammatory,71306-428-67,100.74,Ophthalmic Ointment,"200 mg/g Ophthalmic Ointment, 10 g tube. Typical dosing: as directed by physician.","totoin is indicated for therapeutic applications related to otological conditions.

Mechanism of Action: totoin works by modulating biochemical pathways involved in the disease process.

Pharmacokinetics: Well absorbed through transdermal application. Highly protein-bound (approximately 90-95%). Undergoes conjugation reactions in the liver. Short half-life of 2-4 hours requiring multiple daily dosing.

Contraindications: Severe renal impairment; Pregnancy and lactation; Severe hepatic impairment; Hypersensitivity to the active substance or any of the excipients.

Common Adverse Effects: Vomiting, Dizziness, Headache, Rash, Abdominal pain, Nausea.",CYP2B6,624
590,Cavir,cavir,Biogen,Immunological,Vaccine,16035-148-16,467.0,Orally Disintegrating Tablet,"10 mg Orally Disintegrating Tablet, 20 Orally Disintegrating Tablets per bottle. Typical dosing: twice daily.","cavir belongs to the class of vaccine agents within the immunological category.

Mechanism of Action: cavir works by inhibiting key enzymes in pathological processes.

Pharmacokinetics: Bioavailability is approximately 60-80% after oral administration. Widely distributed throughout body tissues. Metabolism shows significant inter-individual variability. Eliminated through both renal and biliary routes.

Contraindications: Severe hepatic impairment; Severe renal impairment; Pregnancy and lactation; Hypersensitivity to the active substance or any of the excipients.

Common Adverse Effects: Fatigue, Rash, Vomiting, Headache, Diarrhea, Dizziness, Nausea.",,492
591,Abtriptan,abtriptan,Mankind Pharma,Central Nervous System,SNRI,84576-799-73,140.22,Drops,"150.0 mg Drops, 30 units per package. Typical dosing: at bedtime.","abtriptan helps restore the balance of certain natural substances in the brain, improving mood, thoughts, and behavior.

Mechanism of Action: abtriptan works by blocking NMDA receptors and modulating glutamate neurotransmission.

Pharmacokinetics: Bioavailability is approximately 60-80% after oral administration. Low protein binding (<30%). Primarily metabolized by CYP2D6 with genetic polymorphisms affecting rate of metabolism. Short half-life of 2-4 hours requiring multiple daily dosing.

Contraindications: Suicidal ideation; Concomitant use of monoamine oxidase inhibitors; Hypersensitivity to the active substance or any of the excipients; Pregnancy and lactation; Angle-closure glaucoma.

Common Adverse Effects: Insomnia, Somnolence, Rash, Depression, Vomiting, Tremor, Fatigue.",,717
592,Nevir,nevir,AbbVie,Otological,Cerumenolytic,99920-863-16,41.65,Lozenges,"25 mg Lozenges, 100 units per package. Typical dosing: as directed by physician.","nevir is indicated for therapeutic applications related to otological conditions.

Mechanism of Action: nevir works by counteracting pathological changes in tissue function.

Pharmacokinetics: Bioavailability is approximately 60-80% after oral administration. Highly protein-bound (approximately 90-95%). Metabolism shows significant inter-individual variability. Elimination rate depends on hepatic function.

Contraindications: Severe hepatic impairment; Severe renal impairment; Pregnancy and lactation.

Common Adverse Effects: Nausea, Headache, Rash, Diarrhea, Abdominal pain.",,581
593,Broantine,broantine,Novartis,Dermatological,Antipruritic,84681-893-31,131.17,Tablet,"25 mcg Tablet, 28 Tablets per bottle. Typical dosing: once daily.","broantine belongs to the class of antipruritic agents within the dermatological category.

Mechanism of Action: broantine works by binding to specific receptors in target tissues.

Pharmacokinetics: Bioavailability is approximately 60-80% after oral administration. Crosses the blood-brain barrier. Extensively metabolized in the liver via CYP450 enzymes, primarily CYP3A4. Eliminated primarily via renal excretion of unchanged drug.

Contraindications: Hypersensitivity to the active substance or any of the excipients; Severe renal impairment; Severe hepatic impairment.

Common Adverse Effects: Rash, Pruritus, Vomiting, Diarrhea.",G6PD,573
594,Dicaine,Baydicaine Phosphate IV,Bayer,Antidiabetic,SGLT2 Inhibitor,65356-300-33,111.56,Vaginal Suppository,"50.0 mg Vaginal Suppository, 30 units per package. Typical dosing: with meals.","dicaine is indicated as an adjunct to diet and exercise to improve glycemic control in adults with type 2 diabetes.

Mechanism of Action: dicaine works by inhibiting intestinal alpha-glucosidase enzymes, delaying carbohydrate absorption.

Pharmacokinetics: Well absorbed through transdermal application. Distribution limited primarily to the vascular compartment. Metabolism shows significant inter-individual variability. Eliminated primarily via renal excretion of unchanged drug.

Contraindications: Severe renal impairment (GFR < 30 mL/min); Diabetic ketoacidosis; Pregnancy and lactation; Severe hepatic impairment.

Common Adverse Effects: Dizziness, Lactic acidosis, Diarrhea, Nausea, Headache, Genital mycotic infections, Rash.",,668
595,Stadone,AL-stadone Phosphate,Alkem Laboratories,Central Nervous System,Antipyretic,52696-843-47,104.85,Syrup,"2.5 % Syrup, 30 mL bottle. Typical dosing: twice daily.","stadone is a antipyretic that acts on the central nervous system to treat conditions such as depression, anxiety, or seizures.

Mechanism of Action: stadone works by enhancing GABAergic neurotransmission, producing anxiolytic and sedative effects.

Pharmacokinetics: Absorption is pH-dependent, optimized in acidic environment. Accumulates in adipose tissue due to lipophilic properties. Undergoes conjugation reactions in the liver. Short half-life of 2-4 hours requiring multiple daily dosing.

Contraindications: Severe renal impairment; Seizure disorders; Angle-closure glaucoma; Concomitant use of monoamine oxidase inhibitors.

Common Adverse Effects: Insomnia, Pruritus, Depression, Memory impairment, Nausea, Anxiety, Confusion.","CFTR,ABCB1",832
596,Hylukast,Novhylukast,Novartis,Hormonal,Corticosteroid,15261-577-36,120.41,Buccal Tablet,"0.2 mg Buccal Tablet, 120 Buccal Tablets per bottle. Typical dosing: as directed by physician.","hylukast belongs to the class of corticosteroid agents within the hormonal category.

Mechanism of Action: hylukast works by enhancing physiological defense mechanisms.

Pharmacokinetics: Subject to significant first-pass metabolism resulting in reduced bioavailability. Distribution limited primarily to the vascular compartment. Primarily metabolized by CYP2D6 with genetic polymorphisms affecting rate of metabolism. Excreted in urine as metabolites.

Contraindications: Severe renal impairment; Pregnancy and lactation; Severe hepatic impairment; Hypersensitivity to the active substance or any of the excipients.

Common Adverse Effects: Diarrhea, Abdominal pain, Pruritus, Nausea, Vomiting.",HLA-B*5701,272
597,Titriptan,titriptan IR,Glenmark,Central Nervous System,Anxiolytic,94135-629-76,98.11,Rectal Suppository,"150.0 mg Rectal Suppository, 50 units per package. Typical dosing: as needed for pain.","titriptan helps restore the balance of certain natural substances in the brain, improving mood, thoughts, and behavior.

Mechanism of Action: titriptan works by blocking NMDA receptors and modulating glutamate neurotransmission.

Pharmacokinetics: Slowly absorbed after oral administration. Accumulates in adipose tissue due to lipophilic properties. Metabolized through multiple pathways with no single dominant route. Short half-life of 2-4 hours requiring multiple daily dosing.

Contraindications: Severe renal impairment; Concomitant use of monoamine oxidase inhibitors; Hypersensitivity to the active substance or any of the excipients; Recent myocardial infarction; Seizure disorders.

Common Adverse Effects: Diarrhea, Insomnia, Dizziness, Tremor, Depression, Somnolence, Abdominal pain.",MTHFR,696
598,Lirubicin,lirubicin Citrate IV,Allergan,Central Nervous System,NSAID,16660-111-46,111.59,Injection,"100 mcg/mL Injection, 50 1 mL vials. Typical dosing: as needed for pain.","lirubicin is used in the treatment of neurological and psychiatric disorders by modulating neurotransmitter activity.

Mechanism of Action: lirubicin works by inhibiting the reuptake of serotonin and norepinephrine in the CNS.

Pharmacokinetics: Slowly absorbed after oral administration. Accumulates in adipose tissue due to lipophilic properties. Metabolized via non-CYP450 pathways. Eliminated primarily via renal excretion of unchanged drug.

Contraindications: Concomitant use of monoamine oxidase inhibitors; Recent myocardial infarction; Seizure disorders; Severe hepatic impairment; Severe renal impairment.

Common Adverse Effects: Tremor, Abdominal pain, Dizziness, Somnolence, Nausea.",,856
599,Abtropin,abtropin Sulfate Forte,Sanofi,Hormonal,Antithyroid,48440-574-38,60.4,Ophthalmic Solution,"5.0 % Ophthalmic Solution, 150 mL bottle. Typical dosing: twice daily.","abtropin is used in the treatment of conditions requiring hormonal therapy.

Mechanism of Action: abtropin works by counteracting pathological changes in tissue function.

Pharmacokinetics: Rapidly absorbed from the gastrointestinal tract. Accumulates in adipose tissue due to lipophilic properties. Metabolized through multiple pathways with no single dominant route. Clearance is reduced in patients with renal impairment.

Contraindications: Severe renal impairment; Hypersensitivity to the active substance or any of the excipients; Severe hepatic impairment; Pregnancy and lactation.

Common Adverse Effects: Pruritus, Abdominal pain, Headache, Nausea, Dizziness.",,623
600,Glirubicin,glirubicin,Alkem Laboratories,Anticancer,Alkylating Agent,72511-121-67,1091.99,Injection,"10 mcg/mL Injection, 5 10 mL vials. Typical dosing: three times daily.","glirubicin is indicated for therapeutic applications related to anticancer conditions.

Mechanism of Action: glirubicin works by modulating biochemical pathways involved in the disease process.

Pharmacokinetics: Bioavailability is approximately 60-80% after oral administration. Does not significantly penetrate the blood-brain barrier. Subject to minimal metabolism, with most of the drug excreted unchanged. Terminal half-life of approximately 12-24 hours.

Contraindications: Pregnancy and lactation; Hypersensitivity to the active substance or any of the excipients; Severe hepatic impairment; Severe renal impairment.

Common Adverse Effects: Rash, Diarrhea, Headache, Vomiting, Pruritus.",,610
601,Suxaban,suxaban,Serum Institute,Cardiovascular,Antiarrhythmic,18652-640-74,97.29,Dispersible Tablet,"2.5 mg Dispersible Tablet, 30 Dispersible Tablets per bottle. Typical dosing: twice daily.","suxaban is a antiarrhythmic used in the management of heart failure, hypertension, and related cardiovascular conditions.

Mechanism of Action: suxaban works by selectively blocking beta-adrenergic receptors, reducing the effects of epinephrine.

Pharmacokinetics: Absorption is reduced when taken with food. Does not significantly penetrate the blood-brain barrier. Metabolism shows significant inter-individual variability. Prolonged half-life allowing once-daily dosing.

Contraindications: Severe renal impairment; Severe bradycardia; Acute heart failure.

Common Adverse Effects: Rash, Chest pain, Pruritus, Syncope, Flushing, Fatigue.",,593
602,Telukast,AL-telukast Nitrate,Abbott Laboratories,Musculoskeletal,Muscle Relaxant,20256-821-46,117.89,Extended-Release Tablet,"100 mg Extended-Release Tablet, 60 Extended-Release Tablets per bottle. Typical dosing: as directed by physician.","telukast is indicated for therapeutic applications related to musculoskeletal conditions.

Mechanism of Action: telukast works by modulating biochemical pathways involved in the disease process.

Pharmacokinetics: Slowly absorbed after oral administration. Highly protein-bound (approximately 90-95%). Undergoes conjugation reactions in the liver. Excreted in urine as metabolites.

Contraindications: Pregnancy and lactation; Hypersensitivity to the active substance or any of the excipients; Severe hepatic impairment.

Common Adverse Effects: Vomiting, Pruritus, Diarrhea, Dizziness.",,396
603,Geconazole,geconazole,Bristol-Myers Squibb,Nutritional,Mineral,33929-807-38,23.31,Oral Solution,"20 mcg/mL Oral Solution, 10 mL bottle. Typical dosing: three times daily.","geconazole belongs to the class of mineral agents within the nutritional category.

Mechanism of Action: geconazole works by inhibiting key enzymes in pathological processes.

Pharmacokinetics: Absorption is reduced when taken with food. Highly protein-bound (approximately 90-95%). Metabolized to active metabolites that contribute to the therapeutic effect. Clearance is reduced in patients with renal impairment.

Contraindications: Severe hepatic impairment; Pregnancy and lactation; Severe renal impairment; Hypersensitivity to the active substance or any of the excipients.

Common Adverse Effects: Fatigue, Rash, Pruritus, Vomiting, Nausea.","COMT,MTHFR,ABCB1",598
604,Aczepam,aczepam XR,Alkem Laboratories,Dermatological,Antiseptic,18206-998-78,52.49,Injection,"1.0 g Injection, 50 10 mL vials. Typical dosing: as directed by physician.","aczepam is used in the treatment of conditions requiring dermatological therapy.

Mechanism of Action: aczepam works by counteracting pathological changes in tissue function.

Pharmacokinetics: Absorption is pH-dependent, optimized in acidic environment. Crosses the blood-brain barrier. Metabolized to active metabolites that contribute to the therapeutic effect. Eliminated primarily via renal excretion of unchanged drug.

Contraindications: Severe renal impairment; Severe hepatic impairment; Pregnancy and lactation; Hypersensitivity to the active substance or any of the excipients.

Common Adverse Effects: Nausea, Vomiting, Abdominal pain, Rash, Dizziness, Diarrhea.",,531
605,Gamustine,Mergamustine,Merck,Anticancer,Alkylating Agent,47512-112-49,871.41,Lozenges,"500 mg Lozenges, 100 units per package. Typical dosing: as directed by physician.","gamustine belongs to the class of alkylating agent agents within the anticancer category.

Mechanism of Action: gamustine works by inhibiting key enzymes in pathological processes.

Pharmacokinetics: Absorption is pH-dependent, optimized in acidic environment. Accumulates in adipose tissue due to lipophilic properties. Extensively metabolized in the liver via CYP450 enzymes, primarily CYP3A4. Short half-life of 2-4 hours requiring multiple daily dosing.

Contraindications: Severe hepatic impairment; Pregnancy and lactation; Hypersensitivity to the active substance or any of the excipients; Severe renal impairment.

Common Adverse Effects: Rash, Nausea, Pruritus, Abdominal pain, Vomiting, Headache.",,436
606,Glicitabine,Regglicitabine,Regeneron,Gastrointestinal,Prokinetic,11582-995-16,103.87,Enteric-Coated Tablet,"10 mg Enteric-Coated Tablet, 10 Enteric-Coated Tablets per bottle. Typical dosing: once daily.","glicitabine provides relief from symptoms associated with gastroesophageal reflux disease (GERD) and peptic ulcer disease.

Mechanism of Action: glicitabine works by inhibiting the gastric H+/K+ ATPase enzyme system, suppressing gastric acid production.

Pharmacokinetics: Well absorbed through transdermal application. Highly protein-bound (approximately 90-95%). Metabolism shows significant inter-individual variability. Prolonged half-life allowing once-daily dosing.

Contraindications: Pregnancy and lactation; Inflammatory bowel disease in acute phase; Gastrointestinal perforation; Gastrointestinal obstruction; Severe renal impairment.

Common Adverse Effects: Rash, Abdominal pain, Flatulence, Nausea, Diarrhea, Headache, Constipation.",,353
607,Patidine,patidine,Sanofi,Gastrointestinal,Antacid,78474-429-10,136.07,Oral Solution,"2.0 % Oral Solution, 15 mL bottle. Typical dosing: three times daily.","patidine provides relief from symptoms associated with gastroesophageal reflux disease (GERD) and peptic ulcer disease.

Mechanism of Action: patidine works by stimulating gastrointestinal motility through acetylcholine-like effects.

Pharmacokinetics: Rapidly absorbed from the gastrointestinal tract. Widely distributed throughout body tissues. Extensively metabolized in the liver via CYP450 enzymes, primarily CYP3A4. Elimination rate depends on hepatic function.

Contraindications: Active gastrointestinal bleeding; Severe hepatic impairment; Inflammatory bowel disease in acute phase; Severe renal impairment; Gastrointestinal perforation.

Common Adverse Effects: Fatigue, Dizziness, Flatulence, Diarrhea, Altered taste, Abdominal pain.",,507
608,Bropramine,bropramine Hydrochloride,Intas Pharmaceuticals,Central Nervous System,NSAID,46409-898-91,77.38,Otic Solution,"2.0 mg/mL Otic Solution, 30 mL bottle. Typical dosing: as needed for pain.","bropramine helps restore the balance of certain natural substances in the brain, improving mood, thoughts, and behavior.

Mechanism of Action: bropramine works by binding to opioid receptors, modulating pain perception pathways.

Pharmacokinetics: Rapidly absorbed from the gastrointestinal tract. Widely distributed throughout body tissues. Metabolized to active metabolites that contribute to the therapeutic effect. Terminal half-life of approximately 12-24 hours.

Contraindications: Pregnancy and lactation; Angle-closure glaucoma; Concomitant use of monoamine oxidase inhibitors; Severe hepatic impairment.

Common Adverse Effects: Vomiting, Abdominal pain, Confusion, Somnolence, Rash, Anxiety.",,598
609,Miracil,miracil Sodium XR,Novartis,Otological,Cerumenolytic,63270-170-91,17.23,Dispersible Tablet,"20 mg Dispersible Tablet, 30 Dispersible Tablets per bottle. Typical dosing: as directed by physician.","miracil is indicated for therapeutic applications related to otological conditions.

Mechanism of Action: miracil works by binding to specific receptors in target tissues.

Pharmacokinetics: Absorption is pH-dependent, optimized in acidic environment. Accumulates in adipose tissue due to lipophilic properties. Metabolized to active metabolites that contribute to the therapeutic effect. Eliminated through both renal and biliary routes.

Contraindications: Severe renal impairment; Severe hepatic impairment; Pregnancy and lactation; Hypersensitivity to the active substance or any of the excipients.

Common Adverse Effects: Pruritus, Vomiting, Diarrhea, Nausea, Dizziness.",,552
610,Gagestin,gagestin Hydrochloride,Aurobindo Pharma,Hormonal,Growth Hormone,22038-130-77,92.49,Tablet,"2.0 g Tablet, 28 Tablets per bottle. Typical dosing: three times daily.","gagestin belongs to the class of growth hormone agents within the hormonal category.

Mechanism of Action: gagestin works by inhibiting key enzymes in pathological processes.

Pharmacokinetics: Bioavailability is approximately 60-80% after oral administration. Widely distributed throughout body tissues. Metabolism shows significant inter-individual variability. Eliminated primarily via renal excretion of unchanged drug.

Contraindications: Severe renal impairment; Pregnancy and lactation; Severe hepatic impairment; Hypersensitivity to the active substance or any of the excipients.

Common Adverse Effects: Rash, Vomiting, Headache, Fatigue.",,367
611,Kesal,kesal Hydrochloride D,Vertex,Gastrointestinal,Proton Pump Inhibitor,78787-862-82,39.76,Dispersible Tablet,"50 mg Dispersible Tablet, 100 Dispersible Tablets per bottle. Typical dosing: once daily.","kesal provides relief from symptoms associated with gastroesophageal reflux disease (GERD) and peptic ulcer disease.

Mechanism of Action: kesal works by inhibiting the gastric H+/K+ ATPase enzyme system, suppressing gastric acid production.

Pharmacokinetics: Absorption is pH-dependent, optimized in acidic environment. Moderately protein-bound (approximately 60-80%). Metabolized via non-CYP450 pathways. Prolonged half-life allowing once-daily dosing.

Contraindications: Gastrointestinal perforation; Active gastrointestinal bleeding; Inflammatory bowel disease in acute phase.

Common Adverse Effects: Dyspepsia, Constipation, Nausea, Vomiting, Dizziness, Diarrhea, Pruritus.",,417
612,Detinib,detinib,Serum Institute,Antiviral,CCR5 Antagonist,85915-340-91,547.83,Dispersible Tablet,"100 mg Dispersible Tablet, 90 Dispersible Tablets per bottle. Typical dosing: once daily.","detinib is used in the treatment of conditions requiring antiviral therapy.

Mechanism of Action: detinib works by enhancing physiological defense mechanisms.

Pharmacokinetics: Bioavailability is approximately 60-80% after oral administration. Does not significantly penetrate the blood-brain barrier. Metabolized through multiple pathways with no single dominant route. Clearance is reduced in patients with renal impairment.

Contraindications: Hypersensitivity to the active substance or any of the excipients; Pregnancy and lactation; Severe hepatic impairment.

Common Adverse Effects: Vomiting, Nausea, Abdominal pain, Diarrhea.",IFNL3,541
613,Pedipine,pedipine Hydrochloride HBr,Serum Institute,Musculoskeletal,Antigout,67550-779-95,161.49,Effervescent Tablet,"10 mg Effervescent Tablet, 14 Effervescent Tablets per bottle. Typical dosing: once daily.","pedipine is indicated for therapeutic applications related to musculoskeletal conditions.

Mechanism of Action: pedipine works by counteracting pathological changes in tissue function.

Pharmacokinetics: Well absorbed through transdermal application. Crosses the blood-brain barrier. Metabolized to active metabolites that contribute to the therapeutic effect. Terminal half-life of approximately 12-24 hours.

Contraindications: Severe renal impairment; Severe hepatic impairment; Hypersensitivity to the active substance or any of the excipients.

Common Adverse Effects: Dizziness, Nausea, Fatigue, Rash, Pruritus, Abdominal pain.",,331
614,Hefloxacin,hefloxacin HCl,Lupin,Musculoskeletal,Antirheumatic,26912-104-48,115.5,Oral Suspension,"25 mcg/mL Oral Suspension, 30 mL bottle. Typical dosing: once daily.","hefloxacin is indicated for therapeutic applications related to musculoskeletal conditions.

Mechanism of Action: hefloxacin works by binding to specific receptors in target tissues.

Pharmacokinetics: Subject to significant first-pass metabolism resulting in reduced bioavailability. Highly protein-bound (approximately 90-95%). Primarily metabolized by CYP2D6 with genetic polymorphisms affecting rate of metabolism. Excreted in urine as metabolites.

Contraindications: Hypersensitivity to the active substance or any of the excipients; Severe hepatic impairment; Pregnancy and lactation; Severe renal impairment.

Common Adverse Effects: Pruritus, Vomiting, Nausea, Headache, Rash, Diarrhea.",,479
615,Aczosin,aczosin Hydrochloride IR,Biocon,Otological,Anti-Inflammatory,49341-654-17,73.75,Effervescent Tablet,"100 mg Effervescent Tablet, 180 Effervescent Tablets per bottle. Typical dosing: twice daily.","aczosin is indicated for therapeutic applications related to otological conditions.

Mechanism of Action: aczosin works by enhancing physiological defense mechanisms.

Pharmacokinetics: Absorption is pH-dependent, optimized in acidic environment. Moderately protein-bound (approximately 60-80%). Extensively metabolized in the liver via CYP450 enzymes, primarily CYP3A4. Terminal half-life of approximately 12-24 hours.

Contraindications: Severe hepatic impairment; Severe renal impairment; Pregnancy and lactation; Hypersensitivity to the active substance or any of the excipients.

Common Adverse Effects: Rash, Dizziness, Vomiting, Headache, Abdominal pain, Fatigue, Diarrhea.","DPYD,ABCG2",547
616,Staoxacin,staoxacin Calcium,Torrent Pharmaceuticals,Antibiotic,Carbapenem,50954-802-91,104.09,Drops,"1000 mg Drops, 50 units per package. Typical dosing: three times daily.","staoxacin demonstrates bactericidal activity against a wide spectrum of pathogens commonly associated with respiratory, skin, and urinary tract infections.

Mechanism of Action: staoxacin works by interfering with bacterial folate synthesis, inhibiting DNA and RNA production.

Pharmacokinetics: Absorption is reduced when taken with food. Widely distributed throughout body tissues. Undergoes conjugation reactions in the liver. Eliminated primarily via renal excretion of unchanged drug.

Contraindications: Severe renal impairment; Myasthenia gravis (for certain antibiotic classes); Concurrent use of contraindicated medications; Hypersensitivity to the active substance or any of the excipients.

Common Adverse Effects: Allergic reactions, Fatigue, Rash, QT interval prolongation, Dizziness, Candidiasis, Tooth discoloration.",,440
617,Resetron,SP-resetron,Sun Pharmaceutical,Dermatological,Keratolytic,58518-877-12,93.61,Otic Solution,"0.5 % Otic Solution, 10 mL bottle. Typical dosing: twice daily.","resetron belongs to the class of keratolytic agents within the dermatological category.

Mechanism of Action: resetron works by binding to specific receptors in target tissues.

Pharmacokinetics: Subject to significant first-pass metabolism resulting in reduced bioavailability. Moderately protein-bound (approximately 60-80%). Metabolized through multiple pathways with no single dominant route. Terminal half-life of approximately 12-24 hours.

Contraindications: Severe hepatic impairment; Severe renal impairment; Pregnancy and lactation; Hypersensitivity to the active substance or any of the excipients.

Common Adverse Effects: Headache, Dizziness, Rash, Pruritus, Abdominal pain, Diarrhea, Fatigue.",,467
618,Acparib,acparib Hydrochloride IR,Cipla,Otological,Anti-Infective,77214-737-32,127.62,Extended-Release Capsule,"10 mg Extended-Release Capsule, 30 Extended-Release Capsules per bottle. Typical dosing: once daily.","acparib is used in the treatment of conditions requiring otological therapy.

Mechanism of Action: acparib works by binding to specific receptors in target tissues.

Pharmacokinetics: Absorption is reduced when taken with food. Highly protein-bound (approximately 90-95%). Subject to minimal metabolism, with most of the drug excreted unchanged. Terminal half-life of approximately 12-24 hours.

Contraindications: Severe hepatic impairment; Pregnancy and lactation; Hypersensitivity to the active substance or any of the excipients.

Common Adverse Effects: Dizziness, Pruritus, Fatigue, Diarrhea, Headache, Vomiting, Nausea.",CYP2C19,760
619,Motoin,DR-motoin D,Dr. Reddy's,Immunological,Vaccine,64104-606-87,669.23,Intravenous Solution,"100 mcg/mL Intravenous Solution, 120 mL bottle. Typical dosing: three times daily.","motoin is used in the treatment of conditions requiring immunological therapy.

Mechanism of Action: motoin works by inhibiting key enzymes in pathological processes.

Pharmacokinetics: Absorption is enhanced when taken with food. Distribution limited primarily to the vascular compartment. Undergoes conjugation reactions in the liver. Excreted in urine as metabolites.

Contraindications: Hypersensitivity to the active substance or any of the excipients; Pregnancy and lactation; Severe hepatic impairment; Severe renal impairment.

Common Adverse Effects: Fatigue, Rash, Headache, Pruritus, Vomiting, Nausea, Abdominal pain.","DPYD,UGT1A1,ABCB1",713
620,Digliptin,MK-digliptin IR,Merck KGaA,Immunological,Vaccine,73319-306-14,325.08,Ophthalmic Ointment,"0.05 % Ophthalmic Ointment, 5 g tube. Typical dosing: three times daily.","digliptin is indicated for therapeutic applications related to immunological conditions.

Mechanism of Action: digliptin works by enhancing physiological defense mechanisms.

Pharmacokinetics: Rapidly absorbed from the gastrointestinal tract. Distribution limited primarily to the vascular compartment. Metabolized through multiple pathways with no single dominant route. Excreted in urine as metabolites.

Contraindications: Hypersensitivity to the active substance or any of the excipients; Pregnancy and lactation; Severe hepatic impairment; Severe renal impairment.

Common Adverse Effects: Headache, Pruritus, Vomiting, Rash, Fatigue.",,496
621,Inoxacin,inoxacin HCT,Gilead Sciences,Antibiotic,Sulfonamide,50806-229-98,81.1,Intravenous Solution,"0.5 mEq/mL Intravenous Solution, 120 mL bottle. Typical dosing: twice daily.","inoxacin is a sulfonamide antibiotic that inhibits bacterial cell wall synthesis, effective against both gram-positive and gram-negative organisms.

Mechanism of Action: inoxacin works by inhibiting DNA gyrase and topoisomerase IV, preventing bacterial DNA replication.

Pharmacokinetics: Rapidly absorbed from the gastrointestinal tract. Crosses the blood-brain barrier. Metabolized via non-CYP450 pathways. Clearance is reduced in patients with renal impairment.

Contraindications: Severe renal impairment; History of antibiotic-associated colitis; Concurrent use of contraindicated medications.

Common Adverse Effects: Nausea, Photosensitivity, Pruritus, Abdominal pain.",,353
622,Beridone,beridone,Alembic Pharmaceuticals,Hormonal,Progestin,45594-284-12,89.7,Otic Solution,"2.5 % Otic Solution, 30 mL bottle. Typical dosing: as directed by physician.","beridone is used in the treatment of conditions requiring hormonal therapy.

Mechanism of Action: beridone works by binding to specific receptors in target tissues.

Pharmacokinetics: Subject to significant first-pass metabolism resulting in reduced bioavailability. Highly protein-bound (approximately 90-95%). Metabolism shows significant inter-individual variability. Terminal half-life of approximately 12-24 hours.

Contraindications: Severe renal impairment; Pregnancy and lactation; Hypersensitivity to the active substance or any of the excipients; Severe hepatic impairment.

Common Adverse Effects: Headache, Nausea, Abdominal pain, Vomiting, Rash.",,885
623,Taglitazone,taglitazone Phosphate,Pfizer,Ophthalmological,Lubricant,30945-707-42,99.92,Topical Ointment,"0.05 % Topical Ointment, 10 g tube. Typical dosing: once daily.","taglitazone is a lubricant medication classified under ophthalmological drugs.

Mechanism of Action: taglitazone works by binding to specific receptors in target tissues.

Pharmacokinetics: Slowly absorbed after oral administration. Highly protein-bound (approximately 90-95%). Metabolized through multiple pathways with no single dominant route. Elimination rate depends on hepatic function.

Contraindications: Hypersensitivity to the active substance or any of the excipients; Severe hepatic impairment; Pregnancy and lactation.

Common Adverse Effects: Diarrhea, Headache, Pruritus, Rash, Nausea.",,387
624,Delukast,delukast,Teva Pharmaceutical,Ophthalmological,Miotic,88302-191-21,79.36,Topical Ointment,"0.025 % Topical Ointment, 30 g tube. Typical dosing: once daily.","delukast belongs to the class of miotic agents within the ophthalmological category.

Mechanism of Action: delukast works by binding to specific receptors in target tissues.

Pharmacokinetics: Slowly absorbed after oral administration. Highly protein-bound (approximately 90-95%). Extensively metabolized in the liver via CYP450 enzymes, primarily CYP3A4. Terminal half-life of approximately 12-24 hours.

Contraindications: Hypersensitivity to the active substance or any of the excipients; Pregnancy and lactation; Severe hepatic impairment; Severe renal impairment.

Common Adverse Effects: Headache, Rash, Abdominal pain, Vomiting, Pruritus, Dizziness.","CYP2E1,DPYD",433
625,Quciclovir,quciclovir,AbbVie,Otological,Anti-Infective,70628-944-56,49.71,Lozenges,"200 mg Lozenges, 50 units per package. Typical dosing: once daily.","quciclovir is used in the treatment of conditions requiring otological therapy.

Mechanism of Action: quciclovir works by binding to specific receptors in target tissues.

Pharmacokinetics: Slowly absorbed after oral administration. Low protein binding (<30%). Metabolized via non-CYP450 pathways. Elimination rate depends on hepatic function.

Contraindications: Severe renal impairment; Severe hepatic impairment; Hypersensitivity to the active substance or any of the excipients.

Common Adverse Effects: Headache, Abdominal pain, Nausea, Rash, Fatigue.",,53
626,Feprofen,feprofen Plus,Novo Nordisk,Ophthalmological,Miotic,48034-629-32,146.72,Otic Solution,"25.0 mg/mL Otic Solution, 10 mL bottle. Typical dosing: once daily.","feprofen is a miotic medication classified under ophthalmological drugs.

Mechanism of Action: feprofen works by modulating biochemical pathways involved in the disease process.

Pharmacokinetics: Rapidly absorbed from the gastrointestinal tract. Distribution limited primarily to the vascular compartment. Primarily metabolized by CYP2D6 with genetic polymorphisms affecting rate of metabolism. Eliminated through both renal and biliary routes.

Contraindications: Pregnancy and lactation; Severe renal impairment; Severe hepatic impairment.

Common Adverse Effects: Rash, Headache, Abdominal pain, Diarrhea, Vomiting.",,291
627,Violol,AP-violol Maleate IR,Aurobindo Pharma,Ophthalmological,Antiglaucoma,20863-540-68,107.79,Buccal Tablet,"10 mg Buccal Tablet, 20 Buccal Tablets per bottle. Typical dosing: twice daily.","violol belongs to the class of antiglaucoma agents within the ophthalmological category.

Mechanism of Action: violol works by modulating biochemical pathways involved in the disease process.

Pharmacokinetics: Slowly absorbed after oral administration. Crosses the blood-brain barrier. Metabolized via non-CYP450 pathways. Terminal half-life of approximately 12-24 hours.

Contraindications: Pregnancy and lactation; Severe renal impairment; Hypersensitivity to the active substance or any of the excipients.

Common Adverse Effects: Fatigue, Rash, Diarrhea, Vomiting.",,411
628,Maracil,maracil Oral,AstraZeneca,Antiparasitic,Antihelminthic,95345-515-95,104.76,Drops,"20 mg Drops, 100 units per package. Typical dosing: once daily.","maracil is used in the treatment of conditions requiring antiparasitic therapy.

Mechanism of Action: maracil works by counteracting pathological changes in tissue function.

Pharmacokinetics: Subject to significant first-pass metabolism resulting in reduced bioavailability. Highly protein-bound (approximately 90-95%). Metabolism shows significant inter-individual variability. Excreted in urine as metabolites.

Contraindications: Pregnancy and lactation; Severe hepatic impairment; Severe renal impairment; Hypersensitivity to the active substance or any of the excipients.

Common Adverse Effects: Fatigue, Vomiting, Abdominal pain, Nausea.",,334
629,Paantine,paantine,Intas Pharmaceuticals,Ophthalmological,Miotic,62110-541-68,146.41,Inhalation Solution,"200 mcg/mL Inhalation Solution, 240 mL bottle. Typical dosing: twice daily.","paantine belongs to the class of miotic agents within the ophthalmological category.

Mechanism of Action: paantine works by enhancing physiological defense mechanisms.

Pharmacokinetics: Absorption is enhanced when taken with food. Highly protein-bound (approximately 90-95%). Subject to minimal metabolism, with most of the drug excreted unchanged. Eliminated primarily via renal excretion of unchanged drug.

Contraindications: Severe renal impairment; Pregnancy and lactation; Hypersensitivity to the active substance or any of the excipients; Severe hepatic impairment.

Common Adverse Effects: Dizziness, Headache, Pruritus, Abdominal pain, Rash, Diarrhea.",,440
630,Lestatin,lestatin D,Genentech,Ophthalmological,Lubricant,17057-832-17,53.21,Effervescent Tablet,"25 mg Effervescent Tablet, 28 Effervescent Tablets per bottle. Typical dosing: twice daily.","lestatin is indicated for therapeutic applications related to ophthalmological conditions.

Mechanism of Action: lestatin works by binding to specific receptors in target tissues.

Pharmacokinetics: Rapidly absorbed from the gastrointestinal tract. Distribution limited primarily to the vascular compartment. Metabolized through multiple pathways with no single dominant route. Terminal half-life of approximately 12-24 hours.

Contraindications: Pregnancy and lactation; Hypersensitivity to the active substance or any of the excipients; Severe renal impairment.

Common Adverse Effects: Rash, Pruritus, Headache, Fatigue, Abdominal pain, Vomiting.","UGT1A1,CYP3A4",551
631,Glitraline,Rocglitraline Sodium CR,Roche,Central Nervous System,NSAID,93104-476-86,242.62,Film-Coated Tablet,"200.0 mg Film-Coated Tablet, 30 Film-Coated Tablets per bottle. Typical dosing: as needed for pain.","glitraline is used in the treatment of neurological and psychiatric disorders by modulating neurotransmitter activity.

Mechanism of Action: glitraline works by enhancing GABAergic neurotransmission, producing anxiolytic and sedative effects.

Pharmacokinetics: Bioavailability is approximately 60-80% after oral administration. Does not significantly penetrate the blood-brain barrier. Metabolized through multiple pathways with no single dominant route. Elimination rate depends on hepatic function.

Contraindications: Concomitant use of monoamine oxidase inhibitors; Seizure disorders; Suicidal ideation.

Common Adverse Effects: Insomnia, Depression, Pruritus, Anxiety, Abdominal pain, Headache, Vomiting.","HLA-B*5701,CYP3A4,VKORC1",312
632,Mosemide,mosemide,Genentech,Cardiovascular,Antihyperlipidemic,19199-979-40,21.41,Orally Disintegrating Tablet,"25.0 mg Orally Disintegrating Tablet, 180 Orally Disintegrating Tablets per bottle. Typical dosing: twice daily.","mosemide is indicated for the treatment of hypertension, either alone or in combination with other antihypertensive agents.

Mechanism of Action: mosemide works by promoting sodium and water excretion by inhibiting sodium reabsorption in the distal tubule.

Pharmacokinetics: Absorption is reduced when taken with food. Moderately protein-bound (approximately 60-80%). Metabolized via non-CYP450 pathways. Terminal half-life of approximately 12-24 hours.

Contraindications: Cardiogenic shock; Acute heart failure; Hypersensitivity to the active substance or any of the excipients; Severe hepatic impairment.

Common Adverse Effects: Bradycardia, Vomiting, Chest pain, Flushing, Pruritus, Hypotension, Palpitations.",,626
633,Pazepine,pazepine,Serum Institute,Dermatological,Antifungal,33691-507-25,97.94,Dispersible Tablet,"20.0 mg Dispersible Tablet, 20 Dispersible Tablets per bottle. Typical dosing: twice daily.","pazepine belongs to the class of antifungal agents within the dermatological category.

Mechanism of Action: pazepine works by inhibiting key enzymes in pathological processes.

Pharmacokinetics: Absorption is pH-dependent, optimized in acidic environment. Does not significantly penetrate the blood-brain barrier. Primarily metabolized by CYP2D6 with genetic polymorphisms affecting rate of metabolism. Elimination rate depends on hepatic function.

Contraindications: Pregnancy and lactation; Severe renal impairment; Hypersensitivity to the active substance or any of the excipients.

Common Adverse Effects: Diarrhea, Abdominal pain, Dizziness, Nausea.",,405
634,Suzosin,suzosin,Gilead Sciences,Musculoskeletal,Bisphosphonate,22871-779-32,99.29,Topical Gel,"5.0 % Topical Gel, 50 g tube. Typical dosing: twice daily.","suzosin is used in the treatment of conditions requiring musculoskeletal therapy.

Mechanism of Action: suzosin works by inhibiting key enzymes in pathological processes.

Pharmacokinetics: Slowly absorbed after oral administration. Widely distributed throughout body tissues. Undergoes conjugation reactions in the liver. Prolonged half-life allowing once-daily dosing.

Contraindications: Pregnancy and lactation; Severe renal impairment; Hypersensitivity to the active substance or any of the excipients; Severe hepatic impairment.

Common Adverse Effects: Pruritus, Fatigue, Dizziness, Abdominal pain, Headache, Rash, Vomiting.",,243
635,Lecitabine,lecitabine,Novartis,Immunological,Interferons,63999-933-91,408.86,Film-Coated Tablet,"25 mg Film-Coated Tablet, 28 Film-Coated Tablets per bottle. Typical dosing: as directed by physician.","lecitabine is indicated for therapeutic applications related to immunological conditions.

Mechanism of Action: lecitabine works by modulating biochemical pathways involved in the disease process.

Pharmacokinetics: Absorption is reduced when taken with food. Highly protein-bound (approximately 90-95%). Primarily metabolized by CYP2D6 with genetic polymorphisms affecting rate of metabolism. Terminal half-life of approximately 12-24 hours.

Contraindications: Severe renal impairment; Hypersensitivity to the active substance or any of the excipients; Severe hepatic impairment.

Common Adverse Effects: Rash, Vomiting, Fatigue, Abdominal pain.",,479
636,Befenac,befenac,Sanofi,Dermatological,Antipruritic,10414-618-80,16.9,Lozenges,"0.25 mg Lozenges, 100 units per package. Typical dosing: three times daily.","befenac belongs to the class of antipruritic agents within the dermatological category.

Mechanism of Action: befenac works by inhibiting key enzymes in pathological processes.

Pharmacokinetics: Rapidly absorbed from the gastrointestinal tract. Highly protein-bound (approximately 90-95%). Metabolized to active metabolites that contribute to the therapeutic effect. Elimination rate depends on hepatic function.

Contraindications: Pregnancy and lactation; Hypersensitivity to the active substance or any of the excipients; Severe renal impairment; Severe hepatic impairment.

Common Adverse Effects: Dizziness, Pruritus, Nausea, Rash.",,611
637,Susetron,susetron,Sun Pharmaceutical,Hormonal,Estrogen,31976-275-13,97.92,Ophthalmic Solution,"2.0 mg/mL Ophthalmic Solution, 150 mL bottle. Typical dosing: once daily.","susetron belongs to the class of estrogen agents within the hormonal category.

Mechanism of Action: susetron works by modulating biochemical pathways involved in the disease process.

Pharmacokinetics: Rapidly absorbed from the gastrointestinal tract. Widely distributed throughout body tissues. Metabolized to active metabolites that contribute to the therapeutic effect. Eliminated through both renal and biliary routes.

Contraindications: Pregnancy and lactation; Severe hepatic impairment; Hypersensitivity to the active substance or any of the excipients; Severe renal impairment.

Common Adverse Effects: Rash, Nausea, Headache, Diarrhea.","HLA-B*1502,HLA-B*5701,ABCB1",458
638,Feplatin,feplatin Phosphate,Mankind Pharma,Musculoskeletal,Antigout,83680-904-81,39.59,Dispersible Tablet,"20 mg Dispersible Tablet, 14 Dispersible Tablets per bottle. Typical dosing: twice daily.","feplatin is indicated for therapeutic applications related to musculoskeletal conditions.

Mechanism of Action: feplatin works by enhancing physiological defense mechanisms.

Pharmacokinetics: Subject to significant first-pass metabolism resulting in reduced bioavailability. Low protein binding (<30%). Subject to minimal metabolism, with most of the drug excreted unchanged. Clearance is reduced in patients with renal impairment.

Contraindications: Severe renal impairment; Hypersensitivity to the active substance or any of the excipients; Severe hepatic impairment; Pregnancy and lactation.

Common Adverse Effects: Pruritus, Nausea, Rash, Headache, Vomiting.",UGT1A1,629
639,Brozolam,brozolam,Alkem Laboratories,Musculoskeletal,Bisphosphonate,20872-416-44,92.02,Oral Solution,"25.0 mg/mL Oral Solution, 120 mL bottle. Typical dosing: once daily.","brozolam belongs to the class of bisphosphonate agents within the musculoskeletal category.

Mechanism of Action: brozolam works by counteracting pathological changes in tissue function.

Pharmacokinetics: Bioavailability is approximately 60-80% after oral administration. Distribution limited primarily to the vascular compartment. Primarily metabolized by CYP2D6 with genetic polymorphisms affecting rate of metabolism. Prolonged half-life allowing once-daily dosing.

Contraindications: Severe hepatic impairment; Pregnancy and lactation; Hypersensitivity to the active substance or any of the excipients; Severe renal impairment.

Common Adverse Effects: Rash, Vomiting, Dizziness, Diarrhea.",,476
640,Estuximab,estuximab,Abbott Laboratories,Dermatological,Antipsoriatic,25702-254-31,103.04,Ophthalmic Ointment,"40.0 mg/g Ophthalmic Ointment, 30 g tube. Typical dosing: once daily.","estuximab is used in the treatment of conditions requiring dermatological therapy.

Mechanism of Action: estuximab works by inhibiting key enzymes in pathological processes.

Pharmacokinetics: Slowly absorbed after oral administration. Moderately protein-bound (approximately 60-80%). Undergoes conjugation reactions in the liver. Eliminated through both renal and biliary routes.

Contraindications: Severe renal impairment; Severe hepatic impairment; Pregnancy and lactation; Hypersensitivity to the active substance or any of the excipients.

Common Adverse Effects: Headache, Abdominal pain, Rash, Dizziness, Nausea, Pruritus, Vomiting.",,659
641,Vetuximab,vetuximab Hydrochloride IR,GlaxoSmithKline,Immunological,Antirheumatic,31580-683-96,430.77,Lozenges,"200 mg Lozenges, 10 units per package. Typical dosing: as directed by physician.","vetuximab is a antirheumatic medication classified under immunological drugs.

Mechanism of Action: vetuximab works by enhancing physiological defense mechanisms.

Pharmacokinetics: Absorption is enhanced when taken with food. Highly protein-bound (approximately 90-95%). Metabolized to active metabolites that contribute to the therapeutic effect. Eliminated through both renal and biliary routes.

Contraindications: Severe hepatic impairment; Hypersensitivity to the active substance or any of the excipients; Severe renal impairment; Pregnancy and lactation.

Common Adverse Effects: Pruritus, Fatigue, Nausea, Vomiting.",,442
642,Fepride,fepride,Bristol-Myers Squibb,Gastrointestinal,Proton Pump Inhibitor,97329-100-51,107.94,Lozenges,"40 mg Lozenges, 100 units per package. Typical dosing: three times daily.","fepride helps manage symptoms and promote healing in patients with inflammatory bowel conditions.

Mechanism of Action: fepride works by inhibiting the gastric H+/K+ ATPase enzyme system, suppressing gastric acid production.

Pharmacokinetics: Absorption is pH-dependent, optimized in acidic environment. Accumulates in adipose tissue due to lipophilic properties. Undergoes conjugation reactions in the liver. Prolonged half-life allowing once-daily dosing.

Contraindications: Gastrointestinal perforation; Pregnancy and lactation; Hypersensitivity to the active substance or any of the excipients.

Common Adverse Effects: Nausea, Vomiting, Dizziness, Increased appetite, Rash, Headache, Dry mouth.",,652
643,Vitriptium,vitriptium,Alkem Laboratories,Respiratory,Decongestant,86919-167-49,67.51,Sublingual Tablet,"5 mg Sublingual Tablet, 28 Sublingual Tablets per bottle. Typical dosing: twice daily.","vitriptium is indicated for maintenance treatment of bronchospasm associated with respiratory disorders.

Mechanism of Action: vitriptium works by blocking leukotriene receptors, reducing bronchial inflammation and constriction.

Pharmacokinetics: Absorption is enhanced when taken with food. Moderately protein-bound (approximately 60-80%). Metabolism shows significant inter-individual variability. Eliminated primarily via renal excretion of unchanged drug.

Contraindications: Hypersensitivity to the active substance or any of the excipients; Severe COPD with respiratory insufficiency; Severe hepatic impairment; Status asthmaticus.

Common Adverse Effects: Pharyngitis, Fatigue, Headache, Pruritus, Nausea, Dyspnea.",,285
644,Abtriptyline,abtriptyline,Pfizer,Central Nervous System,Antiepileptic,37882-875-13,158.46,Vaginal Cream,"50.0 mg Vaginal Cream, 15 g tube. Typical dosing: at bedtime.","abtriptyline is a antiepileptic that acts on the central nervous system to treat conditions such as depression, anxiety, or seizures.

Mechanism of Action: abtriptyline works by inhibiting monoamine oxidase, increasing levels of monoamine neurotransmitters.

Pharmacokinetics: Absorption is enhanced when taken with food. Highly protein-bound (approximately 90-95%). Undergoes conjugation reactions in the liver. Clearance is reduced in patients with renal impairment.

Contraindications: Severe hepatic impairment; Seizure disorders; Angle-closure glaucoma; Concomitant use of monoamine oxidase inhibitors.

Common Adverse Effects: Headache, Depression, Abdominal pain, Nausea.",,538
645,Nefenac,nefenac,Dr. Reddy's,Gastrointestinal,H2 Antagonist,74028-510-25,116.05,Buccal Tablet,"20 mg Buccal Tablet, 20 Buccal Tablets per bottle. Typical dosing: twice daily.","nefenac provides relief from symptoms associated with gastroesophageal reflux disease (GERD) and peptic ulcer disease.

Mechanism of Action: nefenac works by inhibiting the gastric H+/K+ ATPase enzyme system, suppressing gastric acid production.

Pharmacokinetics: Absorption is pH-dependent, optimized in acidic environment. Crosses the blood-brain barrier. Metabolism shows significant inter-individual variability. Short half-life of 2-4 hours requiring multiple daily dosing.

Contraindications: Hypersensitivity to the active substance or any of the excipients; Inflammatory bowel disease in acute phase; Gastrointestinal obstruction.

Common Adverse Effects: Altered taste, Dyspepsia, Dizziness, Vomiting, Pruritus, Diarrhea.","COMT,HLA-B*5701,CYP2C9",284
646,Serubicin,serubicin Sulfate IV,Serum Institute,Immunological,Vaccine,94007-744-36,194.76,Film-Coated Tablet,"500 mg Film-Coated Tablet, 50 Film-Coated Tablets per bottle. Typical dosing: three times daily.","serubicin is a vaccine medication classified under immunological drugs.

Mechanism of Action: serubicin works by binding to specific receptors in target tissues.

Pharmacokinetics: Subject to significant first-pass metabolism resulting in reduced bioavailability. Low protein binding (<30%). Subject to minimal metabolism, with most of the drug excreted unchanged. Prolonged half-life allowing once-daily dosing.

Contraindications: Pregnancy and lactation; Severe hepatic impairment; Hypersensitivity to the active substance or any of the excipients; Severe renal impairment.

Common Adverse Effects: Dizziness, Fatigue, Nausea, Headache, Vomiting, Abdominal pain.","COMT,BCHE",452
647,Fluzepam,fluzepam,Alembic Pharmaceuticals,Central Nervous System,Antipsychotic,38761-821-94,172.01,Orally Disintegrating Tablet,"150.0 mg Orally Disintegrating Tablet, 50 Orally Disintegrating Tablets per bottle. Typical dosing: as needed for pain.","fluzepam is used in the treatment of neurological and psychiatric disorders by modulating neurotransmitter activity.

Mechanism of Action: fluzepam works by inhibiting monoamine oxidase, increasing levels of monoamine neurotransmitters.

Pharmacokinetics: Absorption is pH-dependent, optimized in acidic environment. Moderately protein-bound (approximately 60-80%). Metabolism shows significant inter-individual variability. Elimination rate depends on hepatic function.

Contraindications: Recent myocardial infarction; Hypersensitivity to the active substance or any of the excipients; Seizure disorders.

Common Adverse Effects: Paresthesia, Vomiting, Abdominal pain, Tremor, Pruritus.",,527
648,Hymethasone,hymethasone,Glenmark,Antiviral,CCR5 Antagonist,47133-245-12,578.58,Vaginal Suppository,"10 mg Vaginal Suppository, 100 units per package. Typical dosing: twice daily.","hymethasone is indicated for therapeutic applications related to antiviral conditions.

Mechanism of Action: hymethasone works by modulating biochemical pathways involved in the disease process.

Pharmacokinetics: Rapidly absorbed from the gastrointestinal tract. Does not significantly penetrate the blood-brain barrier. Undergoes conjugation reactions in the liver. Clearance is reduced in patients with renal impairment.

Contraindications: Pregnancy and lactation; Hypersensitivity to the active substance or any of the excipients; Severe hepatic impairment.

Common Adverse Effects: Fatigue, Vomiting, Abdominal pain, Diarrhea, Rash, Nausea, Headache.",,482
649,Metriptan,Cipmetriptan IR,Cipla,Antiparasitic,Antiprotozoal,14813-655-86,31.28,Orally Disintegrating Tablet,"500 mg Orally Disintegrating Tablet, 90 Orally Disintegrating Tablets per bottle. Typical dosing: as directed by physician.","metriptan is used in the treatment of conditions requiring antiparasitic therapy.

Mechanism of Action: metriptan works by enhancing physiological defense mechanisms.

Pharmacokinetics: Absorption is pH-dependent, optimized in acidic environment. Distribution limited primarily to the vascular compartment. Metabolized through multiple pathways with no single dominant route. Clearance is reduced in patients with renal impairment.

Contraindications: Pregnancy and lactation; Severe renal impairment; Hypersensitivity to the active substance or any of the excipients; Severe hepatic impairment.

Common Adverse Effects: Headache, Fatigue, Diarrhea, Nausea, Rash.",,519
650,Cacitabine,cacitabine,Aurobindo Pharma,Anticancer,Antimetabolite,22328-471-39,1245.58,Rectal Suppository,"5 mg Rectal Suppository, 50 units per package. Typical dosing: three times daily.","cacitabine belongs to the class of antimetabolite agents within the anticancer category.

Mechanism of Action: cacitabine works by inhibiting key enzymes in pathological processes.

Pharmacokinetics: Absorption is reduced when taken with food. Crosses the blood-brain barrier. Metabolized to active metabolites that contribute to the therapeutic effect. Eliminated primarily via renal excretion of unchanged drug.

Contraindications: Pregnancy and lactation; Severe hepatic impairment; Severe renal impairment.

Common Adverse Effects: Fatigue, Diarrhea, Pruritus, Rash.",UGT1A1,881
651,Ticycline,Novticycline Phosphate,Novartis,Antibiotic,Sulfonamide,37866-286-84,90.99,Film-Coated Tablet,"850 mg Film-Coated Tablet, 14 Film-Coated Tablets per bottle. Typical dosing: three times daily.","ticycline is a sulfonamide antibiotic that inhibits bacterial cell wall synthesis, effective against both gram-positive and gram-negative organisms.

Mechanism of Action: ticycline works by inhibiting bacterial cell wall synthesis by binding to penicillin-binding proteins.

Pharmacokinetics: Slowly absorbed after oral administration. Accumulates in adipose tissue due to lipophilic properties. Subject to minimal metabolism, with most of the drug excreted unchanged. Prolonged half-life allowing once-daily dosing.

Contraindications: Pregnancy and lactation; Known bacterial resistance; Myasthenia gravis (for certain antibiotic classes).

Common Adverse Effects: Dizziness, Abdominal pain, Vomiting, Antibiotic-associated diarrhea, Tooth discoloration.",,487
652,Rozolam,Takrozolam HBr,Takeda,Antiviral,Fusion Inhibitor,53721-806-26,1302.17,Extended-Release Capsule,"50 mg Extended-Release Capsule, 30 Extended-Release Capsules per bottle. Typical dosing: twice daily.","rozolam is indicated for therapeutic applications related to antiviral conditions.

Mechanism of Action: rozolam works by inhibiting key enzymes in pathological processes.

Pharmacokinetics: Absorption is pH-dependent, optimized in acidic environment. Crosses the blood-brain barrier. Metabolized through multiple pathways with no single dominant route. Prolonged half-life allowing once-daily dosing.

Contraindications: Severe hepatic impairment; Pregnancy and lactation; Hypersensitivity to the active substance or any of the excipients.

Common Adverse Effects: Diarrhea, Nausea, Pruritus, Headache.",,322
653,Medipine,medipine Calcium D,Baxter International,Cardiovascular,Beta Blocker,71075-629-53,33.04,Vaginal Cream,"10.0 mg Vaginal Cream, 100 g tube. Typical dosing: three times daily.","medipine is indicated for the treatment of hypertension, either alone or in combination with other antihypertensive agents.

Mechanism of Action: medipine works by inhibiting angiotensin-converting enzyme (ACE), which reduces the production of angiotensin II.

Pharmacokinetics: Absorption is reduced when taken with food. Crosses the blood-brain barrier. Metabolism shows significant inter-individual variability. Eliminated through both renal and biliary routes.

Contraindications: Severe renal impairment; Second or third-degree heart block; Acute heart failure.

Common Adverse Effects: Rash, Nausea, Syncope, Bradycardia, Chest pain, Pruritus, Hypotension.","HLA-B*1502,CFTR",689
654,Nagliptin,nagliptin,Takeda,Musculoskeletal,Bisphosphonate,27490-268-70,88.67,Vaginal Tablet,"50 mg Vaginal Tablet, 14 Vaginal Tablets per bottle. Typical dosing: as directed by physician.","nagliptin is a bisphosphonate medication classified under musculoskeletal drugs.

Mechanism of Action: nagliptin works by counteracting pathological changes in tissue function.

Pharmacokinetics: Absorption is pH-dependent, optimized in acidic environment. Accumulates in adipose tissue due to lipophilic properties. Undergoes conjugation reactions in the liver. Prolonged half-life allowing once-daily dosing.

Contraindications: Severe renal impairment; Severe hepatic impairment; Hypersensitivity to the active substance or any of the excipients.

Common Adverse Effects: Pruritus, Nausea, Fatigue, Headache, Rash.",,533
655,Azlukast,azlukast,Sanofi,Antidiabetic,DPP-4 Inhibitor,29159-158-77,220.6,Lozenges,"2.0 mg Lozenges, 100 units per package. Typical dosing: once daily.","azlukast stimulates insulin secretion from pancreatic beta cells, helping to lower blood glucose levels in diabetic patients.

Mechanism of Action: azlukast works by enhancing incretin effect by inhibiting dipeptidyl peptidase-4 (DPP-4).

Pharmacokinetics: Well absorbed through transdermal application. Distribution limited primarily to the vascular compartment. Metabolism shows significant inter-individual variability. Clearance is reduced in patients with renal impairment.

Contraindications: Pregnancy and lactation; Hypersensitivity to the active substance or any of the excipients; Severe hepatic impairment; Acute or chronic metabolic acidosis; Severe renal impairment.

Common Adverse Effects: Genital mycotic infections, Weight gain, Nausea, Fatigue, Vomiting.",,330
656,Esprazole,esprazole Phosphate,AbbVie,Immunological,Antirheumatic,94608-855-59,364.76,Lozenges,"5 mg Lozenges, 50 units per package. Typical dosing: as directed by physician.","esprazole belongs to the class of antirheumatic agents within the immunological category.

Mechanism of Action: esprazole works by modulating biochemical pathways involved in the disease process.

Pharmacokinetics: Slowly absorbed after oral administration. Widely distributed throughout body tissues. Metabolism shows significant inter-individual variability. Prolonged half-life allowing once-daily dosing.

Contraindications: Pregnancy and lactation; Severe renal impairment; Hypersensitivity to the active substance or any of the excipients; Severe hepatic impairment.

Common Adverse Effects: Diarrhea, Dizziness, Rash, Nausea.","MTHFR,CYP2C19,NAT2",422
657,Azcaine,azcaine,GlaxoSmithKline,Gastrointestinal,Antiemetic,94749-450-54,71.61,Effervescent Tablet,"60 mg Effervescent Tablet, 30 Effervescent Tablets per bottle. Typical dosing: once daily.","azcaine provides relief from symptoms associated with gastroesophageal reflux disease (GERD) and peptic ulcer disease.

Mechanism of Action: azcaine works by blocking dopamine D2 receptors in the chemoreceptor trigger zone, providing antiemetic effects.

Pharmacokinetics: Rapidly absorbed from the gastrointestinal tract. Moderately protein-bound (approximately 60-80%). Subject to minimal metabolism, with most of the drug excreted unchanged. Clearance is reduced in patients with renal impairment.

Contraindications: Pregnancy and lactation; Inflammatory bowel disease in acute phase; Hypersensitivity to the active substance or any of the excipients; Severe hepatic impairment; Severe renal impairment.

Common Adverse Effects: Diarrhea, Dry mouth, Abdominal pain, Nausea.","CYP2E1,NAT2,CYP2B6",869
658,Gliafil,gliafil Hydrochloride HCT,Biogen,Dermatological,Keratolytic,17356-807-20,120.51,Orally Disintegrating Tablet,"0.5 mg Orally Disintegrating Tablet, 30 Orally Disintegrating Tablets per bottle. Typical dosing: once daily.","gliafil is indicated for therapeutic applications related to dermatological conditions.

Mechanism of Action: gliafil works by binding to specific receptors in target tissues.

Pharmacokinetics: Absorption is reduced when taken with food. Accumulates in adipose tissue due to lipophilic properties. Metabolized to active metabolites that contribute to the therapeutic effect. Prolonged half-life allowing once-daily dosing.

Contraindications: Hypersensitivity to the active substance or any of the excipients; Pregnancy and lactation; Severe hepatic impairment; Severe renal impairment.

Common Adverse Effects: Abdominal pain, Nausea, Rash, Headache, Dizziness.",,802
659,Acsetron,Bayacsetron D,Bayer,Hormonal,Growth Hormone,63656-842-49,120.41,Drops,"2.0 mg Drops, 30 units per package. Typical dosing: twice daily.","acsetron is a growth hormone medication classified under hormonal drugs.

Mechanism of Action: acsetron works by enhancing physiological defense mechanisms.

Pharmacokinetics: Slowly absorbed after oral administration. Low protein binding (<30%). Metabolized via non-CYP450 pathways. Clearance is reduced in patients with renal impairment.

Contraindications: Severe hepatic impairment; Pregnancy and lactation; Hypersensitivity to the active substance or any of the excipients; Severe renal impairment.

Common Adverse Effects: Rash, Diarrhea, Abdominal pain, Headache, Dizziness, Vomiting.",,509
660,Pecaine,pecaine XR,AbbVie,Otological,Anti-Infective,18697-762-43,60.29,Dispersible Tablet,"25 mg Dispersible Tablet, 30 Dispersible Tablets per bottle. Typical dosing: twice daily.","pecaine is a anti-infective medication classified under otological drugs.

Mechanism of Action: pecaine works by modulating biochemical pathways involved in the disease process.

Pharmacokinetics: Absorption is reduced when taken with food. Accumulates in adipose tissue due to lipophilic properties. Metabolized to active metabolites that contribute to the therapeutic effect. Clearance is reduced in patients with renal impairment.

Contraindications: Hypersensitivity to the active substance or any of the excipients; Severe hepatic impairment; Severe renal impairment; Pregnancy and lactation.

Common Adverse Effects: Headache, Vomiting, Dizziness, Pruritus, Abdominal pain, Fatigue, Rash.",,461
661,Doridone,doridone,Celgene,Central Nervous System,Analgesic,90486-156-76,53.6,Vaginal Tablet,"37.5 mg Vaginal Tablet, 30 Vaginal Tablets per bottle. Typical dosing: twice daily.","doridone is indicated for the management of chronic pain conditions through its action on central pain pathways.

Mechanism of Action: doridone works by binding to opioid receptors, modulating pain perception pathways.

Pharmacokinetics: Subject to significant first-pass metabolism resulting in reduced bioavailability. Accumulates in adipose tissue due to lipophilic properties. Subject to minimal metabolism, with most of the drug excreted unchanged. Clearance is reduced in patients with renal impairment.

Contraindications: Suicidal ideation; Severe hepatic impairment; Angle-closure glaucoma; Seizure disorders; Concomitant use of monoamine oxidase inhibitors.

Common Adverse Effects: Rash, Dizziness, Tremor, Somnolence, Vomiting, Paresthesia.",,637
662,Prozepine,prozepine Citrate,Gilead Sciences,Immunological,Interferons,67329-265-32,136.13,Rectal Suppository,"100 mg Rectal Suppository, 30 units per package. Typical dosing: three times daily.","prozepine is used in the treatment of conditions requiring immunological therapy.

Mechanism of Action: prozepine works by modulating biochemical pathways involved in the disease process.

Pharmacokinetics: Subject to significant first-pass metabolism resulting in reduced bioavailability. Moderately protein-bound (approximately 60-80%). Extensively metabolized in the liver via CYP450 enzymes, primarily CYP3A4. Clearance is reduced in patients with renal impairment.

Contraindications: Hypersensitivity to the active substance or any of the excipients; Pregnancy and lactation; Severe renal impairment.

Common Adverse Effects: Fatigue, Abdominal pain, Vomiting, Diarrhea.",,501
663,Lesartan,lesartan Potassium,Intas Pharmaceuticals,Ophthalmological,Lubricant,19504-982-56,98.25,Enteric-Coated Tablet,"10 mg Enteric-Coated Tablet, 10 Enteric-Coated Tablets per bottle. Typical dosing: as directed by physician.","lesartan is used in the treatment of conditions requiring ophthalmological therapy.

Mechanism of Action: lesartan works by counteracting pathological changes in tissue function.

Pharmacokinetics: Rapidly absorbed from the gastrointestinal tract. Highly protein-bound (approximately 90-95%). Primarily metabolized by CYP2D6 with genetic polymorphisms affecting rate of metabolism. Clearance is reduced in patients with renal impairment.

Contraindications: Hypersensitivity to the active substance or any of the excipients; Pregnancy and lactation; Severe renal impairment.

Common Adverse Effects: Vomiting, Nausea, Headache, Pruritus, Dizziness, Abdominal pain.","HLA-B*1502,BCHE,CYP2C9",407
664,Glitriptan,Gleglitriptan CR,Glenmark,Central Nervous System,Benzodiazepine,38674-686-97,269.18,Extended-Release Tablet,"20.0 mg Extended-Release Tablet, 100 Extended-Release Tablets per bottle. Typical dosing: once daily.","glitriptan is a benzodiazepine that acts on the central nervous system to treat conditions such as depression, anxiety, or seizures.

Mechanism of Action: glitriptan works by blocking NMDA receptors and modulating glutamate neurotransmission.

Pharmacokinetics: Bioavailability is approximately 60-80% after oral administration. Crosses the blood-brain barrier. Primarily metabolized by CYP2D6 with genetic polymorphisms affecting rate of metabolism. Eliminated primarily via renal excretion of unchanged drug.

Contraindications: Suicidal ideation; Angle-closure glaucoma; Severe renal impairment; Recent myocardial infarction.

Common Adverse Effects: Dizziness, Memory impairment, Headache, Anxiety.",,360
665,Pesemide,pesemide,Novo Nordisk,Antiparasitic,Antimalarial,25253-688-20,37.39,Inhalation Powder,"50 mcg/dose Inhalation Powder, 30 doses per inhaler. Typical dosing: twice daily.","pesemide is used in the treatment of conditions requiring antiparasitic therapy.

Mechanism of Action: pesemide works by inhibiting key enzymes in pathological processes.

Pharmacokinetics: Absorption is reduced when taken with food. Widely distributed throughout body tissues. Primarily metabolized by CYP2D6 with genetic polymorphisms affecting rate of metabolism. Excreted in urine as metabolites.

Contraindications: Severe renal impairment; Severe hepatic impairment; Pregnancy and lactation; Hypersensitivity to the active substance or any of the excipients.

Common Adverse Effects: Vomiting, Headache, Fatigue, Dizziness, Nausea.",,519
666,Viglitazone,viglitazone,Glenmark,Antidiabetic,SGLT2 Inhibitor,72135-825-53,209.97,Inhalation Solution,"1.0 % Inhalation Solution, 240 mL bottle. Typical dosing: twice daily.","viglitazone is indicated as an adjunct to diet and exercise to improve glycemic control in adults with type 2 diabetes.

Mechanism of Action: viglitazone works by enhancing incretin effect by inhibiting dipeptidyl peptidase-4 (DPP-4).

Pharmacokinetics: Absorption is pH-dependent, optimized in acidic environment. Distribution limited primarily to the vascular compartment. Extensively metabolized in the liver via CYP450 enzymes, primarily CYP3A4. Prolonged half-life allowing once-daily dosing.

Contraindications: Severe renal impairment (GFR < 30 mL/min); Severe renal impairment; Diabetic ketoacidosis; Type 1 diabetes mellitus (for certain antidiabetic classes); Acute or chronic metabolic acidosis.

Common Adverse Effects: Urinary tract infections, Headache, Vomiting, Hypoglycemia, Abdominal pain, Genital mycotic infections, Peripheral edema.","TPMT,CYP2C19,NAT2",367
667,Gethiazide,gethiazide,AbbVie,Cardiovascular,Diuretic,13108-491-92,98.43,Drops,"100.0 mg Drops, 20 units per package. Typical dosing: twice daily.","gethiazide is primarily used to reduce the risk of cardiovascular events in patients with established cardiovascular disease or multiple risk factors.

Mechanism of Action: gethiazide works by reducing the activity of the renin-angiotensin-aldosterone system.

Pharmacokinetics: Rapidly absorbed from the gastrointestinal tract. Widely distributed throughout body tissues. Primarily metabolized by CYP2D6 with genetic polymorphisms affecting rate of metabolism. Clearance is reduced in patients with renal impairment.

Contraindications: Acute heart failure; Cardiogenic shock; Severe hepatic impairment.

Common Adverse Effects: Syncope, Edema, Diarrhea, Bradycardia, Palpitations, Dizziness, Rash.",,308
668,Remethasone,remethasone Citrate,Gilead Sciences,Antiviral,Protease Inhibitor,35533-678-42,116.75,Powder for Reconstitution,"500 mg Powder for Reconstitution, 100 units per package. Typical dosing: twice daily.","remethasone is a protease inhibitor medication classified under antiviral drugs.

Mechanism of Action: remethasone works by binding to specific receptors in target tissues.

Pharmacokinetics: Well absorbed through transdermal application. Does not significantly penetrate the blood-brain barrier. Primarily metabolized by CYP2D6 with genetic polymorphisms affecting rate of metabolism. Clearance is reduced in patients with renal impairment.

Contraindications: Pregnancy and lactation; Severe hepatic impairment; Severe renal impairment; Hypersensitivity to the active substance or any of the excipients.

Common Adverse Effects: Headache, Rash, Nausea, Diarrhea, Pruritus.","CYP2C9,OPRM1",283
669,Malukast,malukast Citrate ER,Biocon,Respiratory,Antitussive,52336-670-13,286.94,Extended-Release Tablet,"75 mcg Extended-Release Tablet, 50 Extended-Release Tablets per bottle. Typical dosing: once daily.","malukast is a antitussive indicated for the treatment of asthma and chronic obstructive pulmonary disease (COPD).

Mechanism of Action: malukast works by inhibiting phosphodiesterase enzymes, resulting in bronchodilation and anti-inflammatory effects.

Pharmacokinetics: Absorption is reduced when taken with food. Crosses the blood-brain barrier. Metabolized via non-CYP450 pathways. Excreted in urine as metabolites.

Contraindications: Severe hepatic impairment; Known hypersensitivity to adrenergic compounds; Hypersensitivity to the active substance or any of the excipients; Severe renal impairment; Status asthmaticus.

Common Adverse Effects: Rhinitis, Abdominal pain, Bronchospasm, Diarrhea, Increased sputum production, Vomiting.",,746
670,Aczosin,J&J-aczosin,Johnson & Johnson,Central Nervous System,Analgesic,57104-268-87,86.72,Effervescent Tablet,"200.0 mg Effervescent Tablet, 20 Effervescent Tablets per bottle. Typical dosing: once daily.","aczosin is a analgesic that acts on the central nervous system to treat conditions such as depression, anxiety, or seizures.

Mechanism of Action: aczosin works by inhibiting monoamine oxidase, increasing levels of monoamine neurotransmitters.

Pharmacokinetics: Absorption is reduced when taken with food. Crosses the blood-brain barrier. Metabolism shows significant inter-individual variability. Short half-life of 2-4 hours requiring multiple daily dosing.

Contraindications: Severe renal impairment; Suicidal ideation; Hypersensitivity to the active substance or any of the excipients; Severe hepatic impairment.

Common Adverse Effects: Memory impairment, Fatigue, Somnolence, Headache.","OPRM1,HLA-B*5701",665
671,Noolol,Glanoolol,GlaxoSmithKline,Cardiovascular,Antihypertensive,53382-382-30,71.16,Film-Coated Tablet,"5.0 mg Film-Coated Tablet, 50 Film-Coated Tablets per bottle. Typical dosing: three times daily.","noolol is primarily used to reduce the risk of cardiovascular events in patients with established cardiovascular disease or multiple risk factors.

Mechanism of Action: noolol works by promoting sodium and water excretion by inhibiting sodium reabsorption in the distal tubule.

Pharmacokinetics: Subject to significant first-pass metabolism resulting in reduced bioavailability. Low protein binding (<30%). Undergoes conjugation reactions in the liver. Eliminated primarily via renal excretion of unchanged drug.

Contraindications: Pregnancy and lactation; Hypersensitivity to the active substance or any of the excipients; Bilateral renal artery stenosis.

Common Adverse Effects: Pruritus, Headache, Vomiting, Nausea, Abdominal pain, Fatigue.",,388
672,Pephylline,pephylline Hydrochloride IV,Bristol-Myers Squibb,Respiratory,Leukotriene Modifier,61041-217-30,83.57,Dispersible Tablet,"200 mg Dispersible Tablet, 180 Dispersible Tablets per bottle. Typical dosing: twice daily.","pephylline is a leukotriene modifier indicated for the treatment of asthma and chronic obstructive pulmonary disease (COPD).

Mechanism of Action: pephylline works by antagonizing histamine H1 receptors, reducing allergic responses.

Pharmacokinetics: Subject to significant first-pass metabolism resulting in reduced bioavailability. Does not significantly penetrate the blood-brain barrier. Metabolism shows significant inter-individual variability. Eliminated primarily via renal excretion of unchanged drug.

Contraindications: Severe renal impairment; Hypersensitivity to the active substance or any of the excipients; Status asthmaticus.

Common Adverse Effects: Bronchospasm, Pruritus, Diarrhea, Dyspnea, Headache, Fatigue, Dizziness.",,408
673,Clorelin,Bayclorelin,Bayer,Hormonal,Thyroid Hormone,21240-294-78,73.86,Vaginal Cream,"2.0 mg Vaginal Cream, 30 g tube. Typical dosing: as directed by physician.","clorelin is a thyroid hormone medication classified under hormonal drugs.

Mechanism of Action: clorelin works by modulating biochemical pathways involved in the disease process.

Pharmacokinetics: Slowly absorbed after oral administration. Crosses the blood-brain barrier. Extensively metabolized in the liver via CYP450 enzymes, primarily CYP3A4. Prolonged half-life allowing once-daily dosing.

Contraindications: Hypersensitivity to the active substance or any of the excipients; Severe renal impairment; Severe hepatic impairment; Pregnancy and lactation.

Common Adverse Effects: Fatigue, Abdominal pain, Nausea, Vomiting, Pruritus, Dizziness, Rash.",,633
674,Lenavir,lenavir Phosphate,Allergan,Antiviral,Entry Inhibitor,78072-875-57,2232.67,Intravenous Solution,"25.0 mg/mL Intravenous Solution, 10 mL bottle. Typical dosing: three times daily.","lenavir belongs to the class of entry inhibitor agents within the antiviral category.

Mechanism of Action: lenavir works by binding to specific receptors in target tissues.

Pharmacokinetics: Bioavailability is approximately 60-80% after oral administration. Distribution limited primarily to the vascular compartment. Undergoes conjugation reactions in the liver. Eliminated primarily via renal excretion of unchanged drug.

Contraindications: Pregnancy and lactation; Severe hepatic impairment; Severe renal impairment.

Common Adverse Effects: Diarrhea, Fatigue, Abdominal pain, Rash, Pruritus, Dizziness, Vomiting.",,631
675,Mitaxel,mitaxel D,Merck,Anticancer,Alkylating Agent,94084-619-96,1000.14,Ophthalmic Solution,"0.5 % Ophthalmic Solution, 60 mL bottle. Typical dosing: twice daily.","mitaxel is indicated for therapeutic applications related to anticancer conditions.

Mechanism of Action: mitaxel works by binding to specific receptors in target tissues.

Pharmacokinetics: Subject to significant first-pass metabolism resulting in reduced bioavailability. Crosses the blood-brain barrier. Undergoes conjugation reactions in the liver. Short half-life of 2-4 hours requiring multiple daily dosing.

Contraindications: Hypersensitivity to the active substance or any of the excipients; Severe hepatic impairment; Severe renal impairment; Pregnancy and lactation.

Common Adverse Effects: Dizziness, Headache, Fatigue, Rash, Abdominal pain.",,414
676,Quzepam,quzepam HBr,Glenmark,Nutritional,Electrolyte,77089-522-54,62.07,Inhalation Powder,"5 mcg/dose Inhalation Powder, 30 doses per inhaler. Typical dosing: twice daily.","quzepam belongs to the class of electrolyte agents within the nutritional category.

Mechanism of Action: quzepam works by modulating biochemical pathways involved in the disease process.

Pharmacokinetics: Absorption is reduced when taken with food. Crosses the blood-brain barrier. Metabolism shows significant inter-individual variability. Prolonged half-life allowing once-daily dosing.

Contraindications: Pregnancy and lactation; Hypersensitivity to the active substance or any of the excipients; Severe hepatic impairment.

Common Adverse Effects: Abdominal pain, Diarrhea, Vomiting, Dizziness, Rash, Nausea.",,165
677,Azoxacin,azoxacin Sodium,Piramal Healthcare,Antiparasitic,Antimalarial,54727-510-91,25.74,Sublingual Tablet,"500 mg Sublingual Tablet, 14 Sublingual Tablets per bottle. Typical dosing: twice daily.","azoxacin is used in the treatment of conditions requiring antiparasitic therapy.

Mechanism of Action: azoxacin works by binding to specific receptors in target tissues.

Pharmacokinetics: Well absorbed through transdermal application. Crosses the blood-brain barrier. Extensively metabolized in the liver via CYP450 enzymes, primarily CYP3A4. Excreted in urine as metabolites.

Contraindications: Severe renal impairment; Severe hepatic impairment; Pregnancy and lactation.

Common Adverse Effects: Headache, Pruritus, Abdominal pain, Nausea.",,680
678,Rodone,rodone Calcium XR,Merck KGaA,Central Nervous System,Analgesic,33707-819-25,106.22,Topical Ointment,"25.0 mg/g Topical Ointment, 50 g tube. Typical dosing: twice daily.","rodone helps restore the balance of certain natural substances in the brain, improving mood, thoughts, and behavior.

Mechanism of Action: rodone works by inhibiting monoamine oxidase, increasing levels of monoamine neurotransmitters.

Pharmacokinetics: Well absorbed through transdermal application. Moderately protein-bound (approximately 60-80%). Subject to minimal metabolism, with most of the drug excreted unchanged. Eliminated primarily via renal excretion of unchanged drug.

Contraindications: Seizure disorders; Severe hepatic impairment; Pregnancy and lactation; Hypersensitivity to the active substance or any of the excipients; Angle-closure glaucoma.

Common Adverse Effects: Pruritus, Somnolence, Abdominal pain, Fatigue.",,467
679,Catate,catate IR,AstraZeneca,Gastrointestinal,Antiemetic,23448-470-89,169.48,Tablet,"10 mcg Tablet, 100 Tablets per bottle. Typical dosing: twice daily.","catate provides relief from symptoms associated with gastroesophageal reflux disease (GERD) and peptic ulcer disease.

Mechanism of Action: catate works by forming a protective barrier over inflamed areas in the gastrointestinal tract.

Pharmacokinetics: Absorption is pH-dependent, optimized in acidic environment. Low protein binding (<30%). Metabolized via non-CYP450 pathways. Terminal half-life of approximately 12-24 hours.

Contraindications: Gastrointestinal obstruction; Gastrointestinal perforation; Pregnancy and lactation; Hypersensitivity to the active substance or any of the excipients.

Common Adverse Effects: Diarrhea, Altered taste, Dizziness, Vomiting.",,462
680,Liphylline,liphylline Hydrochloride,Zydus Cadila,Respiratory,Bronchodilator,57300-200-70,118.7,Lozenges,"5 mg Lozenges, 30 units per package. Typical dosing: every 4-6 hours as needed.","liphylline is used for symptomatic relief of respiratory tract disorders characterized by congestion and inflammation.

Mechanism of Action: liphylline works by antagonizing histamine H1 receptors, reducing allergic responses.

Pharmacokinetics: Absorption is enhanced when taken with food. Crosses the blood-brain barrier. Metabolized via non-CYP450 pathways. Clearance is reduced in patients with renal impairment.

Contraindications: Untreated fungal infections of the respiratory tract; Severe renal impairment; Severe hepatic impairment; Hypersensitivity to the active substance or any of the excipients.

Common Adverse Effects: Nausea, Rash, Pharyngitis, Increased sputum production, Vomiting, Headache, Abdominal pain.",,467
681,Deazine,deazine,Intas Pharmaceuticals,Hormonal,Antithyroid,62336-318-15,53.4,Oral Solution,"100.0 mg/mL Oral Solution, 15 mL bottle. Typical dosing: as directed by physician.","deazine is used in the treatment of conditions requiring hormonal therapy.

Mechanism of Action: deazine works by inhibiting key enzymes in pathological processes.

Pharmacokinetics: Absorption is reduced when taken with food. Crosses the blood-brain barrier. Undergoes conjugation reactions in the liver. Clearance is reduced in patients with renal impairment.

Contraindications: Severe renal impairment; Pregnancy and lactation; Severe hepatic impairment; Hypersensitivity to the active substance or any of the excipients.

Common Adverse Effects: Vomiting, Abdominal pain, Dizziness, Nausea, Fatigue.",,490
682,Hyfibrate,hyfibrate XR,Intas Pharmaceuticals,Antiparasitic,Antiprotozoal,73987-279-55,24.4,Orally Disintegrating Tablet,"10 mg Orally Disintegrating Tablet, 28 Orally Disintegrating Tablets per bottle. Typical dosing: twice daily.","hyfibrate is used in the treatment of conditions requiring antiparasitic therapy.

Mechanism of Action: hyfibrate works by binding to specific receptors in target tissues.

Pharmacokinetics: Subject to significant first-pass metabolism resulting in reduced bioavailability. Highly protein-bound (approximately 90-95%). Metabolism shows significant inter-individual variability. Excreted in urine as metabolites.

Contraindications: Severe renal impairment; Hypersensitivity to the active substance or any of the excipients; Severe hepatic impairment.

Common Adverse Effects: Headache, Vomiting, Nausea, Fatigue, Abdominal pain, Diarrhea.",,680
683,Nacitabine,nacitabine,Biogen,Antiparasitic,Antimalarial,85102-754-20,72.46,Topical Gel,"10.0 % Topical Gel, 60 g tube. Typical dosing: three times daily.","nacitabine is indicated for therapeutic applications related to antiparasitic conditions.

Mechanism of Action: nacitabine works by modulating biochemical pathways involved in the disease process.

Pharmacokinetics: Absorption is enhanced when taken with food. Low protein binding (<30%). Metabolized to active metabolites that contribute to the therapeutic effect. Eliminated primarily via renal excretion of unchanged drug.

Contraindications: Severe hepatic impairment; Severe renal impairment; Hypersensitivity to the active substance or any of the excipients; Pregnancy and lactation.

Common Adverse Effects: Rash, Nausea, Abdominal pain, Headache, Pruritus, Vomiting.",,733
684,Disartan,Abbdisartan Sulfate,AbbVie,Dermatological,Corticosteroid,38892-197-52,36.08,Drops,"15.0 mg Drops, 30 units per package. Typical dosing: three times daily.","disartan is indicated for therapeutic applications related to dermatological conditions.

Mechanism of Action: disartan works by inhibiting key enzymes in pathological processes.

Pharmacokinetics: Subject to significant first-pass metabolism resulting in reduced bioavailability. Highly protein-bound (approximately 90-95%). Metabolized through multiple pathways with no single dominant route. Short half-life of 2-4 hours requiring multiple daily dosing.

Contraindications: Hypersensitivity to the active substance or any of the excipients; Severe hepatic impairment; Severe renal impairment; Pregnancy and lactation.

Common Adverse Effects: Fatigue, Diarrhea, Dizziness, Rash, Pruritus, Abdominal pain, Nausea.",,275
685,Zomicin,zomicin Maleate,Abbott Laboratories,Antibiotic,Sulfonamide,25823-595-96,123.34,Ophthalmic Ointment,"100 mg/g Ophthalmic Ointment, 50 g tube. Typical dosing: four times daily.","zomicin is indicated for the treatment of infections caused by susceptible strains of designated microorganisms.

Mechanism of Action: zomicin works by inhibiting DNA gyrase and topoisomerase IV, preventing bacterial DNA replication.

Pharmacokinetics: Rapidly absorbed from the gastrointestinal tract. Distribution limited primarily to the vascular compartment. Undergoes conjugation reactions in the liver. Prolonged half-life allowing once-daily dosing.

Contraindications: Severe renal impairment; Severe hepatic impairment; Pregnancy and lactation; Hypersensitivity to the active substance or any of the excipients.

Common Adverse Effects: Pruritus, Diarrhea, Vomiting, Dizziness, Headache, Antibiotic-associated diarrhea, Allergic reactions.",,510
686,Natriptyline,natriptyline,Abbott Laboratories,Central Nervous System,Benzodiazepine,17807-700-25,346.43,Inhalation Solution,"25 mcg/mL Inhalation Solution, 150 mL bottle. Typical dosing: at bedtime.","natriptyline is a benzodiazepine that acts on the central nervous system to treat conditions such as depression, anxiety, or seizures.

Mechanism of Action: natriptyline works by inhibiting the reuptake of serotonin and norepinephrine in the CNS.

Pharmacokinetics: Absorption is enhanced when taken with food. Does not significantly penetrate the blood-brain barrier. Undergoes conjugation reactions in the liver. Elimination rate depends on hepatic function.

Contraindications: Hypersensitivity to the active substance or any of the excipients; Recent myocardial infarction; Pregnancy and lactation; Suicidal ideation; Concomitant use of monoamine oxidase inhibitors.

Common Adverse Effects: Dizziness, Confusion, Vomiting, Insomnia.","CYP1A2,CYP2C19",448
687,Lolukast,lolukast,Pfizer,Musculoskeletal,Antigout,45842-878-60,99.21,Sublingual Tablet,"25 mg Sublingual Tablet, 28 Sublingual Tablets per bottle. Typical dosing: once daily.","lolukast is indicated for therapeutic applications related to musculoskeletal conditions.

Mechanism of Action: lolukast works by enhancing physiological defense mechanisms.

Pharmacokinetics: Absorption is enhanced when taken with food. Low protein binding (<30%). Metabolized to active metabolites that contribute to the therapeutic effect. Excreted in urine as metabolites.

Contraindications: Severe hepatic impairment; Hypersensitivity to the active substance or any of the excipients; Pregnancy and lactation; Severe renal impairment.

Common Adverse Effects: Headache, Diarrhea, Rash, Fatigue, Vomiting, Abdominal pain, Nausea.","SLCO1B1,BCHE,ABCB1",396
688,Lizolam,lizolam Sulfate,AbbVie,Central Nervous System,Antimigraine,92213-619-16,95.33,Rectal Suppository,"20.0 mg Rectal Suppository, 20 units per package. Typical dosing: at bedtime.","lizolam helps restore the balance of certain natural substances in the brain, improving mood, thoughts, and behavior.

Mechanism of Action: lizolam works by enhancing GABAergic neurotransmission, producing anxiolytic and sedative effects.

Pharmacokinetics: Bioavailability is approximately 60-80% after oral administration. Accumulates in adipose tissue due to lipophilic properties. Metabolized to active metabolites that contribute to the therapeutic effect. Prolonged half-life allowing once-daily dosing.

Contraindications: Severe renal impairment; Hypersensitivity to the active substance or any of the excipients; Concomitant use of monoamine oxidase inhibitors; Recent myocardial infarction; Severe hepatic impairment.

Common Adverse Effects: Pruritus, Abdominal pain, Depression, Somnolence, Rash.",,661
689,Tedipine,tedipine Sulfate IR,Allergan,Dermatological,Antibiotic,84183-878-94,81.01,Inhalation Solution,"25.0 mg/mL Inhalation Solution, 15 mL bottle. Typical dosing: as directed by physician.","tedipine is indicated for therapeutic applications related to dermatological conditions.

Mechanism of Action: tedipine works by counteracting pathological changes in tissue function.

Pharmacokinetics: Slowly absorbed after oral administration. Widely distributed throughout body tissues. Metabolized to active metabolites that contribute to the therapeutic effect. Eliminated primarily via renal excretion of unchanged drug.

Contraindications: Severe renal impairment; Severe hepatic impairment; Hypersensitivity to the active substance or any of the excipients; Pregnancy and lactation.

Common Adverse Effects: Rash, Diarrhea, Abdominal pain, Headache.",,190
690,Interol,interol,AstraZeneca,Respiratory,Decongestant,62168-941-28,50.7,Injection,"1000 mcg/mL Injection, 50 2 mL vials. Typical dosing: every 4-6 hours as needed.","interol helps reduce inflammation and bronchospasm in the airways, improving breathing in patients with respiratory conditions.

Mechanism of Action: interol works by blocking leukotriene receptors, reducing bronchial inflammation and constriction.

Pharmacokinetics: Absorption is enhanced when taken with food. Does not significantly penetrate the blood-brain barrier. Metabolized through multiple pathways with no single dominant route. Eliminated primarily via renal excretion of unchanged drug.

Contraindications: Untreated fungal infections of the respiratory tract; Pregnancy and lactation; Known hypersensitivity to adrenergic compounds.

Common Adverse Effects: Fatigue, Vomiting, Rash, Pharyngitis, Pruritus, Bronchospasm.",,436
691,Ceolol,ceolol HCl,Celgene,Nutritional,Mineral,56227-722-21,33.65,Nasal Spray,"25 mg/dose Nasal Spray, 10 mL bottle. Typical dosing: three times daily.","ceolol is a mineral medication classified under nutritional drugs.

Mechanism of Action: ceolol works by counteracting pathological changes in tissue function.

Pharmacokinetics: Subject to significant first-pass metabolism resulting in reduced bioavailability. Crosses the blood-brain barrier. Undergoes conjugation reactions in the liver. Eliminated primarily via renal excretion of unchanged drug.

Contraindications: Severe renal impairment; Severe hepatic impairment; Pregnancy and lactation; Hypersensitivity to the active substance or any of the excipients.

Common Adverse Effects: Fatigue, Nausea, Dizziness, Vomiting.",CFTR,565
692,Mizepam,mizepam Potassium HCT,Dr. Reddy's,Antiviral,Nucleoside Analog,62305-548-83,901.56,Topical Gel,"2.0 % Topical Gel, 100 g tube. Typical dosing: as directed by physician.","mizepam is used in the treatment of conditions requiring antiviral therapy.

Mechanism of Action: mizepam works by modulating biochemical pathways involved in the disease process.

Pharmacokinetics: Subject to significant first-pass metabolism resulting in reduced bioavailability. Distribution limited primarily to the vascular compartment. Metabolism shows significant inter-individual variability. Clearance is reduced in patients with renal impairment.

Contraindications: Hypersensitivity to the active substance or any of the excipients; Severe renal impairment; Pregnancy and lactation; Severe hepatic impairment.

Common Adverse Effects: Abdominal pain, Nausea, Pruritus, Fatigue, Vomiting, Diarrhea.",ABCB1,772
693,Broanide,Biobroanide,Biogen,Antiparasitic,Antiprotozoal,81423-706-74,181.79,Injection,"1000 mcg/mL Injection, 5 20 mL vials. Typical dosing: three times daily.","broanide belongs to the class of antiprotozoal agents within the antiparasitic category.

Mechanism of Action: broanide works by inhibiting key enzymes in pathological processes.

Pharmacokinetics: Slowly absorbed after oral administration. Accumulates in adipose tissue due to lipophilic properties. Metabolized through multiple pathways with no single dominant route. Excreted in urine as metabolites.

Contraindications: Severe renal impairment; Hypersensitivity to the active substance or any of the excipients; Pregnancy and lactation.

Common Adverse Effects: Fatigue, Vomiting, Dizziness, Headache.","CYP2D6,CYP2B6,UGT1A1",468
694,Azgliptin,Sanazgliptin Sulfate,Sanofi,Antiviral,CCR5 Antagonist,93155-808-48,682.15,Rectal Suppository,"10 mg Rectal Suppository, 100 units per package. Typical dosing: twice daily.","azgliptin is a ccr5 antagonist medication classified under antiviral drugs.

Mechanism of Action: azgliptin works by enhancing physiological defense mechanisms.

Pharmacokinetics: Bioavailability is approximately 60-80% after oral administration. Moderately protein-bound (approximately 60-80%). Metabolized through multiple pathways with no single dominant route. Eliminated primarily via renal excretion of unchanged drug.

Contraindications: Hypersensitivity to the active substance or any of the excipients; Severe renal impairment; Pregnancy and lactation; Severe hepatic impairment.

Common Adverse Effects: Pruritus, Abdominal pain, Diarrhea, Rash.",,431
695,Hetinib,hetinib IR,GlaxoSmithKline,Anticancer,Hormone Therapy,75858-513-15,1220.81,Dispersible Tablet,"10 mg Dispersible Tablet, 50 Dispersible Tablets per bottle. Typical dosing: twice daily.","hetinib is used in the treatment of conditions requiring anticancer therapy.

Mechanism of Action: hetinib works by counteracting pathological changes in tissue function.

Pharmacokinetics: Bioavailability is approximately 60-80% after oral administration. Does not significantly penetrate the blood-brain barrier. Undergoes conjugation reactions in the liver. Clearance is reduced in patients with renal impairment.

Contraindications: Pregnancy and lactation; Severe hepatic impairment; Severe renal impairment; Hypersensitivity to the active substance or any of the excipients.

Common Adverse Effects: Headache, Abdominal pain, Vomiting, Nausea, Rash.",,608
696,Mesemide,SI-mesemide,Serum Institute,Dermatological,Antipsoriatic,66613-890-22,142.32,Oral Suspension,"500 mcg/mL Oral Suspension, 15 mL bottle. Typical dosing: three times daily.","mesemide is used in the treatment of conditions requiring dermatological therapy.

Mechanism of Action: mesemide works by counteracting pathological changes in tissue function.

Pharmacokinetics: Slowly absorbed after oral administration. Distribution limited primarily to the vascular compartment. Metabolism shows significant inter-individual variability. Clearance is reduced in patients with renal impairment.

Contraindications: Hypersensitivity to the active substance or any of the excipients; Severe hepatic impairment; Severe renal impairment; Pregnancy and lactation.

Common Adverse Effects: Diarrhea, Abdominal pain, Rash, Fatigue, Dizziness.",,244
697,Vephylline,vephylline Sodium,Novartis,Nutritional,Amino Acid,44785-437-12,48.43,Lozenges,"100 mg Lozenges, 30 units per package. Typical dosing: three times daily.","vephylline is indicated for therapeutic applications related to nutritional conditions.

Mechanism of Action: vephylline works by modulating biochemical pathways involved in the disease process.

Pharmacokinetics: Subject to significant first-pass metabolism resulting in reduced bioavailability. Crosses the blood-brain barrier. Metabolized to active metabolites that contribute to the therapeutic effect. Clearance is reduced in patients with renal impairment.

Contraindications: Hypersensitivity to the active substance or any of the excipients; Pregnancy and lactation; Severe renal impairment; Severe hepatic impairment.

Common Adverse Effects: Abdominal pain, Vomiting, Dizziness, Rash, Nausea, Diarrhea.",,709
698,Cathiazide,cathiazide,Sun Pharmaceutical,Dermatological,Antiseptic,57538-498-89,68.93,Enteric-Coated Tablet,"15.0 mg Enteric-Coated Tablet, 20 Enteric-Coated Tablets per bottle. Typical dosing: once daily.","cathiazide belongs to the class of antiseptic agents within the dermatological category.

Mechanism of Action: cathiazide works by enhancing physiological defense mechanisms.

Pharmacokinetics: Well absorbed through transdermal application. Does not significantly penetrate the blood-brain barrier. Metabolism shows significant inter-individual variability. Eliminated primarily via renal excretion of unchanged drug.

Contraindications: Pregnancy and lactation; Severe hepatic impairment; Severe renal impairment.

Common Adverse Effects: Fatigue, Nausea, Diarrhea, Vomiting.",,589
699,Nazepam,nazepam Maleate,Celgene,Antiviral,Integrase Inhibitor,13045-513-89,873.3,Tablet,"150 mcg Tablet, 50 Tablets per bottle. Typical dosing: three times daily.","nazepam is a integrase inhibitor medication classified under antiviral drugs.

Mechanism of Action: nazepam works by counteracting pathological changes in tissue function.

Pharmacokinetics: Bioavailability is approximately 60-80% after oral administration. Low protein binding (<30%). Extensively metabolized in the liver via CYP450 enzymes, primarily CYP3A4. Terminal half-life of approximately 12-24 hours.

Contraindications: Severe renal impairment; Pregnancy and lactation; Hypersensitivity to the active substance or any of the excipients.

Common Adverse Effects: Abdominal pain, Fatigue, Pruritus, Vomiting.",,546
700,Rarubicin,NN-rarubicin HCl,Novo Nordisk,Musculoskeletal,Antirheumatic,81514-847-16,106.02,Dispersible Tablet,"100 mg Dispersible Tablet, 60 Dispersible Tablets per bottle. Typical dosing: twice daily.","rarubicin is used in the treatment of conditions requiring musculoskeletal therapy.

Mechanism of Action: rarubicin works by counteracting pathological changes in tissue function.

Pharmacokinetics: Slowly absorbed after oral administration. Low protein binding (<30%). Undergoes conjugation reactions in the liver. Eliminated primarily via renal excretion of unchanged drug.

Contraindications: Severe hepatic impairment; Severe renal impairment; Pregnancy and lactation; Hypersensitivity to the active substance or any of the excipients.

Common Adverse Effects: Abdominal pain, Rash, Nausea, Headache, Fatigue, Vomiting.",,502
701,Dipril,dipril,AbbVie,Immunological,Immunostimulant,75728-602-10,294.86,Capsule,"50 mg Capsule, 50 Capsules per bottle. Typical dosing: three times daily.","dipril is indicated for therapeutic applications related to immunological conditions.

Mechanism of Action: dipril works by modulating biochemical pathways involved in the disease process.

Pharmacokinetics: Absorption is enhanced when taken with food. Accumulates in adipose tissue due to lipophilic properties. Extensively metabolized in the liver via CYP450 enzymes, primarily CYP3A4. Prolonged half-life allowing once-daily dosing.

Contraindications: Hypersensitivity to the active substance or any of the excipients; Severe hepatic impairment; Pregnancy and lactation; Severe renal impairment.

Common Adverse Effects: Diarrhea, Rash, Headache, Pruritus, Abdominal pain, Nausea.",,311
702,Palizid,palizid CR,Merck KGaA,Ophthalmological,Lubricant,69696-844-53,116.56,Drops,"200 mg Drops, 50 units per package. Typical dosing: three times daily.","palizid is indicated for therapeutic applications related to ophthalmological conditions.

Mechanism of Action: palizid works by inhibiting key enzymes in pathological processes.

Pharmacokinetics: Absorption is enhanced when taken with food. Distribution limited primarily to the vascular compartment. Metabolized to active metabolites that contribute to the therapeutic effect. Eliminated through both renal and biliary routes.

Contraindications: Severe renal impairment; Pregnancy and lactation; Severe hepatic impairment.

Common Adverse Effects: Dizziness, Diarrhea, Fatigue, Nausea.",,400
703,Cadone,cadone Forte,Torrent Pharmaceuticals,Central Nervous System,SSRI,22452-112-77,142.17,Inhalation Solution,"100.0 mg/mL Inhalation Solution, 10 mL bottle. Typical dosing: as needed for pain.","cadone is a ssri that acts on the central nervous system to treat conditions such as depression, anxiety, or seizures.

Mechanism of Action: cadone works by enhancing GABAergic neurotransmission, producing anxiolytic and sedative effects.

Pharmacokinetics: Absorption is enhanced when taken with food. Accumulates in adipose tissue due to lipophilic properties. Subject to minimal metabolism, with most of the drug excreted unchanged. Terminal half-life of approximately 12-24 hours.

Contraindications: Severe renal impairment; Angle-closure glaucoma; Severe hepatic impairment; Hypersensitivity to the active substance or any of the excipients.

Common Adverse Effects: Anxiety, Diarrhea, Insomnia, Headache, Tremor.",,867
704,Esxaban,Bayesxaban Potassium,Bayer,Cardiovascular,Antihypertensive,69857-877-62,190.58,Injection,"5.0 mg/mL Injection, 5 1 mL vials. Typical dosing: twice daily.","esxaban is indicated for the treatment of hypertension, either alone or in combination with other antihypertensive agents.

Mechanism of Action: esxaban works by selectively blocking beta-adrenergic receptors, reducing the effects of epinephrine.

Pharmacokinetics: Absorption is reduced when taken with food. Does not significantly penetrate the blood-brain barrier. Extensively metabolized in the liver via CYP450 enzymes, primarily CYP3A4. Prolonged half-life allowing once-daily dosing.

Contraindications: Bilateral renal artery stenosis; Severe renal impairment; Second or third-degree heart block.

Common Adverse Effects: Bradycardia, Syncope, Diarrhea, Headache.","CFTR,OPRM1,ABCG2",803
705,Liprazole,TP-liprazole,Teva Pharmaceutical,Antiviral,Integrase Inhibitor,42015-337-66,846.94,Powder for Reconstitution,"500 mg Powder for Reconstitution, 100 units per package. Typical dosing: twice daily.","liprazole belongs to the class of integrase inhibitor agents within the antiviral category.

Mechanism of Action: liprazole works by enhancing physiological defense mechanisms.

Pharmacokinetics: Slowly absorbed after oral administration. Does not significantly penetrate the blood-brain barrier. Metabolized via non-CYP450 pathways. Elimination rate depends on hepatic function.

Contraindications: Severe renal impairment; Pregnancy and lactation; Hypersensitivity to the active substance or any of the excipients; Severe hepatic impairment.

Common Adverse Effects: Dizziness, Vomiting, Rash, Fatigue, Nausea.",,767
706,Doprazole,doprazole Potassium HCl,GlaxoSmithKline,Musculoskeletal,Antigout,74030-619-90,39.76,Orally Disintegrating Tablet,"200 mg Orally Disintegrating Tablet, 20 Orally Disintegrating Tablets per bottle. Typical dosing: three times daily.","doprazole belongs to the class of antigout agents within the musculoskeletal category.

Mechanism of Action: doprazole works by modulating biochemical pathways involved in the disease process.

Pharmacokinetics: Rapidly absorbed from the gastrointestinal tract. Accumulates in adipose tissue due to lipophilic properties. Undergoes conjugation reactions in the liver. Excreted in urine as metabolites.

Contraindications: Hypersensitivity to the active substance or any of the excipients; Severe renal impairment; Pregnancy and lactation; Severe hepatic impairment.

Common Adverse Effects: Rash, Nausea, Diarrhea, Pruritus, Abdominal pain, Headache, Dizziness.","NAT2,SLCO1B1,DPYD",543
707,Dolizid,EL-dolizid,Eli Lilly,Musculoskeletal,Bisphosphonate,21696-700-21,144.5,Film-Coated Tablet,"25 mg Film-Coated Tablet, 10 Film-Coated Tablets per bottle. Typical dosing: three times daily.","dolizid is a bisphosphonate medication classified under musculoskeletal drugs.

Mechanism of Action: dolizid works by binding to specific receptors in target tissues.

Pharmacokinetics: Well absorbed through transdermal application. Distribution limited primarily to the vascular compartment. Metabolized through multiple pathways with no single dominant route. Short half-life of 2-4 hours requiring multiple daily dosing.

Contraindications: Hypersensitivity to the active substance or any of the excipients; Severe hepatic impairment; Severe renal impairment.

Common Adverse Effects: Vomiting, Headache, Diarrhea, Dizziness, Abdominal pain, Pruritus.",,536
708,Quglitazone,quglitazone,Novo Nordisk,Anticancer,Alkylating Agent,11027-859-96,1131.42,Vaginal Tablet,"10 mg Vaginal Tablet, 50 Vaginal Tablets per bottle. Typical dosing: once daily.","quglitazone is used in the treatment of conditions requiring anticancer therapy.

Mechanism of Action: quglitazone works by binding to specific receptors in target tissues.

Pharmacokinetics: Well absorbed through transdermal application. Crosses the blood-brain barrier. Metabolized through multiple pathways with no single dominant route. Excreted in urine as metabolites.

Contraindications: Severe renal impairment; Severe hepatic impairment; Pregnancy and lactation.

Common Adverse Effects: Abdominal pain, Rash, Pruritus, Diarrhea.",,307
709,Todipine,todipine,Johnson & Johnson,Otological,Anti-Infective,54179-568-71,53.57,Orally Disintegrating Tablet,"20 mg Orally Disintegrating Tablet, 100 Orally Disintegrating Tablets per bottle. Typical dosing: twice daily.","todipine is a anti-infective medication classified under otological drugs.

Mechanism of Action: todipine works by binding to specific receptors in target tissues.

Pharmacokinetics: Bioavailability is approximately 60-80% after oral administration. Moderately protein-bound (approximately 60-80%). Metabolized via non-CYP450 pathways. Eliminated primarily via renal excretion of unchanged drug.

Contraindications: Pregnancy and lactation; Severe renal impairment; Severe hepatic impairment.

Common Adverse Effects: Nausea, Vomiting, Abdominal pain, Diarrhea, Rash, Fatigue, Dizziness.",G6PD,493
710,Acsetron,SP-acsetron Phosphate,Strides Pharma,Gastrointestinal,Prokinetic,77626-416-16,73.44,Effervescent Tablet,"40 mg Effervescent Tablet, 180 Effervescent Tablets per bottle. Typical dosing: three times daily.","acsetron helps manage symptoms and promote healing in patients with inflammatory bowel conditions.

Mechanism of Action: acsetron works by stimulating gastrointestinal motility through acetylcholine-like effects.

Pharmacokinetics: Bioavailability is approximately 60-80% after oral administration. Crosses the blood-brain barrier. Metabolized via non-CYP450 pathways. Terminal half-life of approximately 12-24 hours.

Contraindications: Severe hepatic impairment; Gastrointestinal obstruction; Inflammatory bowel disease in acute phase; Hypersensitivity to the active substance or any of the excipients; Gastrointestinal perforation.

Common Adverse Effects: Diarrhea, Pruritus, Increased appetite, Headache, Dry mouth, Abdominal pain.",,691
711,Fluracil,Glefluracil Potassium,Glenmark,Dermatological,Antibiotic,59899-494-25,120.8,Effervescent Tablet,"10.0 mg Effervescent Tablet, 180 Effervescent Tablets per bottle. Typical dosing: three times daily.","fluracil is indicated for therapeutic applications related to dermatological conditions.

Mechanism of Action: fluracil works by enhancing physiological defense mechanisms.

Pharmacokinetics: Bioavailability is approximately 60-80% after oral administration. Widely distributed throughout body tissues. Metabolized via non-CYP450 pathways. Prolonged half-life allowing once-daily dosing.

Contraindications: Severe hepatic impairment; Hypersensitivity to the active substance or any of the excipients; Pregnancy and lactation.

Common Adverse Effects: Dizziness, Headache, Fatigue, Diarrhea, Abdominal pain, Nausea.",,585
712,Mioxacin,TP-mioxacin Maleate,Teva Pharmaceutical,Antiparasitic,Antimalarial,80539-438-98,50.56,Sublingual Tablet,"25 mg Sublingual Tablet, 14 Sublingual Tablets per bottle. Typical dosing: three times daily.","mioxacin is a antimalarial medication classified under antiparasitic drugs.

Mechanism of Action: mioxacin works by inhibiting key enzymes in pathological processes.

Pharmacokinetics: Absorption is pH-dependent, optimized in acidic environment. Low protein binding (<30%). Undergoes conjugation reactions in the liver. Eliminated primarily via renal excretion of unchanged drug.

Contraindications: Severe hepatic impairment; Hypersensitivity to the active substance or any of the excipients; Severe renal impairment; Pregnancy and lactation.

Common Adverse Effects: Vomiting, Nausea, Abdominal pain, Rash.",,395
713,Intropin,intropin Calcium HBr,Bayer,Hormonal,Corticosteroid,69084-664-45,195.22,Vaginal Cream,"0.25 mg Vaginal Cream, 30 g tube. Typical dosing: as directed by physician.","intropin belongs to the class of corticosteroid agents within the hormonal category.

Mechanism of Action: intropin works by binding to specific receptors in target tissues.

Pharmacokinetics: Absorption is pH-dependent, optimized in acidic environment. Widely distributed throughout body tissues. Metabolism shows significant inter-individual variability. Clearance is reduced in patients with renal impairment.

Contraindications: Severe hepatic impairment; Severe renal impairment; Hypersensitivity to the active substance or any of the excipients.

Common Adverse Effects: Diarrhea, Nausea, Abdominal pain, Fatigue, Dizziness, Rash, Pruritus.","CYP1A2,NAT2",334
714,Estoin,estoin,Lupin,Antidiabetic,Biguanide,88932-832-64,68.23,Powder for Reconstitution,"15.0 mg Powder for Reconstitution, 100 units per package. Typical dosing: twice daily.","estoin is indicated as an adjunct to diet and exercise to improve glycemic control in adults with type 2 diabetes.

Mechanism of Action: estoin works by enhancing incretin effect by inhibiting dipeptidyl peptidase-4 (DPP-4).

Pharmacokinetics: Bioavailability is approximately 60-80% after oral administration. Distribution limited primarily to the vascular compartment. Metabolism shows significant inter-individual variability. Prolonged half-life allowing once-daily dosing.

Contraindications: Acute or chronic metabolic acidosis; Severe hepatic impairment; Severe renal impairment; Severe renal impairment (GFR < 30 mL/min).

Common Adverse Effects: Diarrhea, Fatigue, Headache, Rash, Vomiting, Pruritus, Dizziness.","MTHFR,HLA-B*1502,G6PD",537
715,Abplatin,Celabplatin,Celgene,Anticancer,Immunotherapy,14740-989-18,1543.55,Topical Cream,"20 mg/g Topical Cream, 45 g tube. Typical dosing: twice daily.","abplatin is indicated for therapeutic applications related to anticancer conditions.

Mechanism of Action: abplatin works by modulating biochemical pathways involved in the disease process.

Pharmacokinetics: Bioavailability is approximately 60-80% after oral administration. Low protein binding (<30%). Primarily metabolized by CYP2D6 with genetic polymorphisms affecting rate of metabolism. Eliminated through both renal and biliary routes.

Contraindications: Hypersensitivity to the active substance or any of the excipients; Severe hepatic impairment; Severe renal impairment; Pregnancy and lactation.

Common Adverse Effects: Fatigue, Nausea, Rash, Abdominal pain, Dizziness, Pruritus.",,557
716,Brociclovir,DR-brociclovir,Dr. Reddy's,Antiviral,Nucleoside Analog,41857-247-17,244.99,Oral Solution,"25 mcg/mL Oral Solution, 15 mL bottle. Typical dosing: twice daily.","brociclovir is indicated for therapeutic applications related to antiviral conditions.

Mechanism of Action: brociclovir works by binding to specific receptors in target tissues.

Pharmacokinetics: Absorption is reduced when taken with food. Crosses the blood-brain barrier. Metabolized via non-CYP450 pathways. Short half-life of 2-4 hours requiring multiple daily dosing.

Contraindications: Severe hepatic impairment; Hypersensitivity to the active substance or any of the excipients; Pregnancy and lactation; Severe renal impairment.

Common Adverse Effects: Fatigue, Pruritus, Rash, Headache, Abdominal pain, Diarrhea, Nausea.",,587
717,Tizepam,J&J-tizepam Citrate,Johnson & Johnson,Antidiabetic,GLP-1 Receptor Agonist,16201-845-40,172.63,Ophthalmic Ointment,"25.0 mg/g Ophthalmic Ointment, 20 g tube. Typical dosing: with meals.","tizepam improves insulin sensitivity and reduces hepatic glucose production, leading to better glycemic control.

Mechanism of Action: tizepam works by stimulating insulin release from pancreatic beta cells.

Pharmacokinetics: Rapidly absorbed from the gastrointestinal tract. Widely distributed throughout body tissues. Metabolized to active metabolites that contribute to the therapeutic effect. Eliminated primarily via renal excretion of unchanged drug.

Contraindications: Severe renal impairment; Diabetic ketoacidosis; Severe hepatic impairment.

Common Adverse Effects: Peripheral edema, Diarrhea, Nausea, Headache, Fatigue, Genital mycotic infections, Lactic acidosis.",,286
718,Cizosin,cizosin,Biogen,Dermatological,Antibiotic,96138-700-30,52.1,Enteric-Coated Tablet,"15.0 mg Enteric-Coated Tablet, 60 Enteric-Coated Tablets per bottle. Typical dosing: once daily.","cizosin belongs to the class of antibiotic agents within the dermatological category.

Mechanism of Action: cizosin works by inhibiting key enzymes in pathological processes.

Pharmacokinetics: Bioavailability is approximately 60-80% after oral administration. Accumulates in adipose tissue due to lipophilic properties. Extensively metabolized in the liver via CYP450 enzymes, primarily CYP3A4. Eliminated through both renal and biliary routes.

Contraindications: Pregnancy and lactation; Hypersensitivity to the active substance or any of the excipients; Severe hepatic impairment.

Common Adverse Effects: Vomiting, Dizziness, Fatigue, Pruritus, Headache.",,454
719,Mianide,Cipmianide,Cipla,Antiviral,CCR5 Antagonist,83025-462-15,272.26,Vaginal Cream,"200 mg Vaginal Cream, 60 g tube. Typical dosing: as directed by physician.","mianide belongs to the class of ccr5 antagonist agents within the antiviral category.

Mechanism of Action: mianide works by binding to specific receptors in target tissues.

Pharmacokinetics: Bioavailability is approximately 60-80% after oral administration. Highly protein-bound (approximately 90-95%). Undergoes conjugation reactions in the liver. Elimination rate depends on hepatic function.

Contraindications: Pregnancy and lactation; Hypersensitivity to the active substance or any of the excipients; Severe hepatic impairment; Severe renal impairment.

Common Adverse Effects: Fatigue, Dizziness, Diarrhea, Abdominal pain.",,456
720,Bromab,bromab,Merck KGaA,Anticancer,Antimetabolite,70619-961-49,1507.05,Topical Ointment,"500 mg/g Topical Ointment, 45 g tube. Typical dosing: once daily.","bromab is a antimetabolite medication classified under anticancer drugs.

Mechanism of Action: bromab works by inhibiting key enzymes in pathological processes.

Pharmacokinetics: Absorption is reduced when taken with food. Moderately protein-bound (approximately 60-80%). Metabolized to active metabolites that contribute to the therapeutic effect. Elimination rate depends on hepatic function.

Contraindications: Pregnancy and lactation; Severe renal impairment; Severe hepatic impairment; Hypersensitivity to the active substance or any of the excipients.

Common Adverse Effects: Pruritus, Fatigue, Rash, Vomiting.",,569
721,Enzosin,NN-enzosin Plus,Novo Nordisk,Hormonal,Antithyroid,59750-102-64,54.72,Oral Suspension,"2.0 mg/mL Oral Suspension, 150 mL bottle. Typical dosing: twice daily.","enzosin is indicated for therapeutic applications related to hormonal conditions.

Mechanism of Action: enzosin works by modulating biochemical pathways involved in the disease process.

Pharmacokinetics: Slowly absorbed after oral administration. Does not significantly penetrate the blood-brain barrier. Primarily metabolized by CYP2D6 with genetic polymorphisms affecting rate of metabolism. Prolonged half-life allowing once-daily dosing.

Contraindications: Severe renal impairment; Severe hepatic impairment; Pregnancy and lactation; Hypersensitivity to the active substance or any of the excipients.

Common Adverse Effects: Abdominal pain, Nausea, Dizziness, Diarrhea, Pruritus, Vomiting.","BCHE,OPRM1",199
722,Sioxacin,sioxacin,Bristol-Myers Squibb,Antiviral,Fusion Inhibitor,26988-229-53,227.13,Tablet,"0.5 g Tablet, 50 Tablets per bottle. Typical dosing: twice daily.","sioxacin is a fusion inhibitor medication classified under antiviral drugs.

Mechanism of Action: sioxacin works by enhancing physiological defense mechanisms.

Pharmacokinetics: Bioavailability is approximately 60-80% after oral administration. Does not significantly penetrate the blood-brain barrier. Metabolized via non-CYP450 pathways. Eliminated through both renal and biliary routes.

Contraindications: Severe hepatic impairment; Severe renal impairment; Pregnancy and lactation.

Common Adverse Effects: Diarrhea, Fatigue, Headache, Pruritus, Dizziness, Abdominal pain.",,553
723,Kemicin,Takkemicin Sulfate,Takeda,Antibiotic,Glycopeptide,97034-355-60,56.12,Otic Solution,"0.1 % Otic Solution, 10 mL bottle. Typical dosing: three times daily.","kemicin is a glycopeptide antibiotic that inhibits bacterial cell wall synthesis, effective against both gram-positive and gram-negative organisms.

Mechanism of Action: kemicin works by interfering with bacterial folate synthesis, inhibiting DNA and RNA production.

Pharmacokinetics: Absorption is enhanced when taken with food. Widely distributed throughout body tissues. Metabolized to active metabolites that contribute to the therapeutic effect. Prolonged half-life allowing once-daily dosing.

Contraindications: Pregnancy and lactation; Hypersensitivity to the active substance or any of the excipients; History of antibiotic-associated colitis.

Common Adverse Effects: Allergic reactions, Fatigue, QT interval prolongation, Abdominal pain.",OPRM1,542
724,Vaolol,vaolol Citrate,Torrent Pharmaceuticals,Antibiotic,Quinolone,97984-472-16,54.91,Intravenous Solution,"5 mcg/mL Intravenous Solution, 240 mL bottle. Typical dosing: three times daily.","vaolol is a broad-spectrum antibiotic used to treat various bacterial infections throughout the body.

Mechanism of Action: vaolol works by disrupting bacterial cell membrane integrity, leading to cell death.

Pharmacokinetics: Slowly absorbed after oral administration. Low protein binding (<30%). Metabolized to active metabolites that contribute to the therapeutic effect. Clearance is reduced in patients with renal impairment.

Contraindications: Myasthenia gravis (for certain antibiotic classes); Hypersensitivity to the active substance or any of the excipients; Known bacterial resistance; Severe hepatic impairment.

Common Adverse Effects: Diarrhea, Antibiotic-associated diarrhea, Abdominal pain, Fatigue, Vomiting.",,350
725,Gavir,gavir,Abbott Laboratories,Dermatological,Antifungal,87163-880-32,21.59,Capsule,"1.0 mg Capsule, 28 Capsules per bottle. Typical dosing: once daily.","gavir is a antifungal medication classified under dermatological drugs.

Mechanism of Action: gavir works by binding to specific receptors in target tissues.

Pharmacokinetics: Rapidly absorbed from the gastrointestinal tract. Widely distributed throughout body tissues. Extensively metabolized in the liver via CYP450 enzymes, primarily CYP3A4. Clearance is reduced in patients with renal impairment.

Contraindications: Hypersensitivity to the active substance or any of the excipients; Severe renal impairment; Pregnancy and lactation; Severe hepatic impairment.

Common Adverse Effects: Vomiting, Dizziness, Fatigue, Nausea, Abdominal pain, Diarrhea, Pruritus.",,123
726,Replatin,replatin HBr,Zydus Cadila,Musculoskeletal,Bisphosphonate,80513-640-71,152.39,Capsule,"500 mg Capsule, 120 Capsules per bottle. Typical dosing: as directed by physician.","replatin is indicated for therapeutic applications related to musculoskeletal conditions.

Mechanism of Action: replatin works by binding to specific receptors in target tissues.

Pharmacokinetics: Well absorbed through transdermal application. Widely distributed throughout body tissues. Undergoes conjugation reactions in the liver. Eliminated primarily via renal excretion of unchanged drug.

Contraindications: Pregnancy and lactation; Hypersensitivity to the active substance or any of the excipients; Severe renal impairment; Severe hepatic impairment.

Common Adverse Effects: Diarrhea, Headache, Dizziness, Rash.",,338
727,Desetron,Astdesetron,AstraZeneca,Gastrointestinal,Antiemetic,54822-470-50,316.64,Intravenous Solution,"10 mcg/mL Intravenous Solution, 150 mL bottle. Typical dosing: as directed by physician.","desetron is indicated for the treatment of various gastrointestinal motility disorders and functional gastrointestinal syndromes.

Mechanism of Action: desetron works by stimulating gastrointestinal motility through acetylcholine-like effects.

Pharmacokinetics: Rapidly absorbed from the gastrointestinal tract. Widely distributed throughout body tissues. Primarily metabolized by CYP2D6 with genetic polymorphisms affecting rate of metabolism. Eliminated primarily via renal excretion of unchanged drug.

Contraindications: Gastrointestinal obstruction; Gastrointestinal perforation; Severe renal impairment.

Common Adverse Effects: Dry mouth, Pruritus, Diarrhea, Constipation.",IFNL3,333
728,Gedipine,gedipine Plus,Baxter International,Immunological,Immunosuppressant,25745-931-86,535.1,Ophthalmic Solution,"10.0 % Ophthalmic Solution, 240 mL bottle. Typical dosing: twice daily.","gedipine is a immunosuppressant medication classified under immunological drugs.

Mechanism of Action: gedipine works by inhibiting key enzymes in pathological processes.

Pharmacokinetics: Absorption is enhanced when taken with food. Does not significantly penetrate the blood-brain barrier. Extensively metabolized in the liver via CYP450 enzymes, primarily CYP3A4. Elimination rate depends on hepatic function.

Contraindications: Severe hepatic impairment; Pregnancy and lactation; Hypersensitivity to the active substance or any of the excipients.

Common Adverse Effects: Fatigue, Headache, Nausea, Dizziness, Vomiting, Pruritus, Abdominal pain.",,607
729,Cloplatin,cloplatin,Merck KGaA,Antidiabetic,SGLT2 Inhibitor,72806-610-96,175.08,Tablet,"2.0 g Tablet, 20 Tablets per bottle. Typical dosing: twice daily.","cloplatin improves insulin sensitivity and reduces hepatic glucose production, leading to better glycemic control.

Mechanism of Action: cloplatin works by inhibiting sodium-glucose cotransporter 2 (SGLT2) in the kidneys, increasing urinary glucose excretion.

Pharmacokinetics: Absorption is enhanced when taken with food. Highly protein-bound (approximately 90-95%). Metabolized through multiple pathways with no single dominant route. Eliminated through both renal and biliary routes.

Contraindications: Pregnancy and lactation; Severe renal impairment (GFR < 30 mL/min); Hypersensitivity to the active substance or any of the excipients.

Common Adverse Effects: Lactic acidosis, Vomiting, Hypoglycemia, Genital mycotic infections, Weight gain, Dizziness, Peripheral edema.",,288
730,Bepride,bepride,Allergan,Gastrointestinal,H2 Antagonist,67708-782-64,102.26,Chewable Tablet,"15 mg Chewable Tablet, 120 Chewable Tablets per bottle. Typical dosing: twice daily.","bepride is indicated for the treatment of various gastrointestinal motility disorders and functional gastrointestinal syndromes.

Mechanism of Action: bepride works by antagonizing histamine H2 receptors in gastric parietal cells, reducing acid secretion.

Pharmacokinetics: Absorption is reduced when taken with food. Does not significantly penetrate the blood-brain barrier. Extensively metabolized in the liver via CYP450 enzymes, primarily CYP3A4. Excreted in urine as metabolites.

Contraindications: Gastrointestinal perforation; Pregnancy and lactation; Inflammatory bowel disease in acute phase.

Common Adverse Effects: Altered taste, Increased appetite, Dry mouth, Flatulence, Headache.",G6PD,374
731,Rorelin,rorelin D,Eli Lilly,Hormonal,Antithyroid,19486-335-77,132.11,Injection,"10 mcg/mL Injection, 5 20 mL vials. Typical dosing: as directed by physician.","rorelin is indicated for therapeutic applications related to hormonal conditions.

Mechanism of Action: rorelin works by counteracting pathological changes in tissue function.

Pharmacokinetics: Rapidly absorbed from the gastrointestinal tract. Moderately protein-bound (approximately 60-80%). Extensively metabolized in the liver via CYP450 enzymes, primarily CYP3A4. Elimination rate depends on hepatic function.

Contraindications: Severe renal impairment; Severe hepatic impairment; Pregnancy and lactation.

Common Adverse Effects: Pruritus, Headache, Diarrhea, Nausea, Fatigue.","ABCB1,CYP2C9,VKORC1",590
732,Abtaxel,abtaxel Hydrochloride Oral,Alembic Pharmaceuticals,Anticancer,Alkylating Agent,88211-405-51,668.97,Topical Cream,"200 mg/g Topical Cream, 5 g tube. Typical dosing: once daily.","abtaxel is indicated for therapeutic applications related to anticancer conditions.

Mechanism of Action: abtaxel works by modulating biochemical pathways involved in the disease process.

Pharmacokinetics: Slowly absorbed after oral administration. Accumulates in adipose tissue due to lipophilic properties. Subject to minimal metabolism, with most of the drug excreted unchanged. Clearance is reduced in patients with renal impairment.

Contraindications: Severe renal impairment; Pregnancy and lactation; Hypersensitivity to the active substance or any of the excipients.

Common Adverse Effects: Fatigue, Diarrhea, Headache, Vomiting, Pruritus, Nausea.",,692
733,Naglitazone,naglitazone,Allergan,Anticancer,Hormone Therapy,29066-431-43,422.8,Topical Cream,"0.025 % Topical Cream, 60 g tube. Typical dosing: twice daily.","naglitazone is used in the treatment of conditions requiring anticancer therapy.

Mechanism of Action: naglitazone works by binding to specific receptors in target tissues.

Pharmacokinetics: Subject to significant first-pass metabolism resulting in reduced bioavailability. Highly protein-bound (approximately 90-95%). Extensively metabolized in the liver via CYP450 enzymes, primarily CYP3A4. Prolonged half-life allowing once-daily dosing.

Contraindications: Pregnancy and lactation; Severe hepatic impairment; Hypersensitivity to the active substance or any of the excipients; Severe renal impairment.

Common Adverse Effects: Abdominal pain, Diarrhea, Dizziness, Headache, Nausea.",,660
734,Ditinib,ditinib CR,Merck KGaA,Anticancer,Plant Alkaloid,61507-832-44,1617.63,Dispersible Tablet,"25 mg Dispersible Tablet, 90 Dispersible Tablets per bottle. Typical dosing: three times daily.","ditinib is used in the treatment of conditions requiring anticancer therapy.

Mechanism of Action: ditinib works by enhancing physiological defense mechanisms.

Pharmacokinetics: Subject to significant first-pass metabolism resulting in reduced bioavailability. Distribution limited primarily to the vascular compartment. Metabolized to active metabolites that contribute to the therapeutic effect. Elimination rate depends on hepatic function.

Contraindications: Severe renal impairment; Severe hepatic impairment; Pregnancy and lactation.

Common Adverse Effects: Diarrhea, Dizziness, Abdominal pain, Nausea.","CYP3A4,CYP2E1",593
735,Rephylline,Rocrephylline SR,Roche,Immunological,Immunosuppressant,20743-369-75,295.73,Chewable Tablet,"10 mg Chewable Tablet, 10 Chewable Tablets per bottle. Typical dosing: as directed by physician.","rephylline is indicated for therapeutic applications related to immunological conditions.

Mechanism of Action: rephylline works by modulating biochemical pathways involved in the disease process.

Pharmacokinetics: Absorption is reduced when taken with food. Does not significantly penetrate the blood-brain barrier. Metabolized to active metabolites that contribute to the therapeutic effect. Terminal half-life of approximately 12-24 hours.

Contraindications: Hypersensitivity to the active substance or any of the excipients; Pregnancy and lactation; Severe renal impairment; Severe hepatic impairment.

Common Adverse Effects: Diarrhea, Pruritus, Vomiting, Fatigue, Abdominal pain, Rash.",,361
736,Vazolam,vazolam Potassium XR,Glenmark,Musculoskeletal,Bisphosphonate,50220-966-83,44.18,Injection,"50.0 mg/mL Injection, 10 2 mL vials. Typical dosing: as directed by physician.","vazolam is a bisphosphonate medication classified under musculoskeletal drugs.

Mechanism of Action: vazolam works by enhancing physiological defense mechanisms.

Pharmacokinetics: Well absorbed through transdermal application. Distribution limited primarily to the vascular compartment. Metabolized through multiple pathways with no single dominant route. Eliminated through both renal and biliary routes.

Contraindications: Hypersensitivity to the active substance or any of the excipients; Severe hepatic impairment; Pregnancy and lactation.

Common Adverse Effects: Diarrhea, Abdominal pain, Rash, Vomiting, Nausea, Dizziness.","IFNL3,ABCG2,HLA-B*1502",524
737,Stavatib,stavatib Sulfate,Takeda,Hormonal,Antithyroid,14697-101-46,191.49,Enteric-Coated Tablet,"0.125 mg Enteric-Coated Tablet, 10 Enteric-Coated Tablets per bottle. Typical dosing: once daily.","stavatib belongs to the class of antithyroid agents within the hormonal category.

Mechanism of Action: stavatib works by counteracting pathological changes in tissue function.

Pharmacokinetics: Slowly absorbed after oral administration. Distribution limited primarily to the vascular compartment. Metabolized to active metabolites that contribute to the therapeutic effect. Eliminated through both renal and biliary routes.

Contraindications: Severe renal impairment; Pregnancy and lactation; Hypersensitivity to the active substance or any of the excipients; Severe hepatic impairment.

Common Adverse Effects: Vomiting, Diarrhea, Pruritus, Nausea, Abdominal pain.",,637
738,Liphylline,liphylline HCT,Allergan,Ophthalmological,Lubricant,82304-725-20,197.8,Inhalation Powder,"10 mg/dose Inhalation Powder, 90 doses per inhaler. Typical dosing: as directed by physician.","liphylline is used in the treatment of conditions requiring ophthalmological therapy.

Mechanism of Action: liphylline works by enhancing physiological defense mechanisms.

Pharmacokinetics: Absorption is enhanced when taken with food. Does not significantly penetrate the blood-brain barrier. Metabolized to active metabolites that contribute to the therapeutic effect. Excreted in urine as metabolites.

Contraindications: Severe hepatic impairment; Severe renal impairment; Pregnancy and lactation.

Common Adverse Effects: Abdominal pain, Rash, Headache, Fatigue.",VKORC1,425
739,Bromycin,MP-bromycin CR,Mankind Pharma,Antibiotic,Aminoglycoside,61649-183-92,35.54,Extended-Release Tablet,"150 mcg Extended-Release Tablet, 180 Extended-Release Tablets per bottle. Typical dosing: four times daily.","bromycin is indicated for the treatment of infections caused by susceptible strains of designated microorganisms.

Mechanism of Action: bromycin works by disrupting bacterial cell membrane integrity, leading to cell death.

Pharmacokinetics: Absorption is pH-dependent, optimized in acidic environment. Moderately protein-bound (approximately 60-80%). Extensively metabolized in the liver via CYP450 enzymes, primarily CYP3A4. Short half-life of 2-4 hours requiring multiple daily dosing.

Contraindications: Hypersensitivity to the active substance or any of the excipients; History of antibiotic-associated colitis; Pregnancy and lactation.

Common Adverse Effects: Candidiasis, Vomiting, QT interval prolongation, Pruritus.",,445
740,Tazepine,Biotazepine Sulfate IR,Biocon,Antibiotic,Glycopeptide,49078-626-49,38.86,Topical Cream,"1000 mg/g Topical Cream, 50 g tube. Typical dosing: twice daily.","tazepine demonstrates bactericidal activity against a wide spectrum of pathogens commonly associated with respiratory, skin, and urinary tract infections.

Mechanism of Action: tazepine works by binding to the 30S ribosomal subunit, inhibiting bacterial protein synthesis.

Pharmacokinetics: Absorption is pH-dependent, optimized in acidic environment. Accumulates in adipose tissue due to lipophilic properties. Metabolized through multiple pathways with no single dominant route. Excreted in urine as metabolites.

Contraindications: Severe renal impairment; Concurrent use of contraindicated medications; History of antibiotic-associated colitis; Known bacterial resistance.

Common Adverse Effects: Tooth discoloration, Photosensitivity, Nausea, Antibiotic-associated diarrhea, Allergic reactions.","NAT2,HLA-B*1502,G6PD",504
741,Enzepam,enzepam Maleate HBr,Celgene,Nutritional,Mineral,43246-841-78,6.03,Powder for Reconstitution,"20 mg Powder for Reconstitution, 100 units per package. Typical dosing: once daily.","enzepam is used in the treatment of conditions requiring nutritional therapy.

Mechanism of Action: enzepam works by enhancing physiological defense mechanisms.

Pharmacokinetics: Absorption is pH-dependent, optimized in acidic environment. Moderately protein-bound (approximately 60-80%). Metabolized via non-CYP450 pathways. Prolonged half-life allowing once-daily dosing.

Contraindications: Severe hepatic impairment; Severe renal impairment; Pregnancy and lactation; Hypersensitivity to the active substance or any of the excipients.

Common Adverse Effects: Nausea, Abdominal pain, Headache, Rash, Vomiting, Pruritus, Fatigue.","CYP3A4,CYP2B6",557
742,Stamethasone,Amgstamethasone Hydrochloride HCl,Amgen,Antiparasitic,Antimalarial,82953-412-29,35.86,Capsule,"1.0 g Capsule, 100 Capsules per bottle. Typical dosing: as directed by physician.","stamethasone belongs to the class of antimalarial agents within the antiparasitic category.

Mechanism of Action: stamethasone works by counteracting pathological changes in tissue function.

Pharmacokinetics: Bioavailability is approximately 60-80% after oral administration. Low protein binding (<30%). Metabolized through multiple pathways with no single dominant route. Prolonged half-life allowing once-daily dosing.

Contraindications: Hypersensitivity to the active substance or any of the excipients; Severe hepatic impairment; Pregnancy and lactation.

Common Adverse Effects: Nausea, Headache, Fatigue, Vomiting, Dizziness, Pruritus.","BCHE,ABCG2,IFNL3",661
743,Midone,midone,Zydus Cadila,Central Nervous System,Opioid,52215-511-41,244.96,Film-Coated Tablet,"150.0 mg Film-Coated Tablet, 120 Film-Coated Tablets per bottle. Typical dosing: at bedtime.","midone is indicated for the management of chronic pain conditions through its action on central pain pathways.

Mechanism of Action: midone works by binding to opioid receptors, modulating pain perception pathways.

Pharmacokinetics: Absorption is pH-dependent, optimized in acidic environment. Crosses the blood-brain barrier. Undergoes conjugation reactions in the liver. Elimination rate depends on hepatic function.

Contraindications: Severe renal impairment; Recent myocardial infarction; Pregnancy and lactation; Angle-closure glaucoma; Concomitant use of monoamine oxidase inhibitors.

Common Adverse Effects: Confusion, Tremor, Dizziness, Paresthesia, Abdominal pain, Nausea.","CFTR,TPMT",507
744,Caracil,caracil ER,Mylan,Respiratory,Bronchodilator,38599-384-53,59.4,Capsule,"100 mg Capsule, 120 Capsules per bottle. Typical dosing: twice daily.","caracil helps reduce inflammation and bronchospasm in the airways, improving breathing in patients with respiratory conditions.

Mechanism of Action: caracil works by stimulating beta-2 adrenergic receptors in bronchial smooth muscle, causing bronchodilation.

Pharmacokinetics: Well absorbed through transdermal application. Highly protein-bound (approximately 90-95%). Metabolized via non-CYP450 pathways. Excreted in urine as metabolites.

Contraindications: Status asthmaticus; Known hypersensitivity to adrenergic compounds; Severe COPD with respiratory insufficiency; Hypersensitivity to the active substance or any of the excipients; Pregnancy and lactation.

Common Adverse Effects: Rash, Headache, Increased sputum production, Bronchospasm, Cough.","SLCO1B1,COMT",510
745,Sumustine,SI-sumustine Nitrate,Serum Institute,Anticancer,Plant Alkaloid,36303-414-96,462.12,Chewable Tablet,"200 mg Chewable Tablet, 30 Chewable Tablets per bottle. Typical dosing: once daily.","sumustine is used in the treatment of conditions requiring anticancer therapy.

Mechanism of Action: sumustine works by enhancing physiological defense mechanisms.

Pharmacokinetics: Rapidly absorbed from the gastrointestinal tract. Distribution limited primarily to the vascular compartment. Metabolized to active metabolites that contribute to the therapeutic effect. Eliminated through both renal and biliary routes.

Contraindications: Hypersensitivity to the active substance or any of the excipients; Severe hepatic impairment; Pregnancy and lactation; Severe renal impairment.

Common Adverse Effects: Vomiting, Dizziness, Nausea, Abdominal pain, Pruritus.",,394
746,Perubicin,perubicin Sodium,Biogen,Anticancer,Antimetabolite,15392-790-52,2244.99,Ophthalmic Solution,"0.5 mg/mL Ophthalmic Solution, 120 mL bottle. Typical dosing: three times daily.","perubicin is a antimetabolite medication classified under anticancer drugs.

Mechanism of Action: perubicin works by counteracting pathological changes in tissue function.

Pharmacokinetics: Slowly absorbed after oral administration. Low protein binding (<30%). Primarily metabolized by CYP2D6 with genetic polymorphisms affecting rate of metabolism. Eliminated primarily via renal excretion of unchanged drug.

Contraindications: Pregnancy and lactation; Severe renal impairment; Hypersensitivity to the active substance or any of the excipients.

Common Adverse Effects: Vomiting, Headache, Nausea, Fatigue, Rash.","OPRM1,UGT1A1",525
747,Kesartan,kesartan Potassium,Sanofi,Cardiovascular,Vasodilator,93531-612-68,88.31,Intravenous Solution,"50 mcg/mL Intravenous Solution, 120 mL bottle. Typical dosing: three times daily.","kesartan is a vasodilator used in the management of heart failure, hypertension, and related cardiovascular conditions.

Mechanism of Action: kesartan works by inhibiting angiotensin-converting enzyme (ACE), which reduces the production of angiotensin II.

Pharmacokinetics: Absorption is reduced when taken with food. Low protein binding (<30%). Extensively metabolized in the liver via CYP450 enzymes, primarily CYP3A4. Eliminated primarily via renal excretion of unchanged drug.

Contraindications: Cardiogenic shock; Bilateral renal artery stenosis; Severe hepatic impairment; Hypersensitivity to the active substance or any of the excipients; Severe bradycardia.

Common Adverse Effects: Nausea, Fatigue, Diarrhea, Bradycardia, Dizziness, Palpitations, Flushing.",,499
748,Cemustine,J&J-cemustine ER,Johnson & Johnson,Antiparasitic,Antimalarial,20649-100-32,83.77,Oral Suspension,"2.0 % Oral Suspension, 10 mL bottle. Typical dosing: three times daily.","cemustine is indicated for therapeutic applications related to antiparasitic conditions.

Mechanism of Action: cemustine works by enhancing physiological defense mechanisms.

Pharmacokinetics: Bioavailability is approximately 60-80% after oral administration. Does not significantly penetrate the blood-brain barrier. Metabolism shows significant inter-individual variability. Elimination rate depends on hepatic function.

Contraindications: Hypersensitivity to the active substance or any of the excipients; Severe hepatic impairment; Pregnancy and lactation; Severe renal impairment.

Common Adverse Effects: Abdominal pain, Nausea, Headache, Rash.",,674
749,Suparib,suparib Hydrochloride,Alkem Laboratories,Nutritional,Vitamin,51034-443-60,31.96,Oral Solution,"1.0 % Oral Solution, 100 mL bottle. Typical dosing: once daily.","suparib is a vitamin medication classified under nutritional drugs.

Mechanism of Action: suparib works by enhancing physiological defense mechanisms.

Pharmacokinetics: Slowly absorbed after oral administration. Does not significantly penetrate the blood-brain barrier. Metabolized via non-CYP450 pathways. Terminal half-life of approximately 12-24 hours.

Contraindications: Pregnancy and lactation; Severe hepatic impairment; Severe renal impairment; Hypersensitivity to the active substance or any of the excipients.

Common Adverse Effects: Abdominal pain, Dizziness, Vomiting, Fatigue, Headache.",,546
750,Natide,natide Citrate,GlaxoSmithKline,Antidiabetic,Insulin,21855-655-28,184.04,Buccal Tablet,"10.0 mg Buccal Tablet, 20 Buccal Tablets per bottle. Typical dosing: once daily.","natide is a insulin medication that helps control blood sugar levels in patients with type 2 diabetes mellitus.

Mechanism of Action: natide works by increasing tissue sensitivity to insulin and reducing hepatic glucose production.

Pharmacokinetics: Slowly absorbed after oral administration. Highly protein-bound (approximately 90-95%). Metabolized through multiple pathways with no single dominant route. Clearance is reduced in patients with renal impairment.

Contraindications: Hypersensitivity to the active substance or any of the excipients; Pregnancy and lactation; Diabetic ketoacidosis.

Common Adverse Effects: Fatigue, Pruritus, Hypoglycemia, Diarrhea, Dizziness, Weight gain, Peripheral edema.","G6PD,SLCO1B1,IFNL3",619
751,Pevir,pevir Potassium,Intas Pharmaceuticals,Ophthalmological,Miotic,74330-418-37,125.53,Topical Cream,"25 mg/g Topical Cream, 15 g tube. Typical dosing: twice daily.","pevir belongs to the class of miotic agents within the ophthalmological category.

Mechanism of Action: pevir works by inhibiting key enzymes in pathological processes.

Pharmacokinetics: Rapidly absorbed from the gastrointestinal tract. Low protein binding (<30%). Metabolism shows significant inter-individual variability. Terminal half-life of approximately 12-24 hours.

Contraindications: Severe renal impairment; Hypersensitivity to the active substance or any of the excipients; Severe hepatic impairment.

Common Adverse Effects: Fatigue, Pruritus, Headache, Rash, Diarrhea.",,639
752,Befibrate,befibrate IV,Biogen,Antiparasitic,Antihelminthic,12001-103-76,174.77,Extended-Release Tablet,"200 mcg Extended-Release Tablet, 90 Extended-Release Tablets per bottle. Typical dosing: as directed by physician.","befibrate is indicated for therapeutic applications related to antiparasitic conditions.

Mechanism of Action: befibrate works by counteracting pathological changes in tissue function.

Pharmacokinetics: Bioavailability is approximately 60-80% after oral administration. Moderately protein-bound (approximately 60-80%). Primarily metabolized by CYP2D6 with genetic polymorphisms affecting rate of metabolism. Clearance is reduced in patients with renal impairment.

Contraindications: Severe renal impairment; Hypersensitivity to the active substance or any of the excipients; Severe hepatic impairment; Pregnancy and lactation.

Common Adverse Effects: Abdominal pain, Headache, Vomiting, Pruritus, Rash.",CYP2C9,499
753,Ronavir,ronavir,Novo Nordisk,Dermatological,Emollient,88542-985-56,224.06,Transdermal Patch,"20.0 mg/24h Transdermal Patch, 10 patches per box. Typical dosing: twice daily.","ronavir is a emollient medication classified under dermatological drugs.

Mechanism of Action: ronavir works by counteracting pathological changes in tissue function.

Pharmacokinetics: Well absorbed through transdermal application. Widely distributed throughout body tissues. Primarily metabolized by CYP2D6 with genetic polymorphisms affecting rate of metabolism. Short half-life of 2-4 hours requiring multiple daily dosing.

Contraindications: Severe hepatic impairment; Pregnancy and lactation; Severe renal impairment.

Common Adverse Effects: Diarrhea, Vomiting, Rash, Abdominal pain, Fatigue.","CYP2C9,NAT2",221
754,Acoxacin,Takacoxacin,Takeda,Antibiotic,Sulfonamide,35581-422-70,77.21,Sublingual Tablet,"100 mg Sublingual Tablet, 28 Sublingual Tablets per bottle. Typical dosing: three times daily.","acoxacin is indicated for the treatment of infections caused by susceptible strains of designated microorganisms.

Mechanism of Action: acoxacin works by disrupting bacterial cell membrane integrity, leading to cell death.

Pharmacokinetics: Absorption is enhanced when taken with food. Low protein binding (<30%). Metabolized via non-CYP450 pathways. Excreted in urine as metabolites.

Contraindications: Hypersensitivity to the active substance or any of the excipients; Myasthenia gravis (for certain antibiotic classes); Concurrent use of contraindicated medications; History of antibiotic-associated colitis.

Common Adverse Effects: Antibiotic-associated diarrhea, Dizziness, Diarrhea, Allergic reactions, Pruritus.",,564
755,Tamustine,Biotamustine,Biocon,Ophthalmological,Lubricant,77725-345-97,128.48,Tablet,"500 mg Tablet, 14 Tablets per bottle. Typical dosing: twice daily.","tamustine is a lubricant medication classified under ophthalmological drugs.

Mechanism of Action: tamustine works by enhancing physiological defense mechanisms.

Pharmacokinetics: Well absorbed through transdermal application. Low protein binding (<30%). Primarily metabolized by CYP2D6 with genetic polymorphisms affecting rate of metabolism. Eliminated through both renal and biliary routes.

Contraindications: Hypersensitivity to the active substance or any of the excipients; Pregnancy and lactation; Severe renal impairment.

Common Adverse Effects: Nausea, Pruritus, Vomiting, Abdominal pain, Dizziness.","NAT2,CYP1A2",439
756,Cloanide,cloanide,Merck,Nutritional,Vitamin,83489-624-48,9.62,Oral Suspension,"200 mcg/mL Oral Suspension, 480 mL bottle. Typical dosing: once daily.","cloanide is indicated for therapeutic applications related to nutritional conditions.

Mechanism of Action: cloanide works by binding to specific receptors in target tissues.

Pharmacokinetics: Absorption is enhanced when taken with food. Distribution limited primarily to the vascular compartment. Metabolism shows significant inter-individual variability. Excreted in urine as metabolites.

Contraindications: Severe hepatic impairment; Hypersensitivity to the active substance or any of the excipients; Severe renal impairment.

Common Adverse Effects: Nausea, Diarrhea, Dizziness, Pruritus, Headache, Rash, Vomiting.",,526
757,Dizosin,dizosin,Sun Pharmaceutical,Antiviral,Nucleoside Analog,48525-862-95,764.05,Drops,"5 mg Drops, 10 units per package. Typical dosing: as directed by physician.","dizosin is indicated for therapeutic applications related to antiviral conditions.

Mechanism of Action: dizosin works by binding to specific receptors in target tissues.

Pharmacokinetics: Slowly absorbed after oral administration. Low protein binding (<30%). Metabolism shows significant inter-individual variability. Eliminated primarily via renal excretion of unchanged drug.

Contraindications: Hypersensitivity to the active substance or any of the excipients; Severe renal impairment; Pregnancy and lactation; Severe hepatic impairment.

Common Adverse Effects: Dizziness, Vomiting, Pruritus, Rash, Fatigue, Abdominal pain.","UGT1A1,HLA-B*1502,BCHE",406
758,Noolol,Celnoolol IR,Celgene,Musculoskeletal,Antirheumatic,35583-318-63,54.57,Capsule,"150 mcg Capsule, 30 Capsules per bottle. Typical dosing: three times daily.","noolol is indicated for therapeutic applications related to musculoskeletal conditions.

Mechanism of Action: noolol works by modulating biochemical pathways involved in the disease process.

Pharmacokinetics: Bioavailability is approximately 60-80% after oral administration. Highly protein-bound (approximately 90-95%). Primarily metabolized by CYP2D6 with genetic polymorphisms affecting rate of metabolism. Eliminated primarily via renal excretion of unchanged drug.

Contraindications: Hypersensitivity to the active substance or any of the excipients; Pregnancy and lactation; Severe hepatic impairment; Severe renal impairment.

Common Adverse Effects: Dizziness, Vomiting, Rash, Fatigue, Headache, Diarrhea.","NAT2,DPYD",461
759,Misartan,misartan Sodium,Merck KGaA,Nutritional,Caloric Agent,12601-469-75,25.05,Nasal Spray,"10.0 % Nasal Spray, 30 mL bottle. Typical dosing: as directed by physician.","misartan is indicated for therapeutic applications related to nutritional conditions.

Mechanism of Action: misartan works by binding to specific receptors in target tissues.

Pharmacokinetics: Absorption is reduced when taken with food. Distribution limited primarily to the vascular compartment. Undergoes conjugation reactions in the liver. Prolonged half-life allowing once-daily dosing.

Contraindications: Hypersensitivity to the active substance or any of the excipients; Severe renal impairment; Pregnancy and lactation.

Common Adverse Effects: Vomiting, Diarrhea, Headache, Nausea, Abdominal pain, Rash.",,383
760,Glithiazide,glithiazide Sodium,Baxter International,Immunological,Monoclonal Antibody,65292-884-78,103.38,Vaginal Cream,"10 mg Vaginal Cream, 30 g tube. Typical dosing: three times daily.","glithiazide belongs to the class of monoclonal antibody agents within the immunological category.

Mechanism of Action: glithiazide works by inhibiting key enzymes in pathological processes.

Pharmacokinetics: Rapidly absorbed from the gastrointestinal tract. Accumulates in adipose tissue due to lipophilic properties. Subject to minimal metabolism, with most of the drug excreted unchanged. Short half-life of 2-4 hours requiring multiple daily dosing.

Contraindications: Pregnancy and lactation; Severe renal impairment; Hypersensitivity to the active substance or any of the excipients.

Common Adverse Effects: Diarrhea, Headache, Fatigue, Rash.",,430
761,Canavir,canavir,GlaxoSmithKline,Antiviral,Fusion Inhibitor,44690-742-35,446.44,Topical Ointment,"0.1 % Topical Ointment, 15 g tube. Typical dosing: as directed by physician.","canavir is indicated for therapeutic applications related to antiviral conditions.

Mechanism of Action: canavir works by counteracting pathological changes in tissue function.

Pharmacokinetics: Bioavailability is approximately 60-80% after oral administration. Moderately protein-bound (approximately 60-80%). Undergoes conjugation reactions in the liver. Eliminated primarily via renal excretion of unchanged drug.

Contraindications: Severe renal impairment; Hypersensitivity to the active substance or any of the excipients; Pregnancy and lactation; Severe hepatic impairment.

Common Adverse Effects: Fatigue, Pruritus, Headache, Abdominal pain, Vomiting, Diarrhea, Nausea.",,429
762,Morelin,morelin IR,Piramal Healthcare,Hormonal,Oxytocic,96179-648-28,36.4,Powder for Reconstitution,"0.2 mg Powder for Reconstitution, 20 units per package. Typical dosing: once daily.","morelin is indicated for therapeutic applications related to hormonal conditions.

Mechanism of Action: morelin works by enhancing physiological defense mechanisms.

Pharmacokinetics: Well absorbed through transdermal application. Does not significantly penetrate the blood-brain barrier. Primarily metabolized by CYP2D6 with genetic polymorphisms affecting rate of metabolism. Short half-life of 2-4 hours requiring multiple daily dosing.

Contraindications: Hypersensitivity to the active substance or any of the excipients; Severe renal impairment; Severe hepatic impairment.

Common Adverse Effects: Abdominal pain, Headache, Diarrhea, Fatigue.",,480
763,Nogliptin,nogliptin,Regeneron,Central Nervous System,Antiepileptic,11085-610-93,84.09,Capsule,"15.0 mg Capsule, 60 Capsules per bottle. Typical dosing: once daily.","nogliptin is indicated for the management of chronic pain conditions through its action on central pain pathways.

Mechanism of Action: nogliptin works by inhibiting the reuptake of serotonin and norepinephrine in the CNS.

Pharmacokinetics: Absorption is pH-dependent, optimized in acidic environment. Moderately protein-bound (approximately 60-80%). Metabolized to active metabolites that contribute to the therapeutic effect. Eliminated primarily via renal excretion of unchanged drug.

Contraindications: Severe hepatic impairment; Hypersensitivity to the active substance or any of the excipients; Pregnancy and lactation; Seizure disorders.

Common Adverse Effects: Memory impairment, Vomiting, Rash, Abdominal pain, Pruritus.",ABCG2,774
764,Fiterol,fiterol Phosphate,Mankind Pharma,Respiratory,Expectorant,69846-121-91,104.77,Topical Cream,"0.5 % Topical Cream, 45 g tube. Typical dosing: once daily.","fiterol is used for symptomatic relief of respiratory tract disorders characterized by congestion and inflammation.

Mechanism of Action: fiterol works by stimulating beta-2 adrenergic receptors in bronchial smooth muscle, causing bronchodilation.

Pharmacokinetics: Absorption is pH-dependent, optimized in acidic environment. Does not significantly penetrate the blood-brain barrier. Metabolized via non-CYP450 pathways. Prolonged half-life allowing once-daily dosing.

Contraindications: Status asthmaticus; Severe COPD with respiratory insufficiency; Pregnancy and lactation.

Common Adverse Effects: Abdominal pain, Headache, Nausea, Cough, Pharyngitis, Diarrhea, Vomiting.",,403
765,Nogliptin,Mernogliptin Maleate,Merck,Antidiabetic,DPP-4 Inhibitor,98409-605-43,253.58,Oral Suspension,"20.0 mg/mL Oral Suspension, 10 mL bottle. Typical dosing: once daily.","nogliptin stimulates insulin secretion from pancreatic beta cells, helping to lower blood glucose levels in diabetic patients.

Mechanism of Action: nogliptin works by stimulating insulin release from pancreatic beta cells.

Pharmacokinetics: Subject to significant first-pass metabolism resulting in reduced bioavailability. Widely distributed throughout body tissues. Metabolized via non-CYP450 pathways. Terminal half-life of approximately 12-24 hours.

Contraindications: Hypersensitivity to the active substance or any of the excipients; Pregnancy and lactation; Severe renal impairment (GFR < 30 mL/min).

Common Adverse Effects: Lactic acidosis, Vomiting, Peripheral edema, Diarrhea, Genital mycotic infections, Weight gain.",,557
766,Glicillin,Pfiglicillin,Pfizer,Antibiotic,Cephalosporin,91478-240-71,94.38,Vaginal Cream,"1000 mg Vaginal Cream, 45 g tube. Typical dosing: twice daily.","glicillin is a broad-spectrum antibiotic used to treat various bacterial infections throughout the body.

Mechanism of Action: glicillin works by inhibiting DNA gyrase and topoisomerase IV, preventing bacterial DNA replication.

Pharmacokinetics: Absorption is reduced when taken with food. Does not significantly penetrate the blood-brain barrier. Metabolism shows significant inter-individual variability. Eliminated primarily via renal excretion of unchanged drug.

Contraindications: Concurrent use of contraindicated medications; Severe renal impairment; Pregnancy and lactation.

Common Adverse Effects: Nausea, Headache, Antibiotic-associated diarrhea, QT interval prolongation.","DPYD,HLA-B*5701,CYP2B6",507
767,Decaine,decaine,Biogen,Musculoskeletal,Antigout,58395-179-36,53.36,Oral Solution,"20 mcg/mL Oral Solution, 100 mL bottle. Typical dosing: three times daily.","decaine is used in the treatment of conditions requiring musculoskeletal therapy.

Mechanism of Action: decaine works by binding to specific receptors in target tissues.

Pharmacokinetics: Slowly absorbed after oral administration. Highly protein-bound (approximately 90-95%). Extensively metabolized in the liver via CYP450 enzymes, primarily CYP3A4. Prolonged half-life allowing once-daily dosing.

Contraindications: Pregnancy and lactation; Hypersensitivity to the active substance or any of the excipients; Severe renal impairment.

Common Adverse Effects: Vomiting, Pruritus, Abdominal pain, Nausea, Diarrhea.",,347
768,Detriptan,detriptan Forte,Takeda,Immunological,Monoclonal Antibody,60018-992-87,372.23,Orally Disintegrating Tablet,"500 mg Orally Disintegrating Tablet, 60 Orally Disintegrating Tablets per bottle. Typical dosing: twice daily.","detriptan belongs to the class of monoclonal antibody agents within the immunological category.

Mechanism of Action: detriptan works by modulating biochemical pathways involved in the disease process.

Pharmacokinetics: Subject to significant first-pass metabolism resulting in reduced bioavailability. Low protein binding (<30%). Metabolized to active metabolites that contribute to the therapeutic effect. Prolonged half-life allowing once-daily dosing.

Contraindications: Severe hepatic impairment; Severe renal impairment; Pregnancy and lactation; Hypersensitivity to the active substance or any of the excipients.

Common Adverse Effects: Fatigue, Nausea, Rash, Dizziness, Diarrhea, Abdominal pain.",,443
769,Liglitazone,liglitazone,Biocon,Cardiovascular,ACE Inhibitor,40638-789-13,246.67,Transdermal Patch,"200 mcg/h Transdermal Patch, 30 patches per box. Typical dosing: twice daily.","liglitazone is a ace inhibitor used in the management of heart failure, hypertension, and related cardiovascular conditions.

Mechanism of Action: liglitazone works by selectively blocking beta-adrenergic receptors, reducing the effects of epinephrine.

Pharmacokinetics: Absorption is enhanced when taken with food. Widely distributed throughout body tissues. Metabolized via non-CYP450 pathways. Clearance is reduced in patients with renal impairment.

Contraindications: Severe hepatic impairment; Second or third-degree heart block; Cardiogenic shock.

Common Adverse Effects: Pruritus, Dizziness, Nausea, Chest pain.",,623
770,Hytuximab,hytuximab Maleate,GlaxoSmithKline,Immunological,Immunostimulant,85170-489-43,534.3,Injection,"5.0 mg/mL Injection, 5 5 mL vials. Typical dosing: once daily.","hytuximab is used in the treatment of conditions requiring immunological therapy.

Mechanism of Action: hytuximab works by modulating biochemical pathways involved in the disease process.

Pharmacokinetics: Absorption is reduced when taken with food. Crosses the blood-brain barrier. Metabolism shows significant inter-individual variability. Eliminated primarily via renal excretion of unchanged drug.

Contraindications: Pregnancy and lactation; Severe hepatic impairment; Hypersensitivity to the active substance or any of the excipients.

Common Adverse Effects: Abdominal pain, Headache, Nausea, Diarrhea, Pruritus, Dizziness.",,294
771,Vimicin,vimicin XR,Mylan,Antiviral,Integrase Inhibitor,70415-285-92,685.88,Film-Coated Tablet,"100 mg Film-Coated Tablet, 120 Film-Coated Tablets per bottle. Typical dosing: three times daily.","vimicin is used in the treatment of conditions requiring antiviral therapy.

Mechanism of Action: vimicin works by enhancing physiological defense mechanisms.

Pharmacokinetics: Slowly absorbed after oral administration. Low protein binding (<30%). Primarily metabolized by CYP2D6 with genetic polymorphisms affecting rate of metabolism. Eliminated through both renal and biliary routes.

Contraindications: Hypersensitivity to the active substance or any of the excipients; Severe renal impairment; Pregnancy and lactation; Severe hepatic impairment.

Common Adverse Effects: Pruritus, Headache, Dizziness, Fatigue, Diarrhea.","VKORC1,DPYD",431
772,Caprofen,caprofen Potassium,Intas Pharmaceuticals,Immunological,Interferons,40731-998-48,177.21,Powder for Reconstitution,"10 mg Powder for Reconstitution, 100 units per package. Typical dosing: once daily.","caprofen is used in the treatment of conditions requiring immunological therapy.

Mechanism of Action: caprofen works by inhibiting key enzymes in pathological processes.

Pharmacokinetics: Slowly absorbed after oral administration. Widely distributed throughout body tissues. Subject to minimal metabolism, with most of the drug excreted unchanged. Short half-life of 2-4 hours requiring multiple daily dosing.

Contraindications: Hypersensitivity to the active substance or any of the excipients; Severe hepatic impairment; Pregnancy and lactation; Severe renal impairment.

Common Adverse Effects: Headache, Diarrhea, Pruritus, Dizziness, Abdominal pain, Rash, Vomiting.","CYP3A4,HLA-B*1502,CYP2D6",482
773,Rezepine,Mylrezepine,Mylan,Ophthalmological,Antiglaucoma,22374-515-16,97.88,Oral Suspension,"25 mcg/mL Oral Suspension, 30 mL bottle. Typical dosing: once daily.","rezepine is indicated for therapeutic applications related to ophthalmological conditions.

Mechanism of Action: rezepine works by binding to specific receptors in target tissues.

Pharmacokinetics: Well absorbed through transdermal application. Distribution limited primarily to the vascular compartment. Metabolized through multiple pathways with no single dominant route. Eliminated primarily via renal excretion of unchanged drug.

Contraindications: Severe renal impairment; Severe hepatic impairment; Pregnancy and lactation; Hypersensitivity to the active substance or any of the excipients.

Common Adverse Effects: Rash, Dizziness, Vomiting, Fatigue, Nausea, Abdominal pain.",,279
774,Mafloxacin,mafloxacin Forte,Novartis,Musculoskeletal,Antirheumatic,37037-252-53,145.66,Enteric-Coated Tablet,"100 mg Enteric-Coated Tablet, 28 Enteric-Coated Tablets per bottle. Typical dosing: twice daily.","mafloxacin is used in the treatment of conditions requiring musculoskeletal therapy.

Mechanism of Action: mafloxacin works by modulating biochemical pathways involved in the disease process.

Pharmacokinetics: Bioavailability is approximately 60-80% after oral administration. Widely distributed throughout body tissues. Primarily metabolized by CYP2D6 with genetic polymorphisms affecting rate of metabolism. Terminal half-life of approximately 12-24 hours.

Contraindications: Severe hepatic impairment; Hypersensitivity to the active substance or any of the excipients; Severe renal impairment; Pregnancy and lactation.

Common Adverse Effects: Rash, Fatigue, Abdominal pain, Headache.",,422
775,Starubicin,starubicin Citrate,Mylan,Anticancer,Plant Alkaloid,43998-906-28,1063.32,Buccal Tablet,"50 mg Buccal Tablet, 28 Buccal Tablets per bottle. Typical dosing: once daily.","starubicin is a plant alkaloid medication classified under anticancer drugs.

Mechanism of Action: starubicin works by binding to specific receptors in target tissues.

Pharmacokinetics: Rapidly absorbed from the gastrointestinal tract. Moderately protein-bound (approximately 60-80%). Subject to minimal metabolism, with most of the drug excreted unchanged. Eliminated through both renal and biliary routes.

Contraindications: Severe hepatic impairment; Hypersensitivity to the active substance or any of the excipients; Pregnancy and lactation; Severe renal impairment.

Common Adverse Effects: Fatigue, Diarrhea, Headache, Nausea, Vomiting, Rash.",HLA-B*1502,595
776,Besartan,Lupbesartan,Lupin,Cardiovascular,Diuretic,98632-931-45,278.69,Injection,"500 mcg/mL Injection, 50 50 mL vials. Typical dosing: twice daily.","besartan is primarily used to reduce the risk of cardiovascular events in patients with established cardiovascular disease or multiple risk factors.

Mechanism of Action: besartan works by promoting sodium and water excretion by inhibiting sodium reabsorption in the distal tubule.

Pharmacokinetics: Subject to significant first-pass metabolism resulting in reduced bioavailability. Distribution limited primarily to the vascular compartment. Extensively metabolized in the liver via CYP450 enzymes, primarily CYP3A4. Prolonged half-life allowing once-daily dosing.

Contraindications: Pregnancy and lactation; Hypersensitivity to the active substance or any of the excipients; Severe renal impairment; Severe hepatic impairment.

Common Adverse Effects: Fatigue, Syncope, Chest pain, Hypotension, Rash, Flushing.","HLA-B*5701,ABCB1",764
777,Inglutide,inglutide IV,Strides Pharma,Antidiabetic,Sulfonylurea,76685-160-57,142.45,Powder for Reconstitution,"25.0 mg Powder for Reconstitution, 30 units per package. Typical dosing: once daily.","inglutide is a sulfonylurea medication that helps control blood sugar levels in patients with type 2 diabetes mellitus.

Mechanism of Action: inglutide works by increasing tissue sensitivity to insulin and reducing hepatic glucose production.

Pharmacokinetics: Absorption is reduced when taken with food. Widely distributed throughout body tissues. Metabolized to active metabolites that contribute to the therapeutic effect. Excreted in urine as metabolites.

Contraindications: Pregnancy and lactation; Severe renal impairment; Severe renal impairment (GFR < 30 mL/min); Type 1 diabetes mellitus (for certain antidiabetic classes).

Common Adverse Effects: Hypoglycemia, Abdominal pain, Weight gain, Diarrhea, Rash, Dizziness.","G6PD,TPMT,ABCB1",358
778,Gaantine,gaantine Maleate HCl,Aurobindo Pharma,Ophthalmological,Mydriatic,71414-484-26,46.61,Topical Gel,"10 mg/g Topical Gel, 20 g tube. Typical dosing: once daily.","gaantine belongs to the class of mydriatic agents within the ophthalmological category.

Mechanism of Action: gaantine works by modulating biochemical pathways involved in the disease process.

Pharmacokinetics: Rapidly absorbed from the gastrointestinal tract. Highly protein-bound (approximately 90-95%). Primarily metabolized by CYP2D6 with genetic polymorphisms affecting rate of metabolism. Clearance is reduced in patients with renal impairment.

Contraindications: Pregnancy and lactation; Hypersensitivity to the active substance or any of the excipients; Severe renal impairment; Severe hepatic impairment.

Common Adverse Effects: Nausea, Fatigue, Dizziness, Headache, Vomiting, Rash.",,544
779,Nogliflozin,nogliflozin,Johnson & Johnson,Antidiabetic,Meglitinide,88635-127-55,150.27,Topical Cream,"0.025 % Topical Cream, 20 g tube. Typical dosing: once daily.","nogliflozin is indicated as an adjunct to diet and exercise to improve glycemic control in adults with type 2 diabetes.

Mechanism of Action: nogliflozin works by increasing tissue sensitivity to insulin and reducing hepatic glucose production.

Pharmacokinetics: Well absorbed through transdermal application. Crosses the blood-brain barrier. Subject to minimal metabolism, with most of the drug excreted unchanged. Short half-life of 2-4 hours requiring multiple daily dosing.

Contraindications: Severe hepatic impairment; Severe renal impairment (GFR < 30 mL/min); Severe renal impairment.

Common Adverse Effects: Nausea, Urinary tract infections, Pruritus, Abdominal pain, Hypoglycemia.",,552
780,Esciclovir,esciclovir,Eli Lilly,Ophthalmological,Lubricant,71850-319-36,75.9,Vaginal Cream,"100 mg Vaginal Cream, 10 g tube. Typical dosing: three times daily.","esciclovir is a lubricant medication classified under ophthalmological drugs.

Mechanism of Action: esciclovir works by inhibiting key enzymes in pathological processes.

Pharmacokinetics: Rapidly absorbed from the gastrointestinal tract. Crosses the blood-brain barrier. Subject to minimal metabolism, with most of the drug excreted unchanged. Eliminated through both renal and biliary routes.

Contraindications: Severe hepatic impairment; Hypersensitivity to the active substance or any of the excipients; Pregnancy and lactation; Severe renal impairment.

Common Adverse Effects: Dizziness, Nausea, Rash, Fatigue, Pruritus, Headache, Diarrhea.",,858
781,Tathiazide,tathiazide Hydrochloride HCT,Mylan,Musculoskeletal,Antigout,79776-233-26,191.97,Ophthalmic Ointment,"10 mg/g Ophthalmic Ointment, 100 g tube. Typical dosing: twice daily.","tathiazide is indicated for therapeutic applications related to musculoskeletal conditions.

Mechanism of Action: tathiazide works by enhancing physiological defense mechanisms.

Pharmacokinetics: Subject to significant first-pass metabolism resulting in reduced bioavailability. Does not significantly penetrate the blood-brain barrier. Subject to minimal metabolism, with most of the drug excreted unchanged. Clearance is reduced in patients with renal impairment.

Contraindications: Severe renal impairment; Pregnancy and lactation; Hypersensitivity to the active substance or any of the excipients; Severe hepatic impairment.

Common Adverse Effects: Dizziness, Nausea, Fatigue, Diarrhea.",,356
782,Gathiazide,Pfigathiazide HCl,Pfizer,Gastrointestinal,Antiemetic,15763-884-45,326.03,Intravenous Solution,"50 mcg/mL Intravenous Solution, 10 mL bottle. Typical dosing: once daily.","gathiazide helps manage symptoms and promote healing in patients with inflammatory bowel conditions.

Mechanism of Action: gathiazide works by inhibiting the gastric H+/K+ ATPase enzyme system, suppressing gastric acid production.

Pharmacokinetics: Absorption is reduced when taken with food. Accumulates in adipose tissue due to lipophilic properties. Metabolized via non-CYP450 pathways. Elimination rate depends on hepatic function.

Contraindications: Inflammatory bowel disease in acute phase; Pregnancy and lactation; Gastrointestinal perforation.

Common Adverse Effects: Nausea, Dizziness, Altered taste, Dry mouth, Pruritus.",,469
783,Mapramine,Biomapramine SR,Biogen,Central Nervous System,NSAID,81572-636-21,134.47,Oral Suspension,"25.0 mg/mL Oral Suspension, 100 mL bottle. Typical dosing: at bedtime.","mapramine is used in the treatment of neurological and psychiatric disorders by modulating neurotransmitter activity.

Mechanism of Action: mapramine works by enhancing GABAergic neurotransmission, producing anxiolytic and sedative effects.

Pharmacokinetics: Bioavailability is approximately 60-80% after oral administration. Low protein binding (<30%). Primarily metabolized by CYP2D6 with genetic polymorphisms affecting rate of metabolism. Eliminated primarily via renal excretion of unchanged drug.

Contraindications: Seizure disorders; Concomitant use of monoamine oxidase inhibitors; Severe renal impairment; Severe hepatic impairment; Angle-closure glaucoma.

Common Adverse Effects: Somnolence, Fatigue, Depression, Abdominal pain, Tremor, Pruritus, Vomiting.",,168
784,Cafenac,cafenac Sulfate,Aurobindo Pharma,Dermatological,Antiseptic,69698-711-62,322.32,Intravenous Solution,"2.0 mEq/mL Intravenous Solution, 480 mL bottle. Typical dosing: twice daily.","cafenac belongs to the class of antiseptic agents within the dermatological category.

Mechanism of Action: cafenac works by enhancing physiological defense mechanisms.

Pharmacokinetics: Bioavailability is approximately 60-80% after oral administration. Distribution limited primarily to the vascular compartment. Metabolized via non-CYP450 pathways. Terminal half-life of approximately 12-24 hours.

Contraindications: Severe renal impairment; Hypersensitivity to the active substance or any of the excipients; Severe hepatic impairment; Pregnancy and lactation.

Common Adverse Effects: Headache, Rash, Pruritus, Nausea, Dizziness, Fatigue.",,432
785,Naantine,naantine,GlaxoSmithKline,Musculoskeletal,Antigout,51636-106-92,126.93,Vaginal Suppository,"50 mg Vaginal Suppository, 20 units per package. Typical dosing: as directed by physician.","naantine is indicated for therapeutic applications related to musculoskeletal conditions.

Mechanism of Action: naantine works by inhibiting key enzymes in pathological processes.

Pharmacokinetics: Absorption is reduced when taken with food. Accumulates in adipose tissue due to lipophilic properties. Metabolized to active metabolites that contribute to the therapeutic effect. Prolonged half-life allowing once-daily dosing.

Contraindications: Hypersensitivity to the active substance or any of the excipients; Severe renal impairment; Severe hepatic impairment; Pregnancy and lactation.

Common Adverse Effects: Vomiting, Dizziness, Abdominal pain, Rash, Headache, Pruritus, Diarrhea.",,959
786,Litoin,litoin,Lupin,Otological,Anti-Inflammatory,64327-128-23,74.4,Orally Disintegrating Tablet,"25 mg Orally Disintegrating Tablet, 50 Orally Disintegrating Tablets per bottle. Typical dosing: once daily.","litoin is used in the treatment of conditions requiring otological therapy.

Mechanism of Action: litoin works by binding to specific receptors in target tissues.

Pharmacokinetics: Absorption is reduced when taken with food. Does not significantly penetrate the blood-brain barrier. Metabolized through multiple pathways with no single dominant route. Clearance is reduced in patients with renal impairment.

Contraindications: Severe hepatic impairment; Severe renal impairment; Hypersensitivity to the active substance or any of the excipients; Pregnancy and lactation.

Common Adverse Effects: Fatigue, Rash, Dizziness, Diarrhea, Vomiting.",,545
787,Vaazine,vaazine Plus,Lupin,Dermatological,Emollient,97950-493-68,234.72,Injection,"0.5 g Injection, 10 5 mL vials. Typical dosing: twice daily.","vaazine is a emollient medication classified under dermatological drugs.

Mechanism of Action: vaazine works by counteracting pathological changes in tissue function.

Pharmacokinetics: Absorption is pH-dependent, optimized in acidic environment. Low protein binding (<30%). Metabolized through multiple pathways with no single dominant route. Elimination rate depends on hepatic function.

Contraindications: Severe renal impairment; Pregnancy and lactation; Hypersensitivity to the active substance or any of the excipients.

Common Adverse Effects: Pruritus, Fatigue, Abdominal pain, Nausea, Headache, Dizziness, Vomiting.",,755
788,Patriptan,patriptan,Novartis,Antibiotic,Tetracycline,92078-982-72,26.29,Lozenges,"1000 mg Lozenges, 20 units per package. Typical dosing: four times daily.","patriptan is indicated for the treatment of infections caused by susceptible strains of designated microorganisms.

Mechanism of Action: patriptan works by disrupting bacterial cell membrane integrity, leading to cell death.

Pharmacokinetics: Absorption is pH-dependent, optimized in acidic environment. Distribution limited primarily to the vascular compartment. Extensively metabolized in the liver via CYP450 enzymes, primarily CYP3A4. Short half-life of 2-4 hours requiring multiple daily dosing.

Contraindications: Hypersensitivity to the active substance or any of the excipients; History of antibiotic-associated colitis; Pregnancy and lactation; Myasthenia gravis (for certain antibiotic classes); Severe renal impairment.

Common Adverse Effects: Antibiotic-associated diarrhea, Abdominal pain, Candidiasis, Diarrhea, Photosensitivity.",,403
789,Inprofen,inprofen Calcium ER,Eli Lilly,Antiparasitic,Antimalarial,78080-454-30,90.76,Topical Cream,"100 mg/g Topical Cream, 10 g tube. Typical dosing: as directed by physician.","inprofen is a antimalarial medication classified under antiparasitic drugs.

Mechanism of Action: inprofen works by modulating biochemical pathways involved in the disease process.

Pharmacokinetics: Absorption is reduced when taken with food. Low protein binding (<30%). Metabolized to active metabolites that contribute to the therapeutic effect. Clearance is reduced in patients with renal impairment.

Contraindications: Pregnancy and lactation; Severe hepatic impairment; Hypersensitivity to the active substance or any of the excipients; Severe renal impairment.

Common Adverse Effects: Dizziness, Headache, Pruritus, Rash.",,724
790,Liafil,EL-liafil XR,Eli Lilly,Antiviral,Nucleoside Analog,78346-105-81,423.3,Dispersible Tablet,"25 mg Dispersible Tablet, 120 Dispersible Tablets per bottle. Typical dosing: twice daily.","liafil is used in the treatment of conditions requiring antiviral therapy.

Mechanism of Action: liafil works by inhibiting key enzymes in pathological processes.

Pharmacokinetics: Absorption is pH-dependent, optimized in acidic environment. Crosses the blood-brain barrier. Primarily metabolized by CYP2D6 with genetic polymorphisms affecting rate of metabolism. Eliminated through both renal and biliary routes.

Contraindications: Severe renal impairment; Pregnancy and lactation; Severe hepatic impairment; Hypersensitivity to the active substance or any of the excipients.

Common Adverse Effects: Diarrhea, Vomiting, Abdominal pain, Dizziness, Fatigue, Nausea, Rash.",,251
791,Cedone,cedone,Eli Lilly,Central Nervous System,Antiepileptic,62932-150-54,180.87,Oral Suspension,"10 mcg/mL Oral Suspension, 120 mL bottle. Typical dosing: once daily.","cedone is indicated for the management of chronic pain conditions through its action on central pain pathways.

Mechanism of Action: cedone works by inhibiting the reuptake of serotonin and norepinephrine in the CNS.

Pharmacokinetics: Subject to significant first-pass metabolism resulting in reduced bioavailability. Does not significantly penetrate the blood-brain barrier. Metabolized through multiple pathways with no single dominant route. Terminal half-life of approximately 12-24 hours.

Contraindications: Suicidal ideation; Severe hepatic impairment; Seizure disorders; Severe renal impairment.

Common Adverse Effects: Confusion, Pruritus, Nausea, Abdominal pain.",,611
792,Rovir,rovir Sodium,Piramal Healthcare,Otological,Anti-Inflammatory,76444-320-87,74.02,Oral Solution,"25 mcg/mL Oral Solution, 15 mL bottle. Typical dosing: once daily.","rovir is a anti-inflammatory medication classified under otological drugs.

Mechanism of Action: rovir works by modulating biochemical pathways involved in the disease process.

Pharmacokinetics: Absorption is pH-dependent, optimized in acidic environment. Accumulates in adipose tissue due to lipophilic properties. Metabolized via non-CYP450 pathways. Eliminated through both renal and biliary routes.

Contraindications: Severe renal impairment; Severe hepatic impairment; Hypersensitivity to the active substance or any of the excipients.

Common Adverse Effects: Dizziness, Pruritus, Fatigue, Rash, Nausea, Vomiting, Diarrhea.",,611
793,Tethiazide,tethiazide,Mankind Pharma,Dermatological,Antipruritic,26635-186-26,52.06,Ophthalmic Ointment,"25.0 mg/g Ophthalmic Ointment, 30 g tube. Typical dosing: as directed by physician.","tethiazide is a antipruritic medication classified under dermatological drugs.

Mechanism of Action: tethiazide works by modulating biochemical pathways involved in the disease process.

Pharmacokinetics: Rapidly absorbed from the gastrointestinal tract. Accumulates in adipose tissue due to lipophilic properties. Metabolized through multiple pathways with no single dominant route. Eliminated primarily via renal excretion of unchanged drug.

Contraindications: Severe hepatic impairment; Hypersensitivity to the active substance or any of the excipients; Severe renal impairment; Pregnancy and lactation.

Common Adverse Effects: Fatigue, Diarrhea, Nausea, Rash, Pruritus, Abdominal pain, Vomiting.","DPYD,CYP2E1",344
794,Prosemide,prosemide,Novartis,Hormonal,Androgen,63243-762-93,120.05,Ophthalmic Ointment,"1.0 % Ophthalmic Ointment, 100 g tube. Typical dosing: once daily.","prosemide is indicated for therapeutic applications related to hormonal conditions.

Mechanism of Action: prosemide works by binding to specific receptors in target tissues.

Pharmacokinetics: Absorption is reduced when taken with food. Accumulates in adipose tissue due to lipophilic properties. Metabolized via non-CYP450 pathways. Elimination rate depends on hepatic function.

Contraindications: Severe hepatic impairment; Hypersensitivity to the active substance or any of the excipients; Pregnancy and lactation; Severe renal impairment.

Common Adverse Effects: Headache, Nausea, Vomiting, Rash, Diarrhea, Abdominal pain, Dizziness.",,718
795,Actriptium,actriptium Potassium,Piramal Healthcare,Respiratory,Decongestant,69203-311-78,163.3,Buccal Tablet,"40 mg Buccal Tablet, 120 Buccal Tablets per bottle. Typical dosing: once daily.","actriptium is indicated for maintenance treatment of bronchospasm associated with respiratory disorders.

Mechanism of Action: actriptium works by stimulating beta-2 adrenergic receptors in bronchial smooth muscle, causing bronchodilation.

Pharmacokinetics: Absorption is reduced when taken with food. Distribution limited primarily to the vascular compartment. Metabolized via non-CYP450 pathways. Elimination rate depends on hepatic function.

Contraindications: Status asthmaticus; Severe renal impairment; Hypersensitivity to the active substance or any of the excipients; Pregnancy and lactation; Severe hepatic impairment.

Common Adverse Effects: Fatigue, Headache, Diarrhea, Abdominal pain, Rash.",,270
796,Ramicin,Pfiramicin Hydrochloride,Pfizer,Antibiotic,Tetracycline,28786-173-78,106.22,Capsule,"150 mcg Capsule, 90 Capsules per bottle. Typical dosing: twice daily.","ramicin is a broad-spectrum antibiotic used to treat various bacterial infections throughout the body.

Mechanism of Action: ramicin works by binding to the 30S ribosomal subunit, inhibiting bacterial protein synthesis.

Pharmacokinetics: Absorption is pH-dependent, optimized in acidic environment. Low protein binding (<30%). Metabolized to active metabolites that contribute to the therapeutic effect. Eliminated primarily via renal excretion of unchanged drug.

Contraindications: Pregnancy and lactation; Concurrent use of contraindicated medications; Severe renal impairment; Known bacterial resistance; Myasthenia gravis (for certain antibiotic classes).

Common Adverse Effects: Allergic reactions, Photosensitivity, Diarrhea, Abdominal pain, Pruritus.","CYP2B6,DPYD,OPRM1",654
797,Demethasone,demethasone Sulfate,Baxter International,Nutritional,Mineral,97069-493-91,14.08,Topical Cream,"5 mg/g Topical Cream, 20 g tube. Typical dosing: once daily.","demethasone is indicated for therapeutic applications related to nutritional conditions.

Mechanism of Action: demethasone works by modulating biochemical pathways involved in the disease process.

Pharmacokinetics: Rapidly absorbed from the gastrointestinal tract. Does not significantly penetrate the blood-brain barrier. Metabolized to active metabolites that contribute to the therapeutic effect. Clearance is reduced in patients with renal impairment.

Contraindications: Pregnancy and lactation; Severe renal impairment; Hypersensitivity to the active substance or any of the excipients; Severe hepatic impairment.

Common Adverse Effects: Abdominal pain, Headache, Dizziness, Rash, Nausea.",,749
798,Bemustine,Genbemustine Phosphate,Genentech,Anticancer,Topoisomerase Inhibitor,90741-905-30,1101.47,Tablet,"500 mcg Tablet, 180 Tablets per bottle. Typical dosing: once daily.","bemustine belongs to the class of topoisomerase inhibitor agents within the anticancer category.

Mechanism of Action: bemustine works by modulating biochemical pathways involved in the disease process.

Pharmacokinetics: Absorption is pH-dependent, optimized in acidic environment. Distribution limited primarily to the vascular compartment. Metabolized through multiple pathways with no single dominant route. Eliminated through both renal and biliary routes.

Contraindications: Pregnancy and lactation; Hypersensitivity to the active substance or any of the excipients; Severe hepatic impairment; Severe renal impairment.

Common Adverse Effects: Vomiting, Diarrhea, Rash, Pruritus, Headache, Dizziness.","OPRM1,CYP3A4,CYP2C19",510
799,Azcaine,azcaine Citrate ER,Pfizer,Musculoskeletal,Antigout,50388-399-95,150.44,Effervescent Tablet,"10 mg Effervescent Tablet, 20 Effervescent Tablets per bottle. Typical dosing: three times daily.","azcaine belongs to the class of antigout agents within the musculoskeletal category.

Mechanism of Action: azcaine works by counteracting pathological changes in tissue function.

Pharmacokinetics: Rapidly absorbed from the gastrointestinal tract. Distribution limited primarily to the vascular compartment. Metabolized through multiple pathways with no single dominant route. Terminal half-life of approximately 12-24 hours.

Contraindications: Pregnancy and lactation; Hypersensitivity to the active substance or any of the excipients; Severe hepatic impairment; Severe renal impairment.

Common Adverse Effects: Nausea, Headache, Diarrhea, Rash.","MTHFR,HLA-B*1502,CYP2B6",728
800,Toprazole,toprazole Potassium HCT,Celgene,Musculoskeletal,Bisphosphonate,55942-810-39,172.97,Otic Solution,"20.0 mg/mL Otic Solution, 30 mL bottle. Typical dosing: twice daily.","toprazole is a bisphosphonate medication classified under musculoskeletal drugs.

Mechanism of Action: toprazole works by binding to specific receptors in target tissues.

Pharmacokinetics: Absorption is reduced when taken with food. Distribution limited primarily to the vascular compartment. Metabolism shows significant inter-individual variability. Short half-life of 2-4 hours requiring multiple daily dosing.

Contraindications: Pregnancy and lactation; Severe hepatic impairment; Severe renal impairment; Hypersensitivity to the active substance or any of the excipients.

Common Adverse Effects: Headache, Rash, Pruritus, Fatigue.",,171
801,Pecaine,pecaine Calcium,Piramal Healthcare,Antiparasitic,Antihelminthic,67738-372-93,16.41,Tablet,"1.0 g Tablet, 30 Tablets per bottle. Typical dosing: once daily.","pecaine is indicated for therapeutic applications related to antiparasitic conditions.

Mechanism of Action: pecaine works by enhancing physiological defense mechanisms.

Pharmacokinetics: Subject to significant first-pass metabolism resulting in reduced bioavailability. Does not significantly penetrate the blood-brain barrier. Undergoes conjugation reactions in the liver. Clearance is reduced in patients with renal impairment.

Contraindications: Pregnancy and lactation; Severe renal impairment; Hypersensitivity to the active substance or any of the excipients; Severe hepatic impairment.

Common Adverse Effects: Nausea, Dizziness, Pruritus, Rash.",,356
802,Suridone,suridone SR,Lupin,Musculoskeletal,Bisphosphonate,57920-928-19,46.48,Drops,"5 mg Drops, 10 units per package. Typical dosing: once daily.","suridone is used in the treatment of conditions requiring musculoskeletal therapy.

Mechanism of Action: suridone works by enhancing physiological defense mechanisms.

Pharmacokinetics: Bioavailability is approximately 60-80% after oral administration. Distribution limited primarily to the vascular compartment. Metabolized to active metabolites that contribute to the therapeutic effect. Clearance is reduced in patients with renal impairment.

Contraindications: Pregnancy and lactation; Severe hepatic impairment; Severe renal impairment.

Common Adverse Effects: Fatigue, Vomiting, Diarrhea, Pruritus, Dizziness, Nausea, Abdominal pain.","IFNL3,CFTR",279
803,Glimicin,glimicin HCl,Biogen,Antiparasitic,Antimalarial,77593-570-66,18.65,Oral Suspension,"1000 mcg/mL Oral Suspension, 30 mL bottle. Typical dosing: three times daily.","glimicin is indicated for therapeutic applications related to antiparasitic conditions.

Mechanism of Action: glimicin works by inhibiting key enzymes in pathological processes.

Pharmacokinetics: Rapidly absorbed from the gastrointestinal tract. Widely distributed throughout body tissues. Extensively metabolized in the liver via CYP450 enzymes, primarily CYP3A4. Eliminated primarily via renal excretion of unchanged drug.

Contraindications: Severe hepatic impairment; Severe renal impairment; Hypersensitivity to the active substance or any of the excipients; Pregnancy and lactation.

Common Adverse Effects: Rash, Dizziness, Nausea, Diarrhea.",,417
804,Lerubicin,Glelerubicin IR,Glenmark,Antiparasitic,Antimalarial,66925-406-13,66.56,Vaginal Tablet,"50 mg Vaginal Tablet, 90 Vaginal Tablets per bottle. Typical dosing: once daily.","lerubicin belongs to the class of antimalarial agents within the antiparasitic category.

Mechanism of Action: lerubicin works by enhancing physiological defense mechanisms.

Pharmacokinetics: Absorption is reduced when taken with food. Does not significantly penetrate the blood-brain barrier. Subject to minimal metabolism, with most of the drug excreted unchanged. Elimination rate depends on hepatic function.

Contraindications: Hypersensitivity to the active substance or any of the excipients; Severe hepatic impairment; Pregnancy and lactation; Severe renal impairment.

Common Adverse Effects: Diarrhea, Vomiting, Fatigue, Rash, Nausea.","CYP2B6,G6PD",498
805,Deprazole,deprazole Nitrate Oral,Bayer,Musculoskeletal,Bisphosphonate,56318-460-46,108.6,Nasal Spray,"200 mcg/dose Nasal Spray, 30 mL bottle. Typical dosing: once daily.","deprazole is a bisphosphonate medication classified under musculoskeletal drugs.

Mechanism of Action: deprazole works by modulating biochemical pathways involved in the disease process.

Pharmacokinetics: Absorption is pH-dependent, optimized in acidic environment. Highly protein-bound (approximately 90-95%). Primarily metabolized by CYP2D6 with genetic polymorphisms affecting rate of metabolism. Eliminated primarily via renal excretion of unchanged drug.

Contraindications: Severe hepatic impairment; Severe renal impairment; Pregnancy and lactation; Hypersensitivity to the active substance or any of the excipients.

Common Adverse Effects: Abdominal pain, Diarrhea, Pruritus, Fatigue, Nausea, Dizziness, Headache.",,567
806,Kevir,Lupkevir Sulfate D,Lupin,Antibiotic,Sulfonamide,45306-256-50,212.59,Intravenous Solution,"10 mcg/mL Intravenous Solution, 15 mL bottle. Typical dosing: four times daily.","kevir is a sulfonamide antibiotic that inhibits bacterial cell wall synthesis, effective against both gram-positive and gram-negative organisms.

Mechanism of Action: kevir works by inhibiting DNA gyrase and topoisomerase IV, preventing bacterial DNA replication.

Pharmacokinetics: Rapidly absorbed from the gastrointestinal tract. Highly protein-bound (approximately 90-95%). Subject to minimal metabolism, with most of the drug excreted unchanged. Clearance is reduced in patients with renal impairment.

Contraindications: Pregnancy and lactation; Concurrent use of contraindicated medications; Known bacterial resistance; Severe renal impairment; Myasthenia gravis (for certain antibiotic classes).

Common Adverse Effects: Headache, Dizziness, Photosensitivity, Candidiasis, Allergic reactions, Antibiotic-associated diarrhea.",,525
807,Rozepam,EL-rozepam Phosphate,Eli Lilly,Ophthalmological,Miotic,24044-296-48,123.15,Oral Solution,"5 mcg/mL Oral Solution, 240 mL bottle. Typical dosing: as directed by physician.","rozepam is a miotic medication classified under ophthalmological drugs.

Mechanism of Action: rozepam works by counteracting pathological changes in tissue function.

Pharmacokinetics: Bioavailability is approximately 60-80% after oral administration. Distribution limited primarily to the vascular compartment. Metabolized through multiple pathways with no single dominant route. Prolonged half-life allowing once-daily dosing.

Contraindications: Hypersensitivity to the active substance or any of the excipients; Severe renal impairment; Severe hepatic impairment.

Common Adverse Effects: Fatigue, Dizziness, Nausea, Vomiting, Headache, Diarrhea.","CYP2C9,MTHFR,CYP2B6",436
808,Aztide,aztide,Roche,Antidiabetic,SGLT2 Inhibitor,70738-864-53,123.51,Dispersible Tablet,"50.0 mg Dispersible Tablet, 28 Dispersible Tablets per bottle. Typical dosing: twice daily.","aztide improves insulin sensitivity and reduces hepatic glucose production, leading to better glycemic control.

Mechanism of Action: aztide works by increasing tissue sensitivity to insulin and reducing hepatic glucose production.

Pharmacokinetics: Bioavailability is approximately 60-80% after oral administration. Crosses the blood-brain barrier. Metabolized via non-CYP450 pathways. Clearance is reduced in patients with renal impairment.

Contraindications: Severe hepatic impairment; Hypersensitivity to the active substance or any of the excipients; Severe renal impairment.

Common Adverse Effects: Urinary tract infections, Genital mycotic infections, Fatigue, Diarrhea, Pruritus, Headache, Rash.","CYP2D6,OPRM1",283
809,Siracil,siracil SR,Roche,Anticancer,Hormone Therapy,57561-480-85,874.41,Rectal Suppository,"5 mg Rectal Suppository, 100 units per package. Typical dosing: three times daily.","siracil belongs to the class of hormone therapy agents within the anticancer category.

Mechanism of Action: siracil works by counteracting pathological changes in tissue function.

Pharmacokinetics: Slowly absorbed after oral administration. Distribution limited primarily to the vascular compartment. Metabolized via non-CYP450 pathways. Excreted in urine as metabolites.

Contraindications: Hypersensitivity to the active substance or any of the excipients; Severe renal impairment; Severe hepatic impairment; Pregnancy and lactation.

Common Adverse Effects: Nausea, Headache, Vomiting, Fatigue, Diarrhea, Dizziness, Rash.","CYP2C9,HLA-B*1502",647
810,Aztinib,aztinib Oral,Boehringer Ingelheim,Immunological,Interferons,27545-483-15,445.75,Oral Solution,"0.05 % Oral Solution, 120 mL bottle. Typical dosing: twice daily.","aztinib belongs to the class of interferons agents within the immunological category.

Mechanism of Action: aztinib works by enhancing physiological defense mechanisms.

Pharmacokinetics: Well absorbed through transdermal application. Accumulates in adipose tissue due to lipophilic properties. Metabolized through multiple pathways with no single dominant route. Eliminated primarily via renal excretion of unchanged drug.

Contraindications: Hypersensitivity to the active substance or any of the excipients; Severe renal impairment; Pregnancy and lactation; Severe hepatic impairment.

Common Adverse Effects: Nausea, Vomiting, Abdominal pain, Headache, Rash, Fatigue.","CFTR,DPYD",490
811,Laolol,Genlaolol,Genentech,Cardiovascular,Diuretic,98131-307-89,88.76,Buccal Tablet,"2.5 mg Buccal Tablet, 180 Buccal Tablets per bottle. Typical dosing: twice daily.","laolol belongs to the class of diuretic medications and is used to treat various cardiovascular disorders including coronary artery disease.

Mechanism of Action: laolol works by promoting sodium and water excretion by inhibiting sodium reabsorption in the distal tubule.

Pharmacokinetics: Rapidly absorbed from the gastrointestinal tract. Crosses the blood-brain barrier. Subject to minimal metabolism, with most of the drug excreted unchanged. Elimination rate depends on hepatic function.

Contraindications: Pregnancy and lactation; Hypersensitivity to the active substance or any of the excipients; Second or third-degree heart block; Severe renal impairment.

Common Adverse Effects: Flushing, Palpitations, Chest pain, Headache, Diarrhea, Dizziness, Edema.",,501
812,Henavir,Luphenavir Sodium HCT,Lupin,Immunological,Antirheumatic,61504-103-95,387.71,Orally Disintegrating Tablet,"25 mg Orally Disintegrating Tablet, 50 Orally Disintegrating Tablets per bottle. Typical dosing: once daily.","henavir is used in the treatment of conditions requiring immunological therapy.

Mechanism of Action: henavir works by inhibiting key enzymes in pathological processes.

Pharmacokinetics: Absorption is pH-dependent, optimized in acidic environment. Does not significantly penetrate the blood-brain barrier. Subject to minimal metabolism, with most of the drug excreted unchanged. Elimination rate depends on hepatic function.

Contraindications: Severe renal impairment; Severe hepatic impairment; Hypersensitivity to the active substance or any of the excipients; Pregnancy and lactation.

Common Adverse Effects: Nausea, Pruritus, Vomiting, Rash, Headache.","COMT,CYP2C19",645
813,Liglitazone,liglitazone Citrate,Serum Institute,Antidiabetic,Meglitinide,72975-970-61,285.17,Chewable Tablet,"10.0 mg Chewable Tablet, 20 Chewable Tablets per bottle. Typical dosing: twice daily.","liglitazone stimulates insulin secretion from pancreatic beta cells, helping to lower blood glucose levels in diabetic patients.

Mechanism of Action: liglitazone works by inhibiting intestinal alpha-glucosidase enzymes, delaying carbohydrate absorption.

Pharmacokinetics: Rapidly absorbed from the gastrointestinal tract. Low protein binding (<30%). Primarily metabolized by CYP2D6 with genetic polymorphisms affecting rate of metabolism. Elimination rate depends on hepatic function.

Contraindications: Severe renal impairment (GFR < 30 mL/min); Severe renal impairment; Pregnancy and lactation; Severe hepatic impairment; Diabetic ketoacidosis.

Common Adverse Effects: Hypoglycemia, Diarrhea, Headache, Weight gain, Abdominal pain.",,301
814,Moprofen,SP-moprofen Phosphate,Strides Pharma,Ophthalmological,Miotic,75253-919-45,29.38,Capsule,"500 mg Capsule, 180 Capsules per bottle. Typical dosing: twice daily.","moprofen is used in the treatment of conditions requiring ophthalmological therapy.

Mechanism of Action: moprofen works by inhibiting key enzymes in pathological processes.

Pharmacokinetics: Subject to significant first-pass metabolism resulting in reduced bioavailability. Accumulates in adipose tissue due to lipophilic properties. Extensively metabolized in the liver via CYP450 enzymes, primarily CYP3A4. Prolonged half-life allowing once-daily dosing.

Contraindications: Pregnancy and lactation; Hypersensitivity to the active substance or any of the excipients; Severe renal impairment.

Common Adverse Effects: Dizziness, Fatigue, Pruritus, Diarrhea, Headache.","VKORC1,COMT",540
815,Dioxacin,AP-dioxacin XR,Aurobindo Pharma,Respiratory,Bronchodilator,87909-350-85,66.2,Nasal Spray,"500 mcg/dose Nasal Spray, 20 mL bottle. Typical dosing: every 4-6 hours as needed.","dioxacin is indicated for maintenance treatment of bronchospasm associated with respiratory disorders.

Mechanism of Action: dioxacin works by stimulating beta-2 adrenergic receptors in bronchial smooth muscle, causing bronchodilation.

Pharmacokinetics: Well absorbed through transdermal application. Widely distributed throughout body tissues. Metabolism shows significant inter-individual variability. Excreted in urine as metabolites.

Contraindications: Status asthmaticus; Pregnancy and lactation; Severe renal impairment.

Common Adverse Effects: Pruritus, Dyspnea, Rash, Cough.",,324
816,Besemide,Baybesemide,Bayer,Musculoskeletal,Antigout,86895-787-65,152.19,Buccal Tablet,"10 mg Buccal Tablet, 14 Buccal Tablets per bottle. Typical dosing: once daily.","besemide belongs to the class of antigout agents within the musculoskeletal category.

Mechanism of Action: besemide works by inhibiting key enzymes in pathological processes.

Pharmacokinetics: Slowly absorbed after oral administration. Low protein binding (<30%). Subject to minimal metabolism, with most of the drug excreted unchanged. Excreted in urine as metabolites.

Contraindications: Severe hepatic impairment; Hypersensitivity to the active substance or any of the excipients; Pregnancy and lactation.

Common Adverse Effects: Abdominal pain, Nausea, Headache, Pruritus, Fatigue.",,377
817,Beglitazone,AP-beglitazone Forte,Aurobindo Pharma,Antidiabetic,DPP-4 Inhibitor,35991-191-98,444.83,Transdermal Patch,"10 mcg/h Transdermal Patch, 10 patches per box. Typical dosing: twice daily.","beglitazone stimulates insulin secretion from pancreatic beta cells, helping to lower blood glucose levels in diabetic patients.

Mechanism of Action: beglitazone works by inhibiting sodium-glucose cotransporter 2 (SGLT2) in the kidneys, increasing urinary glucose excretion.

Pharmacokinetics: Bioavailability is approximately 60-80% after oral administration. Low protein binding (<30%). Metabolized through multiple pathways with no single dominant route. Eliminated primarily via renal excretion of unchanged drug.

Contraindications: Type 1 diabetes mellitus (for certain antidiabetic classes); Severe renal impairment; Acute or chronic metabolic acidosis; Pregnancy and lactation; Severe renal impairment (GFR < 30 mL/min).

Common Adverse Effects: Diarrhea, Genital mycotic infections, Urinary tract infections, Nausea, Headache, Rash, Fatigue.",,570
818,Motoin,motoin Potassium D,Allergan,Antiviral,Nucleoside Analog,10746-621-34,757.98,Film-Coated Tablet,"200 mg Film-Coated Tablet, 50 Film-Coated Tablets per bottle. Typical dosing: as directed by physician.","motoin is used in the treatment of conditions requiring antiviral therapy.

Mechanism of Action: motoin works by counteracting pathological changes in tissue function.

Pharmacokinetics: Absorption is enhanced when taken with food. Distribution limited primarily to the vascular compartment. Extensively metabolized in the liver via CYP450 enzymes, primarily CYP3A4. Clearance is reduced in patients with renal impairment.

Contraindications: Severe hepatic impairment; Pregnancy and lactation; Severe renal impairment.

Common Adverse Effects: Diarrhea, Headache, Abdominal pain, Pruritus, Dizziness.",,487
819,Enmycin,enmycin,Pfizer,Ophthalmological,Lubricant,27914-614-73,108.32,Dispersible Tablet,"20 mg Dispersible Tablet, 14 Dispersible Tablets per bottle. Typical dosing: once daily.","enmycin is indicated for therapeutic applications related to ophthalmological conditions.

Mechanism of Action: enmycin works by counteracting pathological changes in tissue function.

Pharmacokinetics: Subject to significant first-pass metabolism resulting in reduced bioavailability. Distribution limited primarily to the vascular compartment. Subject to minimal metabolism, with most of the drug excreted unchanged. Terminal half-life of approximately 12-24 hours.

Contraindications: Severe hepatic impairment; Pregnancy and lactation; Hypersensitivity to the active substance or any of the excipients; Severe renal impairment.

Common Adverse Effects: Fatigue, Headache, Vomiting, Pruritus.",,332
820,Zomab,zomab Sulfate,Merck,Anticancer,Antimetabolite,86368-658-41,679.77,Nasal Spray,"5 mcg/dose Nasal Spray, 15 mL bottle. Typical dosing: three times daily.","zomab is a antimetabolite medication classified under anticancer drugs.

Mechanism of Action: zomab works by inhibiting key enzymes in pathological processes.

Pharmacokinetics: Absorption is reduced when taken with food. Does not significantly penetrate the blood-brain barrier. Extensively metabolized in the liver via CYP450 enzymes, primarily CYP3A4. Short half-life of 2-4 hours requiring multiple daily dosing.

Contraindications: Severe hepatic impairment; Pregnancy and lactation; Severe renal impairment; Hypersensitivity to the active substance or any of the excipients.

Common Adverse Effects: Diarrhea, Vomiting, Pruritus, Rash, Fatigue.",HLA-B*5701,602
821,Enzolam,ZC-enzolam IV,Zydus Cadila,Central Nervous System,Antidepressant,20954-969-42,37.6,Topical Ointment,"5.0 mg/g Topical Ointment, 20 g tube. Typical dosing: once daily.","enzolam is indicated for the management of chronic pain conditions through its action on central pain pathways.

Mechanism of Action: enzolam works by inhibiting monoamine oxidase, increasing levels of monoamine neurotransmitters.

Pharmacokinetics: Slowly absorbed after oral administration. Moderately protein-bound (approximately 60-80%). Metabolized through multiple pathways with no single dominant route. Terminal half-life of approximately 12-24 hours.

Contraindications: Severe hepatic impairment; Angle-closure glaucoma; Recent myocardial infarction.

Common Adverse Effects: Fatigue, Depression, Abdominal pain, Headache.",,488
822,Flufibrate,flufibrate,Alkem Laboratories,Otological,Anti-Inflammatory,86120-406-45,146.63,Injection,"20.0 mg/mL Injection, 50 1 mL vials. Typical dosing: once daily.","flufibrate is indicated for therapeutic applications related to otological conditions.

Mechanism of Action: flufibrate works by enhancing physiological defense mechanisms.

Pharmacokinetics: Well absorbed through transdermal application. Widely distributed throughout body tissues. Metabolized through multiple pathways with no single dominant route. Eliminated through both renal and biliary routes.

Contraindications: Severe renal impairment; Pregnancy and lactation; Hypersensitivity to the active substance or any of the excipients; Severe hepatic impairment.

Common Adverse Effects: Headache, Diarrhea, Dizziness, Vomiting, Abdominal pain, Nausea, Fatigue.",,429
823,Esvir,esvir SR,Bayer,Otological,Cerumenolytic,85748-514-49,123.16,Inhalation Solution,"0.1 % Inhalation Solution, 60 mL bottle. Typical dosing: once daily.","esvir belongs to the class of cerumenolytic agents within the otological category.

Mechanism of Action: esvir works by binding to specific receptors in target tissues.

Pharmacokinetics: Absorption is reduced when taken with food. Widely distributed throughout body tissues. Metabolized through multiple pathways with no single dominant route. Elimination rate depends on hepatic function.

Contraindications: Severe hepatic impairment; Pregnancy and lactation; Severe renal impairment.

Common Adverse Effects: Vomiting, Pruritus, Headache, Dizziness, Abdominal pain.",,550
824,Toglitazone,toglitazone ER,Johnson & Johnson,Dermatological,Antipruritic,48297-301-76,121.74,Powder for Reconstitution,"1.0 mg Powder for Reconstitution, 30 units per package. Typical dosing: as directed by physician.","toglitazone is indicated for therapeutic applications related to dermatological conditions.

Mechanism of Action: toglitazone works by inhibiting key enzymes in pathological processes.

Pharmacokinetics: Slowly absorbed after oral administration. Moderately protein-bound (approximately 60-80%). Extensively metabolized in the liver via CYP450 enzymes, primarily CYP3A4. Eliminated through both renal and biliary routes.

Contraindications: Hypersensitivity to the active substance or any of the excipients; Severe hepatic impairment; Pregnancy and lactation; Severe renal impairment.

Common Adverse Effects: Headache, Diarrhea, Rash, Fatigue.",,656
825,Gesteride,gesteride Calcium,Johnson & Johnson,Hormonal,Corticosteroid,12148-412-78,176.26,Chewable Tablet,"0.25 mg Chewable Tablet, 100 Chewable Tablets per bottle. Typical dosing: once daily.","gesteride is a corticosteroid medication classified under hormonal drugs.

Mechanism of Action: gesteride works by inhibiting key enzymes in pathological processes.

Pharmacokinetics: Absorption is enhanced when taken with food. Moderately protein-bound (approximately 60-80%). Metabolized through multiple pathways with no single dominant route. Clearance is reduced in patients with renal impairment.

Contraindications: Hypersensitivity to the active substance or any of the excipients; Pregnancy and lactation; Severe hepatic impairment; Severe renal impairment.

Common Adverse Effects: Headache, Vomiting, Rash, Diarrhea.",,588
826,Glimustine,glimustine,Bristol-Myers Squibb,Anticancer,Alkylating Agent,86599-341-59,1357.81,Tablet,"100 mg Tablet, 120 Tablets per bottle. Typical dosing: three times daily.","glimustine is a alkylating agent medication classified under anticancer drugs.

Mechanism of Action: glimustine works by enhancing physiological defense mechanisms.

Pharmacokinetics: Well absorbed through transdermal application. Distribution limited primarily to the vascular compartment. Metabolized to active metabolites that contribute to the therapeutic effect. Prolonged half-life allowing once-daily dosing.

Contraindications: Pregnancy and lactation; Hypersensitivity to the active substance or any of the excipients; Severe renal impairment; Severe hepatic impairment.

Common Adverse Effects: Dizziness, Headache, Vomiting, Pruritus, Rash.",DPYD,298
827,Sevir,sevir,Pfizer,Immunological,Vaccine,93637-370-95,378.89,Powder for Reconstitution,"500 mg Powder for Reconstitution, 100 units per package. Typical dosing: twice daily.","sevir is used in the treatment of conditions requiring immunological therapy.

Mechanism of Action: sevir works by inhibiting key enzymes in pathological processes.

Pharmacokinetics: Absorption is pH-dependent, optimized in acidic environment. Distribution limited primarily to the vascular compartment. Metabolized through multiple pathways with no single dominant route. Eliminated primarily via renal excretion of unchanged drug.

Contraindications: Pregnancy and lactation; Severe hepatic impairment; Severe renal impairment; Hypersensitivity to the active substance or any of the excipients.

Common Adverse Effects: Abdominal pain, Diarrhea, Rash, Fatigue, Dizziness, Vomiting.","VKORC1,CYP1A2",553
828,Didronate,didronate Hydrochloride,Sun Pharmaceutical,Nutritional,Electrolyte,93588-392-48,29.52,Nasal Spray,"1.0 % Nasal Spray, 15 mL bottle. Typical dosing: three times daily.","didronate is indicated for therapeutic applications related to nutritional conditions.

Mechanism of Action: didronate works by modulating biochemical pathways involved in the disease process.

Pharmacokinetics: Rapidly absorbed from the gastrointestinal tract. Crosses the blood-brain barrier. Primarily metabolized by CYP2D6 with genetic polymorphisms affecting rate of metabolism. Clearance is reduced in patients with renal impairment.

Contraindications: Pregnancy and lactation; Severe renal impairment; Hypersensitivity to the active substance or any of the excipients; Severe hepatic impairment.

Common Adverse Effects: Vomiting, Dizziness, Rash, Diarrhea.",,630
829,Fifenac,fifenac Forte,Biocon,Hormonal,Corticosteroid,18336-556-50,240.74,Inhalation Powder,"200 mcg/dose Inhalation Powder, 120 doses per inhaler. Typical dosing: three times daily.","fifenac is a corticosteroid medication classified under hormonal drugs.

Mechanism of Action: fifenac works by enhancing physiological defense mechanisms.

Pharmacokinetics: Subject to significant first-pass metabolism resulting in reduced bioavailability. Moderately protein-bound (approximately 60-80%). Metabolism shows significant inter-individual variability. Eliminated primarily via renal excretion of unchanged drug.

Contraindications: Severe renal impairment; Pregnancy and lactation; Severe hepatic impairment; Hypersensitivity to the active substance or any of the excipients.

Common Adverse Effects: Rash, Nausea, Vomiting, Fatigue, Headache.",,485
830,Becycline,becycline,Biocon,Antiviral,Protease Inhibitor,18464-905-89,111.84,Chewable Tablet,"50 mg Chewable Tablet, 50 Chewable Tablets per bottle. Typical dosing: three times daily.","becycline is indicated for therapeutic applications related to antiviral conditions.

Mechanism of Action: becycline works by inhibiting key enzymes in pathological processes.

Pharmacokinetics: Bioavailability is approximately 60-80% after oral administration. Accumulates in adipose tissue due to lipophilic properties. Metabolized to active metabolites that contribute to the therapeutic effect. Elimination rate depends on hepatic function.

Contraindications: Severe renal impairment; Pregnancy and lactation; Severe hepatic impairment; Hypersensitivity to the active substance or any of the excipients.

Common Adverse Effects: Rash, Pruritus, Diarrhea, Vomiting, Headache, Nausea.",CYP3A4,430
831,Azconazole,azconazole,Bayer,Dermatological,Antiseptic,42136-404-38,78.66,Otic Solution,"0.05 % Otic Solution, 30 mL bottle. Typical dosing: once daily.","azconazole is a antiseptic medication classified under dermatological drugs.

Mechanism of Action: azconazole works by binding to specific receptors in target tissues.

Pharmacokinetics: Slowly absorbed after oral administration. Widely distributed throughout body tissues. Metabolized through multiple pathways with no single dominant route. Terminal half-life of approximately 12-24 hours.

Contraindications: Severe hepatic impairment; Severe renal impairment; Hypersensitivity to the active substance or any of the excipients.

Common Adverse Effects: Nausea, Diarrhea, Vomiting, Abdominal pain, Fatigue, Headache, Rash.",,477
832,Promicin,Pfipromicin,Pfizer,Antibiotic,Carbapenem,29216-166-51,47.52,Otic Solution,"20.0 mg/mL Otic Solution, 480 mL bottle. Typical dosing: twice daily.","promicin is indicated for the treatment of infections caused by susceptible strains of designated microorganisms.

Mechanism of Action: promicin works by binding to the 30S ribosomal subunit, inhibiting bacterial protein synthesis.

Pharmacokinetics: Bioavailability is approximately 60-80% after oral administration. Accumulates in adipose tissue due to lipophilic properties. Metabolized through multiple pathways with no single dominant route. Excreted in urine as metabolites.

Contraindications: Severe hepatic impairment; History of antibiotic-associated colitis; Severe renal impairment; Myasthenia gravis (for certain antibiotic classes); Pregnancy and lactation.

Common Adverse Effects: Fatigue, QT interval prolongation, Allergic reactions, Photosensitivity, Headache.","CFTR,TPMT",602
833,Estiderol,estiderol Hydrochloride,Piramal Healthcare,Respiratory,Expectorant,76818-489-66,115.1,Drops,"100 mg Drops, 10 units per package. Typical dosing: twice daily.","estiderol is used for symptomatic relief of respiratory tract disorders characterized by congestion and inflammation.

Mechanism of Action: estiderol works by antagonizing histamine H1 receptors, reducing allergic responses.

Pharmacokinetics: Rapidly absorbed from the gastrointestinal tract. Widely distributed throughout body tissues. Metabolized via non-CYP450 pathways. Excreted in urine as metabolites.

Contraindications: Untreated fungal infections of the respiratory tract; Pregnancy and lactation; Severe renal impairment; Severe hepatic impairment.

Common Adverse Effects: Headache, Bronchospasm, Nausea, Dizziness.",,777
834,Retriptan,NN-retriptan Potassium ER,Novo Nordisk,Immunological,Antirheumatic,46567-676-47,59.08,Vaginal Cream,"50 mg Vaginal Cream, 20 g tube. Typical dosing: once daily.","retriptan is used in the treatment of conditions requiring immunological therapy.

Mechanism of Action: retriptan works by inhibiting key enzymes in pathological processes.

Pharmacokinetics: Bioavailability is approximately 60-80% after oral administration. Does not significantly penetrate the blood-brain barrier. Subject to minimal metabolism, with most of the drug excreted unchanged. Excreted in urine as metabolites.

Contraindications: Severe renal impairment; Severe hepatic impairment; Pregnancy and lactation; Hypersensitivity to the active substance or any of the excipients.

Common Adverse Effects: Headache, Nausea, Pruritus, Dizziness, Abdominal pain, Rash, Diarrhea.",ABCB1,578
835,Vetide,vetide,Bristol-Myers Squibb,Antidiabetic,Meglitinide,96581-752-73,290.59,Buccal Tablet,"1.0 mg Buccal Tablet, 50 Buccal Tablets per bottle. Typical dosing: twice daily.","vetide stimulates insulin secretion from pancreatic beta cells, helping to lower blood glucose levels in diabetic patients.

Mechanism of Action: vetide works by inhibiting sodium-glucose cotransporter 2 (SGLT2) in the kidneys, increasing urinary glucose excretion.

Pharmacokinetics: Rapidly absorbed from the gastrointestinal tract. Low protein binding (<30%). Extensively metabolized in the liver via CYP450 enzymes, primarily CYP3A4. Excreted in urine as metabolites.

Contraindications: Severe renal impairment (GFR < 30 mL/min); Hypersensitivity to the active substance or any of the excipients; Acute or chronic metabolic acidosis; Severe hepatic impairment; Type 1 diabetes mellitus (for certain antidiabetic classes).

Common Adverse Effects: Hypoglycemia, Headache, Rash, Nausea.",,374
836,Ciglitazone,ciglitazone Hydrochloride,Gilead Sciences,Dermatological,Antifungal,85455-241-81,73.93,Nasal Spray,"2.5 % Nasal Spray, 10 mL bottle. Typical dosing: once daily.","ciglitazone is used in the treatment of conditions requiring dermatological therapy.

Mechanism of Action: ciglitazone works by inhibiting key enzymes in pathological processes.

Pharmacokinetics: Rapidly absorbed from the gastrointestinal tract. Highly protein-bound (approximately 90-95%). Undergoes conjugation reactions in the liver. Elimination rate depends on hepatic function.

Contraindications: Pregnancy and lactation; Severe renal impairment; Severe hepatic impairment; Hypersensitivity to the active substance or any of the excipients.

Common Adverse Effects: Abdominal pain, Dizziness, Headache, Rash, Fatigue, Pruritus, Vomiting.",,620
837,Ragliptin,ragliptin,Aurobindo Pharma,Anticancer,Antimetabolite,62795-555-15,448.21,Chewable Tablet,"100 mg Chewable Tablet, 100 Chewable Tablets per bottle. Typical dosing: as directed by physician.","ragliptin is used in the treatment of conditions requiring anticancer therapy.

Mechanism of Action: ragliptin works by binding to specific receptors in target tissues.

Pharmacokinetics: Subject to significant first-pass metabolism resulting in reduced bioavailability. Low protein binding (<30%). Metabolized through multiple pathways with no single dominant route. Prolonged half-life allowing once-daily dosing.

Contraindications: Severe renal impairment; Severe hepatic impairment; Pregnancy and lactation; Hypersensitivity to the active substance or any of the excipients.

Common Adverse Effects: Fatigue, Abdominal pain, Vomiting, Nausea, Diarrhea.",,348
838,Aclukast,aclukast Sodium HCT,Pfizer,Respiratory,Expectorant,61137-164-49,155.39,Otic Solution,"0.025 % Otic Solution, 120 mL bottle. Typical dosing: once daily.","aclukast helps reduce inflammation and bronchospasm in the airways, improving breathing in patients with respiratory conditions.

Mechanism of Action: aclukast works by stimulating beta-2 adrenergic receptors in bronchial smooth muscle, causing bronchodilation.

Pharmacokinetics: Well absorbed through transdermal application. Crosses the blood-brain barrier. Metabolized through multiple pathways with no single dominant route. Short half-life of 2-4 hours requiring multiple daily dosing.

Contraindications: Severe renal impairment; Pregnancy and lactation; Severe hepatic impairment; Known hypersensitivity to adrenergic compounds.

Common Adverse Effects: Dyspnea, Bronchospasm, Nausea, Abdominal pain.",,206
839,Latide,latide Sulfate,Intas Pharmaceuticals,Respiratory,Mucolytic,74219-404-30,157.13,Nasal Spray,"400 mcg/dose Nasal Spray, 10 mL bottle. Typical dosing: twice daily.","latide is used for symptomatic relief of respiratory tract disorders characterized by congestion and inflammation.

Mechanism of Action: latide works by blocking leukotriene receptors, reducing bronchial inflammation and constriction.

Pharmacokinetics: Well absorbed through transdermal application. Accumulates in adipose tissue due to lipophilic properties. Primarily metabolized by CYP2D6 with genetic polymorphisms affecting rate of metabolism. Clearance is reduced in patients with renal impairment.

Contraindications: Hypersensitivity to the active substance or any of the excipients; Known hypersensitivity to adrenergic compounds; Severe renal impairment; Status asthmaticus.

Common Adverse Effects: Diarrhea, Pharyngitis, Dyspnea, Rash.",,322
840,Gedipine,SP-gedipine,Sun Pharmaceutical,Antiviral,Integrase Inhibitor,59812-939-69,461.65,Syrup,"5 mg/5mL Syrup, 30 mL bottle. Typical dosing: twice daily.","gedipine is a integrase inhibitor medication classified under antiviral drugs.

Mechanism of Action: gedipine works by enhancing physiological defense mechanisms.

Pharmacokinetics: Well absorbed through transdermal application. Low protein binding (<30%). Metabolism shows significant inter-individual variability. Eliminated primarily via renal excretion of unchanged drug.

Contraindications: Pregnancy and lactation; Severe renal impairment; Hypersensitivity to the active substance or any of the excipients; Severe hepatic impairment.

Common Adverse Effects: Vomiting, Headache, Fatigue, Rash, Nausea, Diarrhea.",,527
841,Macitabine,BI-macitabine,Baxter International,Antibiotic,Quinolone,52080-613-28,103.53,Intravenous Solution,"4.0 mEq/mL Intravenous Solution, 480 mL bottle. Typical dosing: twice daily.","macitabine is a quinolone antibiotic that inhibits bacterial cell wall synthesis, effective against both gram-positive and gram-negative organisms.

Mechanism of Action: macitabine works by binding to the 30S ribosomal subunit, inhibiting bacterial protein synthesis.

Pharmacokinetics: Absorption is enhanced when taken with food. Distribution limited primarily to the vascular compartment. Primarily metabolized by CYP2D6 with genetic polymorphisms affecting rate of metabolism. Short half-life of 2-4 hours requiring multiple daily dosing.

Contraindications: Known bacterial resistance; Severe hepatic impairment; Severe renal impairment.

Common Adverse Effects: Nausea, Vomiting, Abdominal pain, Fatigue, Tooth discoloration, Dizziness, Headache.",,295
842,Propril,propril,Aurobindo Pharma,Respiratory,Mucolytic,35216-913-83,121.35,Tablet,"2.0 g Tablet, 10 Tablets per bottle. Typical dosing: every 4-6 hours as needed.","propril is used for symptomatic relief of respiratory tract disorders characterized by congestion and inflammation.

Mechanism of Action: propril works by inhibiting phosphodiesterase enzymes, resulting in bronchodilation and anti-inflammatory effects.

Pharmacokinetics: Rapidly absorbed from the gastrointestinal tract. Does not significantly penetrate the blood-brain barrier. Metabolized through multiple pathways with no single dominant route. Excreted in urine as metabolites.

Contraindications: Untreated fungal infections of the respiratory tract; Severe renal impairment; Severe hepatic impairment.

Common Adverse Effects: Dyspnea, Bronchospasm, Vomiting, Cough, Pruritus, Fatigue.",OPRM1,491
843,Lianide,lianide Potassium,Roche,Dermatological,Corticosteroid,43283-809-59,94.82,Vaginal Tablet,"5.0 mg Vaginal Tablet, 28 Vaginal Tablets per bottle. Typical dosing: as directed by physician.","lianide is indicated for therapeutic applications related to dermatological conditions.

Mechanism of Action: lianide works by inhibiting key enzymes in pathological processes.

Pharmacokinetics: Absorption is reduced when taken with food. Crosses the blood-brain barrier. Primarily metabolized by CYP2D6 with genetic polymorphisms affecting rate of metabolism. Short half-life of 2-4 hours requiring multiple daily dosing.

Contraindications: Hypersensitivity to the active substance or any of the excipients; Severe renal impairment; Severe hepatic impairment.

Common Adverse Effects: Rash, Abdominal pain, Headache, Dizziness.",,418
844,Fizolam,Novfizolam ER,Novartis,Central Nervous System,Antipyretic,93930-460-70,216.76,Syrup,"0.1 % Syrup, 240 mL bottle. Typical dosing: at bedtime.","fizolam is used in the treatment of neurological and psychiatric disorders by modulating neurotransmitter activity.

Mechanism of Action: fizolam works by enhancing GABAergic neurotransmission, producing anxiolytic and sedative effects.

Pharmacokinetics: Subject to significant first-pass metabolism resulting in reduced bioavailability. Moderately protein-bound (approximately 60-80%). Extensively metabolized in the liver via CYP450 enzymes, primarily CYP3A4. Short half-life of 2-4 hours requiring multiple daily dosing.

Contraindications: Severe hepatic impairment; Suicidal ideation; Seizure disorders; Concomitant use of monoamine oxidase inhibitors; Severe renal impairment.

Common Adverse Effects: Fatigue, Vomiting, Rash, Dizziness.",,569
845,Vioxacin,vioxacin D,Pfizer,Ophthalmological,Mydriatic,61494-616-77,57.59,Chewable Tablet,"500 mg Chewable Tablet, 100 Chewable Tablets per bottle. Typical dosing: once daily.","vioxacin is used in the treatment of conditions requiring ophthalmological therapy.

Mechanism of Action: vioxacin works by binding to specific receptors in target tissues.

Pharmacokinetics: Rapidly absorbed from the gastrointestinal tract. Does not significantly penetrate the blood-brain barrier. Metabolized through multiple pathways with no single dominant route. Prolonged half-life allowing once-daily dosing.

Contraindications: Hypersensitivity to the active substance or any of the excipients; Severe hepatic impairment; Pregnancy and lactation.

Common Adverse Effects: Diarrhea, Abdominal pain, Nausea, Headache, Rash, Pruritus.","CYP2B6,CYP2C9,IFNL3",481
846,Tilizid,tilizid,Glenmark,Antiviral,Integrase Inhibitor,53959-760-84,135.98,Powder for Reconstitution,"200 mg Powder for Reconstitution, 50 units per package. Typical dosing: three times daily.","tilizid is a integrase inhibitor medication classified under antiviral drugs.

Mechanism of Action: tilizid works by inhibiting key enzymes in pathological processes.

Pharmacokinetics: Bioavailability is approximately 60-80% after oral administration. Widely distributed throughout body tissues. Subject to minimal metabolism, with most of the drug excreted unchanged. Eliminated primarily via renal excretion of unchanged drug.

Contraindications: Pregnancy and lactation; Hypersensitivity to the active substance or any of the excipients; Severe hepatic impairment.

Common Adverse Effects: Dizziness, Diarrhea, Fatigue, Pruritus.",,345
847,Flustatin,flustatin SR,Zydus Cadila,Antiviral,Protease Inhibitor,66220-528-29,492.1,Sublingual Tablet,"100 mg Sublingual Tablet, 120 Sublingual Tablets per bottle. Typical dosing: as directed by physician.","flustatin is indicated for therapeutic applications related to antiviral conditions.

Mechanism of Action: flustatin works by inhibiting key enzymes in pathological processes.

Pharmacokinetics: Rapidly absorbed from the gastrointestinal tract. Highly protein-bound (approximately 90-95%). Primarily metabolized by CYP2D6 with genetic polymorphisms affecting rate of metabolism. Clearance is reduced in patients with renal impairment.

Contraindications: Pregnancy and lactation; Hypersensitivity to the active substance or any of the excipients; Severe renal impairment.

Common Adverse Effects: Fatigue, Abdominal pain, Nausea, Vomiting, Diarrhea, Pruritus.",,683
848,Kethiazide,kethiazide,Sun Pharmaceutical,Central Nervous System,Opioid,61491-916-46,203.33,Chewable Tablet,"50.0 mg Chewable Tablet, 10 Chewable Tablets per bottle. Typical dosing: twice daily.","kethiazide is used in the treatment of neurological and psychiatric disorders by modulating neurotransmitter activity.

Mechanism of Action: kethiazide works by enhancing GABAergic neurotransmission, producing anxiolytic and sedative effects.

Pharmacokinetics: Bioavailability is approximately 60-80% after oral administration. Distribution limited primarily to the vascular compartment. Undergoes conjugation reactions in the liver. Terminal half-life of approximately 12-24 hours.

Contraindications: Pregnancy and lactation; Seizure disorders; Hypersensitivity to the active substance or any of the excipients.

Common Adverse Effects: Rash, Tremor, Insomnia, Pruritus, Paresthesia, Headache, Fatigue.",,815
849,Parubicin,Merparubicin,Merck,Antibiotic,Carbapenem,56697-207-66,73.17,Rectal Suppository,"250 mg Rectal Suppository, 100 units per package. Typical dosing: three times daily.","parubicin demonstrates bactericidal activity against a wide spectrum of pathogens commonly associated with respiratory, skin, and urinary tract infections.

Mechanism of Action: parubicin works by inhibiting DNA gyrase and topoisomerase IV, preventing bacterial DNA replication.

Pharmacokinetics: Subject to significant first-pass metabolism resulting in reduced bioavailability. Moderately protein-bound (approximately 60-80%). Primarily metabolized by CYP2D6 with genetic polymorphisms affecting rate of metabolism. Eliminated primarily via renal excretion of unchanged drug.

Contraindications: Severe hepatic impairment; Known bacterial resistance; Concurrent use of contraindicated medications; History of antibiotic-associated colitis; Myasthenia gravis (for certain antibiotic classes).

Common Adverse Effects: QT interval prolongation, Abdominal pain, Dizziness, Candidiasis, Allergic reactions, Pruritus, Vomiting.",ABCB1,363
850,Zopril,DR-zopril Hydrochloride,Dr. Reddy's,Dermatological,Antipsoriatic,40989-474-96,110.3,Oral Solution,"0.05 % Oral Solution, 120 mL bottle. Typical dosing: twice daily.","zopril is indicated for therapeutic applications related to dermatological conditions.

Mechanism of Action: zopril works by modulating biochemical pathways involved in the disease process.

Pharmacokinetics: Subject to significant first-pass metabolism resulting in reduced bioavailability. Crosses the blood-brain barrier. Metabolized through multiple pathways with no single dominant route. Short half-life of 2-4 hours requiring multiple daily dosing.

Contraindications: Pregnancy and lactation; Severe renal impairment; Hypersensitivity to the active substance or any of the excipients.

Common Adverse Effects: Abdominal pain, Headache, Vomiting, Nausea, Dizziness, Fatigue.",,481
851,Miciclovir,miciclovir,Vertex,Ophthalmological,Mydriatic,90497-600-21,148.81,Intravenous Solution,"200 mcg/mL Intravenous Solution, 15 mL bottle. Typical dosing: twice daily.","miciclovir belongs to the class of mydriatic agents within the ophthalmological category.

Mechanism of Action: miciclovir works by binding to specific receptors in target tissues.

Pharmacokinetics: Absorption is reduced when taken with food. Crosses the blood-brain barrier. Metabolized through multiple pathways with no single dominant route. Clearance is reduced in patients with renal impairment.

Contraindications: Hypersensitivity to the active substance or any of the excipients; Pregnancy and lactation; Severe renal impairment; Severe hepatic impairment.

Common Adverse Effects: Abdominal pain, Pruritus, Vomiting, Nausea, Dizziness, Fatigue, Headache.",,876
852,Ledone,BI-ledone,Baxter International,Central Nervous System,SNRI,16691-976-98,79.86,Effervescent Tablet,"100.0 mg Effervescent Tablet, 30 Effervescent Tablets per bottle. Typical dosing: once daily.","ledone is used in the treatment of neurological and psychiatric disorders by modulating neurotransmitter activity.

Mechanism of Action: ledone works by enhancing GABAergic neurotransmission, producing anxiolytic and sedative effects.

Pharmacokinetics: Rapidly absorbed from the gastrointestinal tract. Accumulates in adipose tissue due to lipophilic properties. Metabolized to active metabolites that contribute to the therapeutic effect. Eliminated through both renal and biliary routes.

Contraindications: Severe hepatic impairment; Recent myocardial infarction; Suicidal ideation.

Common Adverse Effects: Dizziness, Headache, Memory impairment, Somnolence.",,541
853,Acmicin,ZC-acmicin,Zydus Cadila,Antibiotic,Quinolone,19882-192-81,110.96,Effervescent Tablet,"500 mg Effervescent Tablet, 50 Effervescent Tablets per bottle. Typical dosing: three times daily.","acmicin is a quinolone antibiotic that inhibits bacterial cell wall synthesis, effective against both gram-positive and gram-negative organisms.

Mechanism of Action: acmicin works by interfering with bacterial folate synthesis, inhibiting DNA and RNA production.

Pharmacokinetics: Absorption is pH-dependent, optimized in acidic environment. Does not significantly penetrate the blood-brain barrier. Metabolism shows significant inter-individual variability. Prolonged half-life allowing once-daily dosing.

Contraindications: Concurrent use of contraindicated medications; Pregnancy and lactation; Known bacterial resistance; Severe renal impairment.

Common Adverse Effects: Photosensitivity, Tooth discoloration, Pruritus, Rash.",,473
854,Dimicin,dimicin Potassium,Takeda,Ophthalmological,Antiglaucoma,72298-664-87,87.94,Enteric-Coated Tablet,"200 mg Enteric-Coated Tablet, 180 Enteric-Coated Tablets per bottle. Typical dosing: once daily.","dimicin is a antiglaucoma medication classified under ophthalmological drugs.

Mechanism of Action: dimicin works by counteracting pathological changes in tissue function.

Pharmacokinetics: Slowly absorbed after oral administration. Widely distributed throughout body tissues. Metabolized through multiple pathways with no single dominant route. Eliminated primarily via renal excretion of unchanged drug.

Contraindications: Severe hepatic impairment; Pregnancy and lactation; Severe renal impairment.

Common Adverse Effects: Dizziness, Nausea, Abdominal pain, Fatigue, Pruritus, Rash.","CFTR,CYP3A4,CYP1A2",406
855,Devatib,ZC-devatib Forte,Zydus Cadila,Hormonal,Thyroid Hormone,71092-594-44,184.73,Topical Cream,"0.1 % Topical Cream, 50 g tube. Typical dosing: once daily.","devatib is used in the treatment of conditions requiring hormonal therapy.

Mechanism of Action: devatib works by inhibiting key enzymes in pathological processes.

Pharmacokinetics: Absorption is reduced when taken with food. Moderately protein-bound (approximately 60-80%). Metabolism shows significant inter-individual variability. Eliminated through both renal and biliary routes.

Contraindications: Pregnancy and lactation; Hypersensitivity to the active substance or any of the excipients; Severe hepatic impairment; Severe renal impairment.

Common Adverse Effects: Vomiting, Abdominal pain, Rash, Diarrhea, Dizziness, Nausea.",,870
856,Laafil,laafil Hydrochloride,Regeneron,Nutritional,Vitamin,30647-839-79,49.08,Nasal Spray,"0.025 % Nasal Spray, 10 mL bottle. Typical dosing: three times daily.","laafil is used in the treatment of conditions requiring nutritional therapy.

Mechanism of Action: laafil works by modulating biochemical pathways involved in the disease process.

Pharmacokinetics: Well absorbed through transdermal application. Low protein binding (<30%). Metabolism shows significant inter-individual variability. Eliminated through both renal and biliary routes.

Contraindications: Severe renal impairment; Hypersensitivity to the active substance or any of the excipients; Severe hepatic impairment; Pregnancy and lactation.

Common Adverse Effects: Rash, Nausea, Headache, Pruritus, Fatigue, Abdominal pain, Dizziness.",,207
857,Inmycin,inmycin Calcium HCl,Cipla,Antiparasitic,Antihelminthic,31602-666-35,39.85,Transdermal Patch,"10 mg/24h Transdermal Patch, 5 patches per box. Typical dosing: three times daily.","inmycin is a antihelminthic medication classified under antiparasitic drugs.

Mechanism of Action: inmycin works by modulating biochemical pathways involved in the disease process.

Pharmacokinetics: Subject to significant first-pass metabolism resulting in reduced bioavailability. Moderately protein-bound (approximately 60-80%). Metabolism shows significant inter-individual variability. Short half-life of 2-4 hours requiring multiple daily dosing.

Contraindications: Severe renal impairment; Pregnancy and lactation; Hypersensitivity to the active substance or any of the excipients; Severe hepatic impairment.

Common Adverse Effects: Vomiting, Fatigue, Pruritus, Diarrhea, Nausea.",,524
858,Magliptin,magliptin Sodium,Celgene,Immunological,Immunostimulant,54101-979-70,143.08,Topical Ointment,"0.5 % Topical Ointment, 60 g tube. Typical dosing: three times daily.","magliptin belongs to the class of immunostimulant agents within the immunological category.

Mechanism of Action: magliptin works by enhancing physiological defense mechanisms.

Pharmacokinetics: Rapidly absorbed from the gastrointestinal tract. Does not significantly penetrate the blood-brain barrier. Undergoes conjugation reactions in the liver. Excreted in urine as metabolites.

Contraindications: Pregnancy and lactation; Severe hepatic impairment; Severe renal impairment; Hypersensitivity to the active substance or any of the excipients.

Common Adverse Effects: Pruritus, Abdominal pain, Nausea, Headache, Vomiting, Rash.",,577
859,Diphylline,diphylline Sulfate,Baxter International,Ophthalmological,Mydriatic,40732-429-72,120.72,Oral Solution,"10.0 % Oral Solution, 100 mL bottle. Typical dosing: as directed by physician.","diphylline is indicated for therapeutic applications related to ophthalmological conditions.

Mechanism of Action: diphylline works by binding to specific receptors in target tissues.

Pharmacokinetics: Rapidly absorbed from the gastrointestinal tract. Widely distributed throughout body tissues. Subject to minimal metabolism, with most of the drug excreted unchanged. Excreted in urine as metabolites.

Contraindications: Severe hepatic impairment; Pregnancy and lactation; Severe renal impairment.

Common Adverse Effects: Diarrhea, Abdominal pain, Headache, Dizziness, Rash.",,507
860,Simustine,simustine SR,Boehringer Ingelheim,Nutritional,Caloric Agent,93594-786-63,22.61,Drops,"20 mg Drops, 20 units per package. Typical dosing: once daily.","simustine is indicated for therapeutic applications related to nutritional conditions.

Mechanism of Action: simustine works by inhibiting key enzymes in pathological processes.

Pharmacokinetics: Bioavailability is approximately 60-80% after oral administration. Distribution limited primarily to the vascular compartment. Extensively metabolized in the liver via CYP450 enzymes, primarily CYP3A4. Eliminated through both renal and biliary routes.

Contraindications: Severe renal impairment; Hypersensitivity to the active substance or any of the excipients; Severe hepatic impairment.

Common Adverse Effects: Fatigue, Headache, Vomiting, Nausea.",,317
861,Vemicin,vemicin,Novartis,Immunological,Antirheumatic,35554-132-27,482.94,Chewable Tablet,"5 mg Chewable Tablet, 30 Chewable Tablets per bottle. Typical dosing: three times daily.","vemicin is used in the treatment of conditions requiring immunological therapy.

Mechanism of Action: vemicin works by binding to specific receptors in target tissues.

Pharmacokinetics: Well absorbed through transdermal application. Moderately protein-bound (approximately 60-80%). Extensively metabolized in the liver via CYP450 enzymes, primarily CYP3A4. Terminal half-life of approximately 12-24 hours.

Contraindications: Severe hepatic impairment; Severe renal impairment; Hypersensitivity to the active substance or any of the excipients; Pregnancy and lactation.

Common Adverse Effects: Rash, Dizziness, Abdominal pain, Pruritus.",,572
862,Laprofen,laprofen,Gilead Sciences,Ophthalmological,Antiglaucoma,89859-811-42,97.58,Injection,"10 IU/mL Injection, 1 20 mL vials. Typical dosing: as directed by physician.","laprofen is used in the treatment of conditions requiring ophthalmological therapy.

Mechanism of Action: laprofen works by counteracting pathological changes in tissue function.

Pharmacokinetics: Absorption is enhanced when taken with food. Crosses the blood-brain barrier. Primarily metabolized by CYP2D6 with genetic polymorphisms affecting rate of metabolism. Eliminated primarily via renal excretion of unchanged drug.

Contraindications: Severe hepatic impairment; Hypersensitivity to the active substance or any of the excipients; Severe renal impairment; Pregnancy and lactation.

Common Adverse Effects: Fatigue, Diarrhea, Pruritus, Dizziness, Nausea, Vomiting.",,449
863,Hemicin,hemicin HCl,Zydus Cadila,Antibiotic,Aminoglycoside,44354-549-38,61.69,Effervescent Tablet,"500 mg Effervescent Tablet, 30 Effervescent Tablets per bottle. Typical dosing: twice daily.","hemicin is a broad-spectrum antibiotic used to treat various bacterial infections throughout the body.

Mechanism of Action: hemicin works by disrupting bacterial cell membrane integrity, leading to cell death.

Pharmacokinetics: Absorption is pH-dependent, optimized in acidic environment. Widely distributed throughout body tissues. Subject to minimal metabolism, with most of the drug excreted unchanged. Terminal half-life of approximately 12-24 hours.

Contraindications: Severe renal impairment; History of antibiotic-associated colitis; Concurrent use of contraindicated medications; Known bacterial resistance.

Common Adverse Effects: Rash, Headache, Allergic reactions, Photosensitivity, QT interval prolongation.",,576
864,Lozepam,lozepam SR,AbbVie,Immunological,Immunostimulant,11589-570-72,71.04,Syrup,"20 mg/5mL Syrup, 240 mL bottle. Typical dosing: three times daily.","lozepam is a immunostimulant medication classified under immunological drugs.

Mechanism of Action: lozepam works by inhibiting key enzymes in pathological processes.

Pharmacokinetics: Subject to significant first-pass metabolism resulting in reduced bioavailability. Moderately protein-bound (approximately 60-80%). Subject to minimal metabolism, with most of the drug excreted unchanged. Terminal half-life of approximately 12-24 hours.

Contraindications: Pregnancy and lactation; Severe renal impairment; Hypersensitivity to the active substance or any of the excipients.

Common Adverse Effects: Fatigue, Abdominal pain, Pruritus, Diarrhea, Vomiting.",IFNL3,522
865,Qufloxacin,BS-qufloxacin HBr,Bristol-Myers Squibb,Immunological,Antirheumatic,57194-683-91,119.85,Transdermal Patch,"50 mcg/h Transdermal Patch, 7 patches per box. Typical dosing: twice daily.","qufloxacin belongs to the class of antirheumatic agents within the immunological category.

Mechanism of Action: qufloxacin works by inhibiting key enzymes in pathological processes.

Pharmacokinetics: Absorption is enhanced when taken with food. Distribution limited primarily to the vascular compartment. Metabolized to active metabolites that contribute to the therapeutic effect. Eliminated primarily via renal excretion of unchanged drug.

Contraindications: Hypersensitivity to the active substance or any of the excipients; Pregnancy and lactation; Severe renal impairment; Severe hepatic impairment.

Common Adverse Effects: Headache, Abdominal pain, Rash, Dizziness.","UGT1A1,COMT",478
866,Starubicin,starubicin Calcium,Genentech,Anticancer,Antimetabolite,49416-100-88,1913.67,Topical Cream,"20 mg/g Topical Cream, 5 g tube. Typical dosing: twice daily.","starubicin is a antimetabolite medication classified under anticancer drugs.

Mechanism of Action: starubicin works by counteracting pathological changes in tissue function.

Pharmacokinetics: Rapidly absorbed from the gastrointestinal tract. Highly protein-bound (approximately 90-95%). Metabolized via non-CYP450 pathways. Eliminated primarily via renal excretion of unchanged drug.

Contraindications: Severe hepatic impairment; Pregnancy and lactation; Hypersensitivity to the active substance or any of the excipients; Severe renal impairment.

Common Adverse Effects: Nausea, Dizziness, Headache, Vomiting, Rash, Fatigue, Diarrhea.",NAT2,521
867,Hezepine,hezepine,Boehringer Ingelheim,Musculoskeletal,Bisphosphonate,49070-948-72,212.38,Ophthalmic Ointment,"500 mg/g Ophthalmic Ointment, 5 g tube. Typical dosing: once daily.","hezepine is used in the treatment of conditions requiring musculoskeletal therapy.

Mechanism of Action: hezepine works by modulating biochemical pathways involved in the disease process.

Pharmacokinetics: Rapidly absorbed from the gastrointestinal tract. Highly protein-bound (approximately 90-95%). Subject to minimal metabolism, with most of the drug excreted unchanged. Clearance is reduced in patients with renal impairment.

Contraindications: Severe renal impairment; Hypersensitivity to the active substance or any of the excipients; Severe hepatic impairment; Pregnancy and lactation.

Common Adverse Effects: Dizziness, Headache, Fatigue, Abdominal pain.",,541
868,Nothiazide,nothiazide,Torrent Pharmaceuticals,Hormonal,Estrogen,30906-267-62,177.99,Dispersible Tablet,"1.0 mg Dispersible Tablet, 90 Dispersible Tablets per bottle. Typical dosing: three times daily.","nothiazide is a estrogen medication classified under hormonal drugs.

Mechanism of Action: nothiazide works by inhibiting key enzymes in pathological processes.

Pharmacokinetics: Rapidly absorbed from the gastrointestinal tract. Crosses the blood-brain barrier. Undergoes conjugation reactions in the liver. Eliminated primarily via renal excretion of unchanged drug.

Contraindications: Severe hepatic impairment; Hypersensitivity to the active substance or any of the excipients; Severe renal impairment; Pregnancy and lactation.

Common Adverse Effects: Pruritus, Headache, Diarrhea, Dizziness, Rash, Abdominal pain, Fatigue.",,476
869,Vicaine,vicaine Nitrate,Mylan,Gastrointestinal,Antacid,16553-278-54,137.58,Rectal Suppository,"50 mg Rectal Suppository, 30 units per package. Typical dosing: twice daily.","vicaine provides relief from symptoms associated with gastroesophageal reflux disease (GERD) and peptic ulcer disease.

Mechanism of Action: vicaine works by blocking dopamine D2 receptors in the chemoreceptor trigger zone, providing antiemetic effects.

Pharmacokinetics: Bioavailability is approximately 60-80% after oral administration. Moderately protein-bound (approximately 60-80%). Primarily metabolized by CYP2D6 with genetic polymorphisms affecting rate of metabolism. Prolonged half-life allowing once-daily dosing.

Contraindications: Gastrointestinal obstruction; Pregnancy and lactation; Gastrointestinal perforation.

Common Adverse Effects: Diarrhea, Dizziness, Abdominal pain, Constipation, Headache.",,408
870,Ablukast,ablukast,Bristol-Myers Squibb,Central Nervous System,SSRI,64156-440-64,67.32,Ophthalmic Solution,"10.0 mg/mL Ophthalmic Solution, 15 mL bottle. Typical dosing: at bedtime.","ablukast is a ssri that acts on the central nervous system to treat conditions such as depression, anxiety, or seizures.

Mechanism of Action: ablukast works by blocking NMDA receptors and modulating glutamate neurotransmission.

Pharmacokinetics: Subject to significant first-pass metabolism resulting in reduced bioavailability. Moderately protein-bound (approximately 60-80%). Metabolism shows significant inter-individual variability. Short half-life of 2-4 hours requiring multiple daily dosing.

Contraindications: Suicidal ideation; Pregnancy and lactation; Angle-closure glaucoma; Hypersensitivity to the active substance or any of the excipients.

Common Adverse Effects: Anxiety, Fatigue, Vomiting, Dizziness, Depression, Insomnia.",,539
871,Kemicin,kemicin,Merck,Antiviral,Integrase Inhibitor,80776-268-56,703.4,Oral Solution,"2.0 % Oral Solution, 30 mL bottle. Typical dosing: as directed by physician.","kemicin belongs to the class of integrase inhibitor agents within the antiviral category.

Mechanism of Action: kemicin works by binding to specific receptors in target tissues.

Pharmacokinetics: Subject to significant first-pass metabolism resulting in reduced bioavailability. Low protein binding (<30%). Undergoes conjugation reactions in the liver. Short half-life of 2-4 hours requiring multiple daily dosing.

Contraindications: Pregnancy and lactation; Severe renal impairment; Severe hepatic impairment.

Common Adverse Effects: Abdominal pain, Rash, Headache, Dizziness, Pruritus, Vomiting, Fatigue.",,608
872,Naplatin,Allnaplatin Phosphate,Allergan,Ophthalmological,Lubricant,69812-709-46,92.94,Effervescent Tablet,"10 mg Effervescent Tablet, 14 Effervescent Tablets per bottle. Typical dosing: twice daily.","naplatin is indicated for therapeutic applications related to ophthalmological conditions.

Mechanism of Action: naplatin works by binding to specific receptors in target tissues.

Pharmacokinetics: Absorption is enhanced when taken with food. Low protein binding (<30%). Metabolism shows significant inter-individual variability. Clearance is reduced in patients with renal impairment.

Contraindications: Hypersensitivity to the active substance or any of the excipients; Severe hepatic impairment; Pregnancy and lactation.

Common Adverse Effects: Pruritus, Diarrhea, Nausea, Rash, Headache, Fatigue, Vomiting.",,598
873,Mocaine,NN-mocaine IR,Novo Nordisk,Dermatological,Keratolytic,41133-353-45,90.94,Nasal Spray,"25 mcg/dose Nasal Spray, 10 mL bottle. Typical dosing: as directed by physician.","mocaine is used in the treatment of conditions requiring dermatological therapy.

Mechanism of Action: mocaine works by binding to specific receptors in target tissues.

Pharmacokinetics: Well absorbed through transdermal application. Accumulates in adipose tissue due to lipophilic properties. Extensively metabolized in the liver via CYP450 enzymes, primarily CYP3A4. Terminal half-life of approximately 12-24 hours.

Contraindications: Severe renal impairment; Pregnancy and lactation; Severe hepatic impairment.

Common Adverse Effects: Rash, Headache, Diarrhea, Abdominal pain.","CYP2D6,CYP2C19,OPRM1",523
874,Momethasone,momethasone,Cipla,Antiparasitic,Antimalarial,56278-128-38,85.28,Sublingual Tablet,"200 mg Sublingual Tablet, 180 Sublingual Tablets per bottle. Typical dosing: three times daily.","momethasone is a antimalarial medication classified under antiparasitic drugs.

Mechanism of Action: momethasone works by counteracting pathological changes in tissue function.

Pharmacokinetics: Subject to significant first-pass metabolism resulting in reduced bioavailability. Crosses the blood-brain barrier. Undergoes conjugation reactions in the liver. Clearance is reduced in patients with renal impairment.

Contraindications: Pregnancy and lactation; Severe hepatic impairment; Severe renal impairment.

Common Adverse Effects: Rash, Dizziness, Vomiting, Headache, Diarrhea, Pruritus.",,68
875,Cadronate,cadronate,Zydus Cadila,Ophthalmological,Miotic,68848-422-85,128.01,Topical Ointment,"1.0 % Topical Ointment, 60 g tube. Typical dosing: as directed by physician.","cadronate is indicated for therapeutic applications related to ophthalmological conditions.

Mechanism of Action: cadronate works by inhibiting key enzymes in pathological processes.

Pharmacokinetics: Absorption is reduced when taken with food. Low protein binding (<30%). Metabolized to active metabolites that contribute to the therapeutic effect. Prolonged half-life allowing once-daily dosing.

Contraindications: Pregnancy and lactation; Severe renal impairment; Severe hepatic impairment.

Common Adverse Effects: Fatigue, Diarrhea, Vomiting, Rash, Nausea.",CYP2E1,513
876,Loparib,loparib,Vertex,Antiparasitic,Antihelminthic,54280-300-80,133.71,Extended-Release Capsule,"20 mg Extended-Release Capsule, 10 Extended-Release Capsules per bottle. Typical dosing: twice daily.","loparib is indicated for therapeutic applications related to antiparasitic conditions.

Mechanism of Action: loparib works by binding to specific receptors in target tissues.

Pharmacokinetics: Absorption is pH-dependent, optimized in acidic environment. Highly protein-bound (approximately 90-95%). Subject to minimal metabolism, with most of the drug excreted unchanged. Short half-life of 2-4 hours requiring multiple daily dosing.

Contraindications: Hypersensitivity to the active substance or any of the excipients; Pregnancy and lactation; Severe hepatic impairment; Severe renal impairment.

Common Adverse Effects: Abdominal pain, Dizziness, Rash, Pruritus, Fatigue.",,774
877,Fluoxacin,fluoxacin,Eli Lilly,Gastrointestinal,Laxative,23408-296-18,77.04,Orally Disintegrating Tablet,"100 mg Orally Disintegrating Tablet, 28 Orally Disintegrating Tablets per bottle. Typical dosing: three times daily.","fluoxacin is indicated for the treatment of various gastrointestinal motility disorders and functional gastrointestinal syndromes.

Mechanism of Action: fluoxacin works by blocking dopamine D2 receptors in the chemoreceptor trigger zone, providing antiemetic effects.

Pharmacokinetics: Absorption is enhanced when taken with food. Crosses the blood-brain barrier. Metabolized to active metabolites that contribute to the therapeutic effect. Eliminated through both renal and biliary routes.

Contraindications: Severe renal impairment; Pregnancy and lactation; Gastrointestinal perforation.

Common Adverse Effects: Headache, Diarrhea, Abdominal pain, Constipation, Vomiting, Dizziness, Dyspepsia.",ABCB1,242
878,Kecillin,kecillin ER,Piramal Healthcare,Antibiotic,Sulfonamide,51329-628-50,29.54,Orally Disintegrating Tablet,"500 mg Orally Disintegrating Tablet, 180 Orally Disintegrating Tablets per bottle. Typical dosing: four times daily.","kecillin is a broad-spectrum antibiotic used to treat various bacterial infections throughout the body.

Mechanism of Action: kecillin works by disrupting bacterial cell membrane integrity, leading to cell death.

Pharmacokinetics: Slowly absorbed after oral administration. Distribution limited primarily to the vascular compartment. Primarily metabolized by CYP2D6 with genetic polymorphisms affecting rate of metabolism. Eliminated primarily via renal excretion of unchanged drug.

Contraindications: Concurrent use of contraindicated medications; History of antibiotic-associated colitis; Hypersensitivity to the active substance or any of the excipients; Pregnancy and lactation.

Common Adverse Effects: Antibiotic-associated diarrhea, Nausea, Dizziness, Candidiasis, Rash, Fatigue, QT interval prolongation.",UGT1A1,449
879,Abzolid,Bayabzolid,Bayer,Antibiotic,Aminoglycoside,49069-520-88,101.42,Oral Solution,"10.0 mg/mL Oral Solution, 480 mL bottle. Typical dosing: twice daily.","abzolid is a aminoglycoside antibiotic that inhibits bacterial cell wall synthesis, effective against both gram-positive and gram-negative organisms.

Mechanism of Action: abzolid works by interfering with bacterial folate synthesis, inhibiting DNA and RNA production.

Pharmacokinetics: Rapidly absorbed from the gastrointestinal tract. Does not significantly penetrate the blood-brain barrier. Metabolized via non-CYP450 pathways. Prolonged half-life allowing once-daily dosing.

Contraindications: Severe hepatic impairment; Myasthenia gravis (for certain antibiotic classes); Known bacterial resistance; History of antibiotic-associated colitis; Concurrent use of contraindicated medications.

Common Adverse Effects: Rash, Photosensitivity, Abdominal pain, Headache, Vomiting.",,808
880,Leolol,Bayleolol SR,Bayer,Nutritional,Mineral,60985-878-98,23.66,Extended-Release Tablet,"500 mcg Extended-Release Tablet, 20 Extended-Release Tablets per bottle. Typical dosing: three times daily.","leolol belongs to the class of mineral agents within the nutritional category.

Mechanism of Action: leolol works by enhancing physiological defense mechanisms.

Pharmacokinetics: Well absorbed through transdermal application. Does not significantly penetrate the blood-brain barrier. Primarily metabolized by CYP2D6 with genetic polymorphisms affecting rate of metabolism. Excreted in urine as metabolites.

Contraindications: Hypersensitivity to the active substance or any of the excipients; Severe hepatic impairment; Severe renal impairment.

Common Adverse Effects: Vomiting, Nausea, Dizziness, Headache, Diarrhea.",,531
881,Vepramine,vepramine,Johnson & Johnson,Central Nervous System,SNRI,65113-821-73,152.83,Extended-Release Capsule,"100.0 mg Extended-Release Capsule, 28 Extended-Release Capsules per bottle. Typical dosing: as needed for pain.","vepramine is used in the treatment of neurological and psychiatric disorders by modulating neurotransmitter activity.

Mechanism of Action: vepramine works by blocking NMDA receptors and modulating glutamate neurotransmission.

Pharmacokinetics: Absorption is enhanced when taken with food. Widely distributed throughout body tissues. Undergoes conjugation reactions in the liver. Elimination rate depends on hepatic function.

Contraindications: Severe hepatic impairment; Concomitant use of monoamine oxidase inhibitors; Recent myocardial infarction; Angle-closure glaucoma; Pregnancy and lactation.

Common Adverse Effects: Rash, Vomiting, Diarrhea, Dizziness.",,499
882,Feglutide,feglutide Plus,Cipla,Antidiabetic,Meglitinide,74267-976-95,516.42,Transdermal Patch,"1.0 mg/24h Transdermal Patch, 7 patches per box. Typical dosing: with meals.","feglutide is a meglitinide medication that helps control blood sugar levels in patients with type 2 diabetes mellitus.

Mechanism of Action: feglutide works by increasing tissue sensitivity to insulin and reducing hepatic glucose production.

Pharmacokinetics: Rapidly absorbed from the gastrointestinal tract. Crosses the blood-brain barrier. Subject to minimal metabolism, with most of the drug excreted unchanged. Prolonged half-life allowing once-daily dosing.

Contraindications: Pregnancy and lactation; Acute or chronic metabolic acidosis; Severe renal impairment (GFR < 30 mL/min); Type 1 diabetes mellitus (for certain antidiabetic classes).

Common Adverse Effects: Urinary tract infections, Nausea, Abdominal pain, Weight gain, Fatigue.",,445
883,Rovastatin,rovastatin ER,Zydus Cadila,Ophthalmological,Miotic,67474-722-11,84.47,Capsule,"2.0 g Capsule, 50 Capsules per bottle. Typical dosing: three times daily.","rovastatin is indicated for therapeutic applications related to ophthalmological conditions.

Mechanism of Action: rovastatin works by modulating biochemical pathways involved in the disease process.

Pharmacokinetics: Absorption is pH-dependent, optimized in acidic environment. Accumulates in adipose tissue due to lipophilic properties. Metabolized through multiple pathways with no single dominant route. Clearance is reduced in patients with renal impairment.

Contraindications: Severe hepatic impairment; Pregnancy and lactation; Severe renal impairment; Hypersensitivity to the active substance or any of the excipients.

Common Adverse Effects: Fatigue, Nausea, Rash, Vomiting, Dizziness, Pruritus, Abdominal pain.",,513
884,Qutiderol,Allqutiderol IR,Allergan,Respiratory,Antitussive,20794-825-72,52.74,Vaginal Suppository,"200 mg Vaginal Suppository, 30 units per package. Typical dosing: twice daily.","qutiderol is indicated for maintenance treatment of bronchospasm associated with respiratory disorders.

Mechanism of Action: qutiderol works by antagonizing histamine H1 receptors, reducing allergic responses.

Pharmacokinetics: Absorption is pH-dependent, optimized in acidic environment. Distribution limited primarily to the vascular compartment. Metabolized to active metabolites that contribute to the therapeutic effect. Eliminated through both renal and biliary routes.

Contraindications: Known hypersensitivity to adrenergic compounds; Status asthmaticus; Severe COPD with respiratory insufficiency; Severe renal impairment.

Common Adverse Effects: Pharyngitis, Rhinitis, Diarrhea, Headache.",,591
885,Azrubicin,azrubicin Maleate Plus,Abbott Laboratories,Nutritional,Electrolyte,65730-833-72,32.5,Oral Solution,"5 mcg/mL Oral Solution, 150 mL bottle. Typical dosing: twice daily.","azrubicin belongs to the class of electrolyte agents within the nutritional category.

Mechanism of Action: azrubicin works by enhancing physiological defense mechanisms.

Pharmacokinetics: Slowly absorbed after oral administration. Distribution limited primarily to the vascular compartment. Metabolism shows significant inter-individual variability. Clearance is reduced in patients with renal impairment.

Contraindications: Hypersensitivity to the active substance or any of the excipients; Severe hepatic impairment; Severe renal impairment; Pregnancy and lactation.

Common Adverse Effects: Vomiting, Rash, Pruritus, Dizziness, Headache.",,700
886,Raazine,raazine HCT,Serum Institute,Nutritional,Mineral,22728-962-12,23.09,Rectal Suppository,"50 mg Rectal Suppository, 10 units per package. Typical dosing: once daily.","raazine is a mineral medication classified under nutritional drugs.

Mechanism of Action: raazine works by binding to specific receptors in target tissues.

Pharmacokinetics: Bioavailability is approximately 60-80% after oral administration. Widely distributed throughout body tissues. Metabolized via non-CYP450 pathways. Elimination rate depends on hepatic function.

Contraindications: Pregnancy and lactation; Severe renal impairment; Severe hepatic impairment; Hypersensitivity to the active substance or any of the excipients.

Common Adverse Effects: Fatigue, Rash, Abdominal pain, Pruritus, Dizziness.",CYP2B6,519
887,Didipine,Alldidipine CR,Allergan,Cardiovascular,Vasodilator,49635-345-57,126.84,Dispersible Tablet,"300.0 mg Dispersible Tablet, 10 Dispersible Tablets per bottle. Typical dosing: twice daily.","didipine is primarily used to reduce the risk of cardiovascular events in patients with established cardiovascular disease or multiple risk factors.

Mechanism of Action: didipine works by blocking calcium channels in vascular smooth muscle and cardiac muscle.

Pharmacokinetics: Subject to significant first-pass metabolism resulting in reduced bioavailability. Low protein binding (<30%). Metabolism shows significant inter-individual variability. Eliminated primarily via renal excretion of unchanged drug.

Contraindications: Severe hepatic impairment; Severe bradycardia; Pregnancy and lactation.

Common Adverse Effects: Chest pain, Palpitations, Flushing, Headache, Fatigue, Abdominal pain.",,321
888,Ficitabine,ficitabine HCl,Torrent Pharmaceuticals,Anticancer,Cytotoxic Antibiotic,55036-208-53,4828.35,Intravenous Solution,"50.0 mg/mL Intravenous Solution, 60 mL bottle. Typical dosing: twice daily.","ficitabine belongs to the class of cytotoxic antibiotic agents within the anticancer category.

Mechanism of Action: ficitabine works by modulating biochemical pathways involved in the disease process.

Pharmacokinetics: Slowly absorbed after oral administration. Distribution limited primarily to the vascular compartment. Metabolized through multiple pathways with no single dominant route. Eliminated primarily via renal excretion of unchanged drug.

Contraindications: Pregnancy and lactation; Hypersensitivity to the active substance or any of the excipients; Severe hepatic impairment.

Common Adverse Effects: Vomiting, Headache, Fatigue, Abdominal pain, Nausea, Dizziness.",,371
889,Inzosin,Astinzosin Hydrochloride IV,AstraZeneca,Otological,Anti-Inflammatory,87924-808-15,97.24,Powder for Reconstitution,"200 mg Powder for Reconstitution, 20 units per package. Typical dosing: three times daily.","inzosin is indicated for therapeutic applications related to otological conditions.

Mechanism of Action: inzosin works by inhibiting key enzymes in pathological processes.

Pharmacokinetics: Rapidly absorbed from the gastrointestinal tract. Accumulates in adipose tissue due to lipophilic properties. Undergoes conjugation reactions in the liver. Eliminated primarily via renal excretion of unchanged drug.

Contraindications: Pregnancy and lactation; Hypersensitivity to the active substance or any of the excipients; Severe hepatic impairment.

Common Adverse Effects: Pruritus, Abdominal pain, Headache, Diarrhea, Rash, Nausea.",,567
890,Cigliptin,cigliptin,Novo Nordisk,Central Nervous System,Antipsychotic,12621-313-43,97.07,Rectal Suppository,"25.0 mg Rectal Suppository, 10 units per package. Typical dosing: once daily.","cigliptin is a antipsychotic that acts on the central nervous system to treat conditions such as depression, anxiety, or seizures.

Mechanism of Action: cigliptin works by binding to opioid receptors, modulating pain perception pathways.

Pharmacokinetics: Rapidly absorbed from the gastrointestinal tract. Distribution limited primarily to the vascular compartment. Undergoes conjugation reactions in the liver. Terminal half-life of approximately 12-24 hours.

Contraindications: Seizure disorders; Pregnancy and lactation; Concomitant use of monoamine oxidase inhibitors.

Common Adverse Effects: Nausea, Memory impairment, Somnolence, Fatigue, Diarrhea, Insomnia.",,553
891,Vizolam,vizolam,Glenmark,Musculoskeletal,Muscle Relaxant,19336-278-18,155.04,Effervescent Tablet,"500 mg Effervescent Tablet, 120 Effervescent Tablets per bottle. Typical dosing: three times daily.","vizolam belongs to the class of muscle relaxant agents within the musculoskeletal category.

Mechanism of Action: vizolam works by enhancing physiological defense mechanisms.

Pharmacokinetics: Absorption is reduced when taken with food. Low protein binding (<30%). Extensively metabolized in the liver via CYP450 enzymes, primarily CYP3A4. Clearance is reduced in patients with renal impairment.

Contraindications: Hypersensitivity to the active substance or any of the excipients; Pregnancy and lactation; Severe hepatic impairment; Severe renal impairment.

Common Adverse Effects: Dizziness, Fatigue, Pruritus, Rash.",,576
892,Essartan,Takessartan,Takeda,Cardiovascular,Vasodilator,34440-589-25,96.74,Vaginal Suppository,"20.0 mg Vaginal Suppository, 100 units per package. Typical dosing: three times daily.","essartan is a vasodilator used in the management of heart failure, hypertension, and related cardiovascular conditions.

Mechanism of Action: essartan works by promoting sodium and water excretion by inhibiting sodium reabsorption in the distal tubule.

Pharmacokinetics: Slowly absorbed after oral administration. Widely distributed throughout body tissues. Extensively metabolized in the liver via CYP450 enzymes, primarily CYP3A4. Excreted in urine as metabolites.

Contraindications: Severe hepatic impairment; Cardiogenic shock; Hypersensitivity to the active substance or any of the excipients.

Common Adverse Effects: Nausea, Dizziness, Fatigue, Chest pain.","CFTR,IFNL3",649
893,Prodone,prodone Sodium,Abbott Laboratories,Central Nervous System,Benzodiazepine,25070-489-57,229.09,Powder for Reconstitution,"20.0 mg Powder for Reconstitution, 100 units per package. Typical dosing: as needed for pain.","prodone helps restore the balance of certain natural substances in the brain, improving mood, thoughts, and behavior.

Mechanism of Action: prodone works by inhibiting the reuptake of serotonin and norepinephrine in the CNS.

Pharmacokinetics: Absorption is pH-dependent, optimized in acidic environment. Widely distributed throughout body tissues. Extensively metabolized in the liver via CYP450 enzymes, primarily CYP3A4. Eliminated primarily via renal excretion of unchanged drug.

Contraindications: Hypersensitivity to the active substance or any of the excipients; Severe renal impairment; Recent myocardial infarction; Concomitant use of monoamine oxidase inhibitors.

Common Adverse Effects: Dizziness, Nausea, Abdominal pain, Insomnia, Confusion, Fatigue.",,603
894,Gamicin,gamicin XR,Celgene,Antiviral,Nucleoside Analog,46112-877-96,203.56,Chewable Tablet,"10 mg Chewable Tablet, 28 Chewable Tablets per bottle. Typical dosing: once daily.","gamicin is used in the treatment of conditions requiring antiviral therapy.

Mechanism of Action: gamicin works by binding to specific receptors in target tissues.

Pharmacokinetics: Absorption is enhanced when taken with food. Crosses the blood-brain barrier. Metabolized via non-CYP450 pathways. Terminal half-life of approximately 12-24 hours.

Contraindications: Severe hepatic impairment; Pregnancy and lactation; Hypersensitivity to the active substance or any of the excipients; Severe renal impairment.

Common Adverse Effects: Dizziness, Pruritus, Fatigue, Vomiting, Headache, Rash.",,277
895,Recillin,Sanrecillin,Sanofi,Antibiotic,Penicillin,35771-674-58,110.36,Vaginal Suppository,"125 mg Vaginal Suppository, 100 units per package. Typical dosing: twice daily.","recillin is a penicillin antibiotic that inhibits bacterial cell wall synthesis, effective against both gram-positive and gram-negative organisms.

Mechanism of Action: recillin works by disrupting bacterial cell membrane integrity, leading to cell death.

Pharmacokinetics: Absorption is pH-dependent, optimized in acidic environment. Widely distributed throughout body tissues. Metabolism shows significant inter-individual variability. Eliminated through both renal and biliary routes.

Contraindications: Concurrent use of contraindicated medications; Severe renal impairment; Severe hepatic impairment; Known bacterial resistance; Hypersensitivity to the active substance or any of the excipients.

Common Adverse Effects: Antibiotic-associated diarrhea, Tooth discoloration, Vomiting, Candidiasis, Allergic reactions, Nausea, Rash.",,538
896,Nasterone,Pfinasterone,Pfizer,Hormonal,Thyroid Hormone,24674-697-63,166.5,Oral Suspension,"100 mcg/mL Oral Suspension, 480 mL bottle. Typical dosing: three times daily.","nasterone belongs to the class of thyroid hormone agents within the hormonal category.

Mechanism of Action: nasterone works by binding to specific receptors in target tissues.

Pharmacokinetics: Bioavailability is approximately 60-80% after oral administration. Widely distributed throughout body tissues. Undergoes conjugation reactions in the liver. Terminal half-life of approximately 12-24 hours.

Contraindications: Severe renal impairment; Severe hepatic impairment; Hypersensitivity to the active substance or any of the excipients.

Common Adverse Effects: Abdominal pain, Vomiting, Pruritus, Fatigue, Diarrhea.","OPRM1,CYP2E1,CYP2D6",456
897,Lopril,lopril,Gilead Sciences,Cardiovascular,Anticoagulant,34643-795-47,37.89,Orally Disintegrating Tablet,"40.0 mg Orally Disintegrating Tablet, 20 Orally Disintegrating Tablets per bottle. Typical dosing: once daily.","lopril is primarily used to reduce the risk of cardiovascular events in patients with established cardiovascular disease or multiple risk factors.

Mechanism of Action: lopril works by reducing the activity of the renin-angiotensin-aldosterone system.

Pharmacokinetics: Slowly absorbed after oral administration. Highly protein-bound (approximately 90-95%). Metabolism shows significant inter-individual variability. Prolonged half-life allowing once-daily dosing.

Contraindications: Severe renal impairment; Hypersensitivity to the active substance or any of the excipients; Severe bradycardia; Second or third-degree heart block; Severe hepatic impairment.

Common Adverse Effects: Edema, Headache, Syncope, Vomiting.",,526
898,Lataxel,lataxel,Pfizer,Anticancer,Alkylating Agent,21057-541-13,1878.97,Lozenges,"10 mg Lozenges, 50 units per package. Typical dosing: as directed by physician.","lataxel is indicated for therapeutic applications related to anticancer conditions.

Mechanism of Action: lataxel works by enhancing physiological defense mechanisms.

Pharmacokinetics: Absorption is reduced when taken with food. Accumulates in adipose tissue due to lipophilic properties. Metabolized through multiple pathways with no single dominant route. Short half-life of 2-4 hours requiring multiple daily dosing.

Contraindications: Pregnancy and lactation; Severe hepatic impairment; Hypersensitivity to the active substance or any of the excipients; Severe renal impairment.

Common Adverse Effects: Diarrhea, Pruritus, Fatigue, Vomiting, Rash.",,680
899,Virubicin,virubicin,Amgen,Anticancer,Plant Alkaloid,50898-982-83,1630.78,Inhalation Powder,"200 mg/dose Inhalation Powder, 90 doses per inhaler. Typical dosing: once daily.","virubicin is a plant alkaloid medication classified under anticancer drugs.

Mechanism of Action: virubicin works by binding to specific receptors in target tissues.

Pharmacokinetics: Slowly absorbed after oral administration. Distribution limited primarily to the vascular compartment. Metabolized to active metabolites that contribute to the therapeutic effect. Terminal half-life of approximately 12-24 hours.

Contraindications: Severe hepatic impairment; Hypersensitivity to the active substance or any of the excipients; Pregnancy and lactation.

Common Adverse Effects: Fatigue, Pruritus, Nausea, Abdominal pain, Rash.",,313
900,Vegliptin,vegliptin ER,Bayer,Nutritional,Vitamin,89437-444-42,10.16,Capsule,"500 mg Capsule, 60 Capsules per bottle. Typical dosing: once daily.","vegliptin is a vitamin medication classified under nutritional drugs.

Mechanism of Action: vegliptin works by counteracting pathological changes in tissue function.

Pharmacokinetics: Absorption is reduced when taken with food. Distribution limited primarily to the vascular compartment. Subject to minimal metabolism, with most of the drug excreted unchanged. Elimination rate depends on hepatic function.

Contraindications: Pregnancy and lactation; Hypersensitivity to the active substance or any of the excipients; Severe renal impairment; Severe hepatic impairment.

Common Adverse Effects: Vomiting, Dizziness, Diarrhea, Rash.",,575
901,Semethasone,semethasone Oral,Piramal Healthcare,Immunological,Vaccine,47243-600-15,408.61,Extended-Release Tablet,"25 mg Extended-Release Tablet, 60 Extended-Release Tablets per bottle. Typical dosing: once daily.","semethasone is indicated for therapeutic applications related to immunological conditions.

Mechanism of Action: semethasone works by binding to specific receptors in target tissues.

Pharmacokinetics: Subject to significant first-pass metabolism resulting in reduced bioavailability. Crosses the blood-brain barrier. Metabolism shows significant inter-individual variability. Clearance is reduced in patients with renal impairment.

Contraindications: Hypersensitivity to the active substance or any of the excipients; Severe hepatic impairment; Severe renal impairment; Pregnancy and lactation.

Common Adverse Effects: Pruritus, Fatigue, Abdominal pain, Diarrhea, Headache.","OPRM1,CYP2C19",95
902,Raciclovir,Novraciclovir,Novartis,Musculoskeletal,Antirheumatic,83144-966-61,106.71,Topical Cream,"2.5 % Topical Cream, 15 g tube. Typical dosing: three times daily.","raciclovir is used in the treatment of conditions requiring musculoskeletal therapy.

Mechanism of Action: raciclovir works by binding to specific receptors in target tissues.

Pharmacokinetics: Absorption is pH-dependent, optimized in acidic environment. Highly protein-bound (approximately 90-95%). Undergoes conjugation reactions in the liver. Eliminated through both renal and biliary routes.

Contraindications: Hypersensitivity to the active substance or any of the excipients; Severe hepatic impairment; Pregnancy and lactation; Severe renal impairment.

Common Adverse Effects: Fatigue, Dizziness, Rash, Abdominal pain, Pruritus.",,572
903,Liafil,liafil HCl,Baxter International,Musculoskeletal,Antigout,52259-994-76,39.59,Enteric-Coated Tablet,"5 mg Enteric-Coated Tablet, 90 Enteric-Coated Tablets per bottle. Typical dosing: three times daily.","liafil is indicated for therapeutic applications related to musculoskeletal conditions.

Mechanism of Action: liafil works by inhibiting key enzymes in pathological processes.

Pharmacokinetics: Absorption is pH-dependent, optimized in acidic environment. Distribution limited primarily to the vascular compartment. Metabolized through multiple pathways with no single dominant route. Excreted in urine as metabolites.

Contraindications: Hypersensitivity to the active substance or any of the excipients; Severe hepatic impairment; Pregnancy and lactation; Severe renal impairment.

Common Adverse Effects: Fatigue, Dizziness, Nausea, Diarrhea, Abdominal pain.",MTHFR,496
904,Feconazole,feconazole HBr,Serum Institute,Nutritional,Mineral,26227-910-92,15.52,Extended-Release Capsule,"100 mg Extended-Release Capsule, 50 Extended-Release Capsules per bottle. Typical dosing: twice daily.","feconazole is a mineral medication classified under nutritional drugs.

Mechanism of Action: feconazole works by enhancing physiological defense mechanisms.

Pharmacokinetics: Rapidly absorbed from the gastrointestinal tract. Highly protein-bound (approximately 90-95%). Metabolism shows significant inter-individual variability. Elimination rate depends on hepatic function.

Contraindications: Severe hepatic impairment; Pregnancy and lactation; Hypersensitivity to the active substance or any of the excipients; Severe renal impairment.

Common Adverse Effects: Headache, Nausea, Fatigue, Dizziness, Vomiting, Diarrhea.",,334
905,Demethasone,DR-demethasone,Dr. Reddy's,Immunological,Antirheumatic,93598-962-34,429.84,Syrup,"0.1 % Syrup, 15 mL bottle. Typical dosing: twice daily.","demethasone is used in the treatment of conditions requiring immunological therapy.

Mechanism of Action: demethasone works by counteracting pathological changes in tissue function.

Pharmacokinetics: Slowly absorbed after oral administration. Crosses the blood-brain barrier. Undergoes conjugation reactions in the liver. Clearance is reduced in patients with renal impairment.

Contraindications: Severe renal impairment; Severe hepatic impairment; Pregnancy and lactation; Hypersensitivity to the active substance or any of the excipients.

Common Adverse Effects: Nausea, Pruritus, Abdominal pain, Diarrhea.",,653
906,Rogliflozin,BI-rogliflozin,Baxter International,Antidiabetic,GLP-1 Receptor Agonist,10732-720-93,117.89,Inhalation Solution,"10.0 % Inhalation Solution, 100 mL bottle. Typical dosing: once daily.","rogliflozin is indicated as an adjunct to diet and exercise to improve glycemic control in adults with type 2 diabetes.

Mechanism of Action: rogliflozin works by enhancing incretin effect by inhibiting dipeptidyl peptidase-4 (DPP-4).

Pharmacokinetics: Rapidly absorbed from the gastrointestinal tract. Accumulates in adipose tissue due to lipophilic properties. Extensively metabolized in the liver via CYP450 enzymes, primarily CYP3A4. Terminal half-life of approximately 12-24 hours.

Contraindications: Acute or chronic metabolic acidosis; Severe renal impairment (GFR < 30 mL/min); Type 1 diabetes mellitus (for certain antidiabetic classes).

Common Adverse Effects: Nausea, Peripheral edema, Pruritus, Headache, Rash, Abdominal pain.",CYP3A4,313
907,Mafloxacin,mafloxacin Maleate HCT,Piramal Healthcare,Dermatological,Antipruritic,85962-480-36,158.17,Inhalation Solution,"2.0 % Inhalation Solution, 30 mL bottle. Typical dosing: as directed by physician.","mafloxacin is used in the treatment of conditions requiring dermatological therapy.

Mechanism of Action: mafloxacin works by modulating biochemical pathways involved in the disease process.

Pharmacokinetics: Subject to significant first-pass metabolism resulting in reduced bioavailability. Accumulates in adipose tissue due to lipophilic properties. Metabolism shows significant inter-individual variability. Prolonged half-life allowing once-daily dosing.

Contraindications: Pregnancy and lactation; Severe renal impairment; Severe hepatic impairment; Hypersensitivity to the active substance or any of the excipients.

Common Adverse Effects: Nausea, Rash, Diarrhea, Pruritus, Vomiting, Fatigue, Abdominal pain.",,572
908,Proridone,proridone Hydrochloride,Novartis,Antiparasitic,Antiprotozoal,26567-863-81,105.81,Enteric-Coated Tablet,"25 mg Enteric-Coated Tablet, 20 Enteric-Coated Tablets per bottle. Typical dosing: as directed by physician.","proridone belongs to the class of antiprotozoal agents within the antiparasitic category.

Mechanism of Action: proridone works by binding to specific receptors in target tissues.

Pharmacokinetics: Well absorbed through transdermal application. Crosses the blood-brain barrier. Extensively metabolized in the liver via CYP450 enzymes, primarily CYP3A4. Clearance is reduced in patients with renal impairment.

Contraindications: Pregnancy and lactation; Hypersensitivity to the active substance or any of the excipients; Severe hepatic impairment; Severe renal impairment.

Common Adverse Effects: Vomiting, Fatigue, Headache, Dizziness, Nausea, Abdominal pain.",,435
909,Qudipine,qudipine,Novo Nordisk,Ophthalmological,Antiglaucoma,28599-240-98,129.89,Sublingual Tablet,"500 mg Sublingual Tablet, 90 Sublingual Tablets per bottle. Typical dosing: twice daily.","qudipine is indicated for therapeutic applications related to ophthalmological conditions.

Mechanism of Action: qudipine works by modulating biochemical pathways involved in the disease process.

Pharmacokinetics: Bioavailability is approximately 60-80% after oral administration. Accumulates in adipose tissue due to lipophilic properties. Metabolized through multiple pathways with no single dominant route. Excreted in urine as metabolites.

Contraindications: Severe hepatic impairment; Hypersensitivity to the active substance or any of the excipients; Pregnancy and lactation.

Common Adverse Effects: Dizziness, Fatigue, Pruritus, Abdominal pain, Diarrhea, Rash.","NAT2,CYP1A2",423
910,Zofloxacin,zofloxacin Phosphate Plus,Torrent Pharmaceuticals,Nutritional,Amino Acid,21297-926-69,9.85,Otic Solution,"100.0 mg/mL Otic Solution, 150 mL bottle. Typical dosing: as directed by physician.","zofloxacin is used in the treatment of conditions requiring nutritional therapy.

Mechanism of Action: zofloxacin works by counteracting pathological changes in tissue function.

Pharmacokinetics: Bioavailability is approximately 60-80% after oral administration. Low protein binding (<30%). Metabolized through multiple pathways with no single dominant route. Clearance is reduced in patients with renal impairment.

Contraindications: Hypersensitivity to the active substance or any of the excipients; Severe hepatic impairment; Severe renal impairment; Pregnancy and lactation.

Common Adverse Effects: Dizziness, Rash, Headache, Fatigue.",,343
911,Dezole,dezole,Serum Institute,Antiparasitic,Antimalarial,97178-164-72,15.94,Oral Suspension,"200 mcg/mL Oral Suspension, 150 mL bottle. Typical dosing: twice daily.","dezole is used in the treatment of conditions requiring antiparasitic therapy.

Mechanism of Action: dezole works by modulating biochemical pathways involved in the disease process.

Pharmacokinetics: Subject to significant first-pass metabolism resulting in reduced bioavailability. Widely distributed throughout body tissues. Primarily metabolized by CYP2D6 with genetic polymorphisms affecting rate of metabolism. Clearance is reduced in patients with renal impairment.

Contraindications: Severe hepatic impairment; Severe renal impairment; Pregnancy and lactation; Hypersensitivity to the active substance or any of the excipients.

Common Adverse Effects: Headache, Rash, Pruritus, Fatigue, Abdominal pain, Diarrhea, Nausea.",,280
912,Sevir,sevir,Bristol-Myers Squibb,Hormonal,Thyroid Hormone,28829-740-17,140.22,Lozenges,"0.3 mg Lozenges, 30 units per package. Typical dosing: as directed by physician.","sevir is indicated for therapeutic applications related to hormonal conditions.

Mechanism of Action: sevir works by inhibiting key enzymes in pathological processes.

Pharmacokinetics: Slowly absorbed after oral administration. Moderately protein-bound (approximately 60-80%). Subject to minimal metabolism, with most of the drug excreted unchanged. Elimination rate depends on hepatic function.

Contraindications: Pregnancy and lactation; Severe renal impairment; Hypersensitivity to the active substance or any of the excipients.

Common Adverse Effects: Diarrhea, Dizziness, Vomiting, Fatigue.",,493
913,Macitabine,macitabine,Glenmark,Otological,Anti-Infective,74293-514-56,49.38,Oral Solution,"50 mcg/mL Oral Solution, 15 mL bottle. Typical dosing: twice daily.","macitabine is indicated for therapeutic applications related to otological conditions.

Mechanism of Action: macitabine works by modulating biochemical pathways involved in the disease process.

Pharmacokinetics: Absorption is enhanced when taken with food. Does not significantly penetrate the blood-brain barrier. Primarily metabolized by CYP2D6 with genetic polymorphisms affecting rate of metabolism. Clearance is reduced in patients with renal impairment.

Contraindications: Severe renal impairment; Pregnancy and lactation; Severe hepatic impairment; Hypersensitivity to the active substance or any of the excipients.

Common Adverse Effects: Fatigue, Nausea, Vomiting, Rash, Abdominal pain, Pruritus.",,583
914,Noplatin,noplatin,Dr. Reddy's,Hormonal,Oxytocic,75239-214-95,38.5,Orally Disintegrating Tablet,"0.2 mg Orally Disintegrating Tablet, 50 Orally Disintegrating Tablets per bottle. Typical dosing: as directed by physician.","noplatin belongs to the class of oxytocic agents within the hormonal category.

Mechanism of Action: noplatin works by counteracting pathological changes in tissue function.

Pharmacokinetics: Absorption is pH-dependent, optimized in acidic environment. Moderately protein-bound (approximately 60-80%). Primarily metabolized by CYP2D6 with genetic polymorphisms affecting rate of metabolism. Terminal half-life of approximately 12-24 hours.

Contraindications: Severe hepatic impairment; Pregnancy and lactation; Hypersensitivity to the active substance or any of the excipients.

Common Adverse Effects: Dizziness, Nausea, Vomiting, Fatigue, Rash.","HLA-B*5701,ABCB1,VKORC1",422
915,Mefenac,BI-mefenac,Boehringer Ingelheim,Ophthalmological,Lubricant,54298-486-12,144.66,Sublingual Tablet,"10 mg Sublingual Tablet, 28 Sublingual Tablets per bottle. Typical dosing: once daily.","mefenac is indicated for therapeutic applications related to ophthalmological conditions.

Mechanism of Action: mefenac works by enhancing physiological defense mechanisms.

Pharmacokinetics: Absorption is reduced when taken with food. Widely distributed throughout body tissues. Metabolism shows significant inter-individual variability. Eliminated primarily via renal excretion of unchanged drug.

Contraindications: Hypersensitivity to the active substance or any of the excipients; Severe hepatic impairment; Pregnancy and lactation.

Common Adverse Effects: Headache, Rash, Diarrhea, Vomiting, Fatigue.",CYP2C19,382
916,Enrubicin,enrubicin Hydrochloride,Gilead Sciences,Anticancer,Targeted Therapy,78305-915-15,695.49,Rectal Suppository,"100 mg Rectal Suppository, 50 units per package. Typical dosing: twice daily.","enrubicin is indicated for therapeutic applications related to anticancer conditions.

Mechanism of Action: enrubicin works by modulating biochemical pathways involved in the disease process.

Pharmacokinetics: Rapidly absorbed from the gastrointestinal tract. Moderately protein-bound (approximately 60-80%). Subject to minimal metabolism, with most of the drug excreted unchanged. Excreted in urine as metabolites.

Contraindications: Severe renal impairment; Pregnancy and lactation; Severe hepatic impairment; Hypersensitivity to the active substance or any of the excipients.

Common Adverse Effects: Abdominal pain, Vomiting, Dizziness, Diarrhea, Headache, Nausea, Rash.",,649
917,Stazosin,Celstazosin,Celgene,Immunological,Vaccine,56208-513-91,77.14,Drops,"25 mg Drops, 50 units per package. Typical dosing: twice daily.","stazosin is a vaccine medication classified under immunological drugs.

Mechanism of Action: stazosin works by modulating biochemical pathways involved in the disease process.

Pharmacokinetics: Absorption is reduced when taken with food. Does not significantly penetrate the blood-brain barrier. Metabolized through multiple pathways with no single dominant route. Eliminated primarily via renal excretion of unchanged drug.

Contraindications: Hypersensitivity to the active substance or any of the excipients; Severe hepatic impairment; Pregnancy and lactation.

Common Adverse Effects: Diarrhea, Rash, Headache, Fatigue.",,335
918,Qumycin,PH-qumycin,Piramal Healthcare,Otological,Anti-Infective,33551-691-77,42.59,Lozenges,"200 mg Lozenges, 20 units per package. Typical dosing: as directed by physician.","qumycin is used in the treatment of conditions requiring otological therapy.

Mechanism of Action: qumycin works by inhibiting key enzymes in pathological processes.

Pharmacokinetics: Absorption is enhanced when taken with food. Does not significantly penetrate the blood-brain barrier. Undergoes conjugation reactions in the liver. Short half-life of 2-4 hours requiring multiple daily dosing.

Contraindications: Severe hepatic impairment; Pregnancy and lactation; Severe renal impairment; Hypersensitivity to the active substance or any of the excipients.

Common Adverse Effects: Rash, Diarrhea, Abdominal pain, Vomiting, Pruritus.",,333
919,Deazine,deazine IV,GlaxoSmithKline,Ophthalmological,Miotic,34776-868-10,107.6,Powder for Reconstitution,"100 mg Powder for Reconstitution, 30 units per package. Typical dosing: twice daily.","deazine is used in the treatment of conditions requiring ophthalmological therapy.

Mechanism of Action: deazine works by modulating biochemical pathways involved in the disease process.

Pharmacokinetics: Bioavailability is approximately 60-80% after oral administration. Crosses the blood-brain barrier. Subject to minimal metabolism, with most of the drug excreted unchanged. Elimination rate depends on hepatic function.

Contraindications: Severe hepatic impairment; Pregnancy and lactation; Hypersensitivity to the active substance or any of the excipients.

Common Adverse Effects: Abdominal pain, Rash, Vomiting, Pruritus.",,642
920,Broolol,Lupbroolol Sulfate XR,Lupin,Immunological,Vaccine,60577-659-22,133.18,Topical Ointment,"25 mg/g Topical Ointment, 10 g tube. Typical dosing: once daily.","broolol is a vaccine medication classified under immunological drugs.

Mechanism of Action: broolol works by inhibiting key enzymes in pathological processes.

Pharmacokinetics: Bioavailability is approximately 60-80% after oral administration. Widely distributed throughout body tissues. Metabolism shows significant inter-individual variability. Clearance is reduced in patients with renal impairment.

Contraindications: Severe renal impairment; Pregnancy and lactation; Hypersensitivity to the active substance or any of the excipients; Severe hepatic impairment.

Common Adverse Effects: Rash, Diarrhea, Vomiting, Fatigue, Dizziness, Abdominal pain, Nausea.",,433
921,Rosetron,rosetron,Teva Pharmaceutical,Antidiabetic,DPP-4 Inhibitor,88491-435-93,193.02,Vaginal Cream,"1.0 mg Vaginal Cream, 50 g tube. Typical dosing: once daily.","rosetron stimulates insulin secretion from pancreatic beta cells, helping to lower blood glucose levels in diabetic patients.

Mechanism of Action: rosetron works by stimulating insulin release from pancreatic beta cells.

Pharmacokinetics: Subject to significant first-pass metabolism resulting in reduced bioavailability. Highly protein-bound (approximately 90-95%). Metabolism shows significant inter-individual variability. Terminal half-life of approximately 12-24 hours.

Contraindications: Acute or chronic metabolic acidosis; Severe renal impairment (GFR < 30 mL/min); Pregnancy and lactation; Severe renal impairment; Diabetic ketoacidosis.

Common Adverse Effects: Urinary tract infections, Weight gain, Dizziness, Diarrhea.","CYP2C19,BCHE",397
922,Tozepam,tozepam,Roche,Respiratory,Decongestant,95559-570-20,128.46,Drops,"4 mg Drops, 100 units per package. Typical dosing: every 4-6 hours as needed.","tozepam helps reduce inflammation and bronchospasm in the airways, improving breathing in patients with respiratory conditions.

Mechanism of Action: tozepam works by reducing mucus production and improving mucociliary clearance.

Pharmacokinetics: Rapidly absorbed from the gastrointestinal tract. Crosses the blood-brain barrier. Subject to minimal metabolism, with most of the drug excreted unchanged. Eliminated through both renal and biliary routes.

Contraindications: Known hypersensitivity to adrenergic compounds; Severe hepatic impairment; Untreated fungal infections of the respiratory tract; Severe renal impairment.

Common Adverse Effects: Dizziness, Headache, Increased sputum production, Nausea, Dyspnea, Cough, Rash.",,564
923,Tiprazole,tiprazole Oral,Sun Pharmaceutical,Gastrointestinal,Antacid,89526-308-81,39.74,Oral Suspension,"1000 mcg/mL Oral Suspension, 100 mL bottle. Typical dosing: as directed by physician.","tiprazole is indicated for the treatment of various gastrointestinal motility disorders and functional gastrointestinal syndromes.

Mechanism of Action: tiprazole works by blocking dopamine D2 receptors in the chemoreceptor trigger zone, providing antiemetic effects.

Pharmacokinetics: Slowly absorbed after oral administration. Does not significantly penetrate the blood-brain barrier. Metabolism shows significant inter-individual variability. Elimination rate depends on hepatic function.

Contraindications: Inflammatory bowel disease in acute phase; Gastrointestinal obstruction; Severe renal impairment; Severe hepatic impairment.

Common Adverse Effects: Dyspepsia, Pruritus, Flatulence, Increased appetite, Headache.",,642
924,Rephylline,Abbrephylline,AbbVie,Nutritional,Amino Acid,77731-937-93,20.87,Dispersible Tablet,"25 mg Dispersible Tablet, 120 Dispersible Tablets per bottle. Typical dosing: twice daily.","rephylline is indicated for therapeutic applications related to nutritional conditions.

Mechanism of Action: rephylline works by counteracting pathological changes in tissue function.

Pharmacokinetics: Slowly absorbed after oral administration. Accumulates in adipose tissue due to lipophilic properties. Undergoes conjugation reactions in the liver. Elimination rate depends on hepatic function.

Contraindications: Severe renal impairment; Pregnancy and lactation; Severe hepatic impairment.

Common Adverse Effects: Pruritus, Vomiting, Abdominal pain, Nausea, Fatigue, Diarrhea, Headache.",,516
925,Entraline,entraline,Cipla,Central Nervous System,NSAID,78863-439-95,86.4,Capsule,"25 mcg Capsule, 100 Capsules per bottle. Typical dosing: at bedtime.","entraline helps restore the balance of certain natural substances in the brain, improving mood, thoughts, and behavior.

Mechanism of Action: entraline works by binding to opioid receptors, modulating pain perception pathways.

Pharmacokinetics: Rapidly absorbed from the gastrointestinal tract. Does not significantly penetrate the blood-brain barrier. Metabolized to active metabolites that contribute to the therapeutic effect. Prolonged half-life allowing once-daily dosing.

Contraindications: Pregnancy and lactation; Hypersensitivity to the active substance or any of the excipients; Seizure disorders; Severe hepatic impairment.

Common Adverse Effects: Abdominal pain, Somnolence, Anxiety, Fatigue, Vomiting, Insomnia.",,764
926,Cepril,cepril Sulfate,Celgene,Central Nervous System,Benzodiazepine,66043-653-85,163.04,Effervescent Tablet,"5.0 mg Effervescent Tablet, 90 Effervescent Tablets per bottle. Typical dosing: once daily.","cepril is indicated for the management of chronic pain conditions through its action on central pain pathways.

Mechanism of Action: cepril works by blocking NMDA receptors and modulating glutamate neurotransmission.

Pharmacokinetics: Well absorbed through transdermal application. Does not significantly penetrate the blood-brain barrier. Subject to minimal metabolism, with most of the drug excreted unchanged. Eliminated primarily via renal excretion of unchanged drug.

Contraindications: Concomitant use of monoamine oxidase inhibitors; Severe hepatic impairment; Severe renal impairment.

Common Adverse Effects: Confusion, Diarrhea, Fatigue, Rash, Paresthesia, Depression.",,652
927,Cazosin,cazosin,Intas Pharmaceuticals,Antidiabetic,Alpha-Glucosidase Inhibitor,53750-224-22,213.16,Topical Cream,"25.0 mg/g Topical Cream, 60 g tube. Typical dosing: twice daily.","cazosin stimulates insulin secretion from pancreatic beta cells, helping to lower blood glucose levels in diabetic patients.

Mechanism of Action: cazosin works by inhibiting sodium-glucose cotransporter 2 (SGLT2) in the kidneys, increasing urinary glucose excretion.

Pharmacokinetics: Slowly absorbed after oral administration. Highly protein-bound (approximately 90-95%). Extensively metabolized in the liver via CYP450 enzymes, primarily CYP3A4. Excreted in urine as metabolites.

Contraindications: Severe hepatic impairment; Diabetic ketoacidosis; Severe renal impairment; Pregnancy and lactation.

Common Adverse Effects: Genital mycotic infections, Hypoglycemia, Lactic acidosis, Abdominal pain, Fatigue.",,379
928,Intoin,intoin Oral,Celgene,Gastrointestinal,Antacid,21257-817-81,102.68,Intravenous Solution,"1.0 mEq/mL Intravenous Solution, 30 mL bottle. Typical dosing: three times daily.","intoin helps manage symptoms and promote healing in patients with inflammatory bowel conditions.

Mechanism of Action: intoin works by antagonizing histamine H2 receptors in gastric parietal cells, reducing acid secretion.

Pharmacokinetics: Slowly absorbed after oral administration. Crosses the blood-brain barrier. Metabolized to active metabolites that contribute to the therapeutic effect. Terminal half-life of approximately 12-24 hours.

Contraindications: Gastrointestinal obstruction; Severe hepatic impairment; Inflammatory bowel disease in acute phase; Hypersensitivity to the active substance or any of the excipients.

Common Adverse Effects: Increased appetite, Rash, Altered taste, Dry mouth, Fatigue, Dizziness, Headache.",,526
929,Gaphylline,gaphylline Citrate Plus,GlaxoSmithKline,Respiratory,Decongestant,12200-757-28,121.79,Orally Disintegrating Tablet,"50 mg Orally Disintegrating Tablet, 180 Orally Disintegrating Tablets per bottle. Typical dosing: once daily.","gaphylline is a decongestant indicated for the treatment of asthma and chronic obstructive pulmonary disease (COPD).

Mechanism of Action: gaphylline works by reducing mucus production and improving mucociliary clearance.

Pharmacokinetics: Bioavailability is approximately 60-80% after oral administration. Low protein binding (<30%). Undergoes conjugation reactions in the liver. Clearance is reduced in patients with renal impairment.

Contraindications: Known hypersensitivity to adrenergic compounds; Severe hepatic impairment; Severe renal impairment.

Common Adverse Effects: Nausea, Cough, Dyspnea, Abdominal pain.",,573
930,Maplatin,TP-maplatin Phosphate,Torrent Pharmaceuticals,Antiparasitic,Antimalarial,54332-939-32,46.68,Topical Gel,"200 mg/g Topical Gel, 45 g tube. Typical dosing: three times daily.","maplatin belongs to the class of antimalarial agents within the antiparasitic category.

Mechanism of Action: maplatin works by modulating biochemical pathways involved in the disease process.

Pharmacokinetics: Subject to significant first-pass metabolism resulting in reduced bioavailability. Does not significantly penetrate the blood-brain barrier. Metabolism shows significant inter-individual variability. Prolonged half-life allowing once-daily dosing.

Contraindications: Severe hepatic impairment; Pregnancy and lactation; Severe renal impairment; Hypersensitivity to the active substance or any of the excipients.

Common Adverse Effects: Headache, Nausea, Abdominal pain, Diarrhea, Fatigue, Vomiting, Pruritus.",,620
931,Lazolam,AL-lazolam HCl,Alkem Laboratories,Gastrointestinal,Antispasmodic,38595-168-43,63.49,Extended-Release Tablet,"75 mcg Extended-Release Tablet, 20 Extended-Release Tablets per bottle. Typical dosing: as directed by physician.","lazolam is indicated for the treatment of various gastrointestinal motility disorders and functional gastrointestinal syndromes.

Mechanism of Action: lazolam works by inhibiting the gastric H+/K+ ATPase enzyme system, suppressing gastric acid production.

Pharmacokinetics: Rapidly absorbed from the gastrointestinal tract. Crosses the blood-brain barrier. Undergoes conjugation reactions in the liver. Terminal half-life of approximately 12-24 hours.

Contraindications: Gastrointestinal obstruction; Pregnancy and lactation; Severe hepatic impairment; Hypersensitivity to the active substance or any of the excipients.

Common Adverse Effects: Altered taste, Flatulence, Vomiting, Dry mouth, Dizziness, Rash.",,501
932,Sezosin,sezosin,Novartis,Antiviral,Nucleoside Analog,95349-885-77,609.42,Film-Coated Tablet,"25 mg Film-Coated Tablet, 120 Film-Coated Tablets per bottle. Typical dosing: as directed by physician.","sezosin is a nucleoside analog medication classified under antiviral drugs.

Mechanism of Action: sezosin works by inhibiting key enzymes in pathological processes.

Pharmacokinetics: Absorption is enhanced when taken with food. Highly protein-bound (approximately 90-95%). Undergoes conjugation reactions in the liver. Clearance is reduced in patients with renal impairment.

Contraindications: Severe hepatic impairment; Severe renal impairment; Pregnancy and lactation; Hypersensitivity to the active substance or any of the excipients.

Common Adverse Effects: Pruritus, Vomiting, Nausea, Dizziness, Rash.",,505
933,Loantine,loantine IR,Zydus Cadila,Hormonal,Growth Hormone,64021-778-87,70.37,Vaginal Tablet,"0.125 mg Vaginal Tablet, 50 Vaginal Tablets per bottle. Typical dosing: as directed by physician.","loantine belongs to the class of growth hormone agents within the hormonal category.

Mechanism of Action: loantine works by enhancing physiological defense mechanisms.

Pharmacokinetics: Well absorbed through transdermal application. Widely distributed throughout body tissues. Metabolized via non-CYP450 pathways. Terminal half-life of approximately 12-24 hours.

Contraindications: Severe hepatic impairment; Severe renal impairment; Pregnancy and lactation; Hypersensitivity to the active substance or any of the excipients.

Common Adverse Effects: Dizziness, Headache, Diarrhea, Rash, Abdominal pain, Vomiting.",,643
934,Esstatin,esstatin Sulfate,Piramal Healthcare,Nutritional,Electrolyte,72669-453-59,37.49,Topical Ointment,"0.025 % Topical Ointment, 50 g tube. Typical dosing: once daily.","esstatin belongs to the class of electrolyte agents within the nutritional category.

Mechanism of Action: esstatin works by inhibiting key enzymes in pathological processes.

Pharmacokinetics: Absorption is pH-dependent, optimized in acidic environment. Moderately protein-bound (approximately 60-80%). Metabolized to active metabolites that contribute to the therapeutic effect. Prolonged half-life allowing once-daily dosing.

Contraindications: Hypersensitivity to the active substance or any of the excipients; Severe renal impairment; Severe hepatic impairment; Pregnancy and lactation.

Common Adverse Effects: Rash, Vomiting, Dizziness, Fatigue, Pruritus, Nausea.",,457
935,Acmethasone,acmethasone Plus,Regeneron,Ophthalmological,Mydriatic,90661-764-88,46.55,Vaginal Tablet,"200 mg Vaginal Tablet, 180 Vaginal Tablets per bottle. Typical dosing: as directed by physician.","acmethasone is indicated for therapeutic applications related to ophthalmological conditions.

Mechanism of Action: acmethasone works by enhancing physiological defense mechanisms.

Pharmacokinetics: Absorption is pH-dependent, optimized in acidic environment. Highly protein-bound (approximately 90-95%). Extensively metabolized in the liver via CYP450 enzymes, primarily CYP3A4. Short half-life of 2-4 hours requiring multiple daily dosing.

Contraindications: Hypersensitivity to the active substance or any of the excipients; Severe hepatic impairment; Pregnancy and lactation; Severe renal impairment.

Common Adverse Effects: Nausea, Abdominal pain, Diarrhea, Dizziness.",,609
936,Fipril,fipril,Pfizer,Musculoskeletal,Antirheumatic,71626-902-38,175.44,Vaginal Suppository,"25 mg Vaginal Suppository, 30 units per package. Typical dosing: as directed by physician.","fipril belongs to the class of antirheumatic agents within the musculoskeletal category.

Mechanism of Action: fipril works by inhibiting key enzymes in pathological processes.

Pharmacokinetics: Subject to significant first-pass metabolism resulting in reduced bioavailability. Accumulates in adipose tissue due to lipophilic properties. Undergoes conjugation reactions in the liver. Eliminated through both renal and biliary routes.

Contraindications: Severe hepatic impairment; Pregnancy and lactation; Severe renal impairment; Hypersensitivity to the active substance or any of the excipients.

Common Adverse Effects: Headache, Rash, Pruritus, Nausea.","CYP2E1,CYP2C19",473
937,Losemide,losemide CR,Genentech,Otological,Anti-Infective,38873-491-34,30.89,Topical Gel,"50 mg/g Topical Gel, 45 g tube. Typical dosing: as directed by physician.","losemide is indicated for therapeutic applications related to otological conditions.

Mechanism of Action: losemide works by counteracting pathological changes in tissue function.

Pharmacokinetics: Well absorbed through transdermal application. Widely distributed throughout body tissues. Metabolized through multiple pathways with no single dominant route. Terminal half-life of approximately 12-24 hours.

Contraindications: Pregnancy and lactation; Hypersensitivity to the active substance or any of the excipients; Severe hepatic impairment; Severe renal impairment.

Common Adverse Effects: Fatigue, Nausea, Abdominal pain, Rash, Pruritus.","TPMT,ABCG2",450
938,Absartan,absartan SR,Pfizer,Dermatological,Keratolytic,59258-395-16,116.23,Nasal Spray,"10 mcg/dose Nasal Spray, 10 mL bottle. Typical dosing: as directed by physician.","absartan belongs to the class of keratolytic agents within the dermatological category.

Mechanism of Action: absartan works by counteracting pathological changes in tissue function.

Pharmacokinetics: Absorption is pH-dependent, optimized in acidic environment. Distribution limited primarily to the vascular compartment. Metabolized to active metabolites that contribute to the therapeutic effect. Elimination rate depends on hepatic function.

Contraindications: Hypersensitivity to the active substance or any of the excipients; Severe hepatic impairment; Pregnancy and lactation; Severe renal impairment.

Common Adverse Effects: Vomiting, Headache, Nausea, Pruritus, Rash, Abdominal pain, Dizziness.",,572
939,Taanide,taanide Potassium,Merck,Immunological,Interferons,91301-923-86,235.06,Injection,"5.0 mg/mL Injection, 1 1 mL vials. Typical dosing: as directed by physician.","taanide is indicated for therapeutic applications related to immunological conditions.

Mechanism of Action: taanide works by inhibiting key enzymes in pathological processes.

Pharmacokinetics: Slowly absorbed after oral administration. Low protein binding (<30%). Metabolized through multiple pathways with no single dominant route. Prolonged half-life allowing once-daily dosing.

Contraindications: Hypersensitivity to the active substance or any of the excipients; Severe renal impairment; Severe hepatic impairment.

Common Adverse Effects: Abdominal pain, Rash, Dizziness, Fatigue, Pruritus, Diarrhea, Vomiting.",,685
940,Limicin,limicin,Novo Nordisk,Antibiotic,Tetracycline,79892-989-89,31.11,Injection,"0.5 g Injection, 50 2 mL vials. Typical dosing: three times daily.","limicin is a broad-spectrum antibiotic used to treat various bacterial infections throughout the body.

Mechanism of Action: limicin works by inhibiting DNA gyrase and topoisomerase IV, preventing bacterial DNA replication.

Pharmacokinetics: Rapidly absorbed from the gastrointestinal tract. Does not significantly penetrate the blood-brain barrier. Subject to minimal metabolism, with most of the drug excreted unchanged. Short half-life of 2-4 hours requiring multiple daily dosing.

Contraindications: History of antibiotic-associated colitis; Pregnancy and lactation; Concurrent use of contraindicated medications; Myasthenia gravis (for certain antibiotic classes).

Common Adverse Effects: Nausea, Vomiting, Allergic reactions, Photosensitivity, Candidiasis, Antibiotic-associated diarrhea.",,584
941,Kesartan,kesartan Nitrate,Alkem Laboratories,Ophthalmological,Antiglaucoma,25562-863-46,129.35,Otic Solution,"2.0 % Otic Solution, 120 mL bottle. Typical dosing: twice daily.","kesartan is a antiglaucoma medication classified under ophthalmological drugs.

Mechanism of Action: kesartan works by counteracting pathological changes in tissue function.

Pharmacokinetics: Absorption is reduced when taken with food. Highly protein-bound (approximately 90-95%). Primarily metabolized by CYP2D6 with genetic polymorphisms affecting rate of metabolism. Elimination rate depends on hepatic function.

Contraindications: Hypersensitivity to the active substance or any of the excipients; Severe renal impairment; Severe hepatic impairment; Pregnancy and lactation.

Common Adverse Effects: Nausea, Fatigue, Vomiting, Abdominal pain, Headache, Rash, Pruritus.",,574
942,Acfloxacin,acfloxacin XR,Regeneron,Immunological,Monoclonal Antibody,74493-209-45,277.95,Injection,"20.0 mg/mL Injection, 1 20 mL vials. Typical dosing: as directed by physician.","acfloxacin is a monoclonal antibody medication classified under immunological drugs.

Mechanism of Action: acfloxacin works by counteracting pathological changes in tissue function.

Pharmacokinetics: Subject to significant first-pass metabolism resulting in reduced bioavailability. Moderately protein-bound (approximately 60-80%). Metabolism shows significant inter-individual variability. Eliminated primarily via renal excretion of unchanged drug.

Contraindications: Severe hepatic impairment; Severe renal impairment; Hypersensitivity to the active substance or any of the excipients.

Common Adverse Effects: Fatigue, Dizziness, Vomiting, Diarrhea, Nausea, Pruritus.",,386
943,Kelizid,kelizid Oral,Regeneron,Antiparasitic,Antiprotozoal,87060-953-74,56.69,Powder for Reconstitution,"5 mg Powder for Reconstitution, 50 units per package. Typical dosing: three times daily.","kelizid belongs to the class of antiprotozoal agents within the antiparasitic category.

Mechanism of Action: kelizid works by modulating biochemical pathways involved in the disease process.

Pharmacokinetics: Absorption is reduced when taken with food. Accumulates in adipose tissue due to lipophilic properties. Metabolized via non-CYP450 pathways. Short half-life of 2-4 hours requiring multiple daily dosing.

Contraindications: Pregnancy and lactation; Severe renal impairment; Hypersensitivity to the active substance or any of the excipients; Severe hepatic impairment.

Common Adverse Effects: Diarrhea, Dizziness, Headache, Fatigue.",,589
944,Helizid,BI-helizid,Boehringer Ingelheim,Antidiabetic,Alpha-Glucosidase Inhibitor,73489-964-27,287.65,Vaginal Tablet,"50.0 mg Vaginal Tablet, 28 Vaginal Tablets per bottle. Typical dosing: with meals.","helizid improves insulin sensitivity and reduces hepatic glucose production, leading to better glycemic control.

Mechanism of Action: helizid works by inhibiting sodium-glucose cotransporter 2 (SGLT2) in the kidneys, increasing urinary glucose excretion.

Pharmacokinetics: Well absorbed through transdermal application. Widely distributed throughout body tissues. Metabolized via non-CYP450 pathways. Clearance is reduced in patients with renal impairment.

Contraindications: Severe renal impairment (GFR < 30 mL/min); Acute or chronic metabolic acidosis; Severe renal impairment.

Common Adverse Effects: Abdominal pain, Vomiting, Urinary tract infections, Pruritus, Headache.",,363
945,Tetidine,tetidine,Amgen,Gastrointestinal,H2 Antagonist,66754-861-27,133.68,Extended-Release Tablet,"20 mg Extended-Release Tablet, 90 Extended-Release Tablets per bottle. Typical dosing: twice daily.","tetidine is indicated for the treatment of various gastrointestinal motility disorders and functional gastrointestinal syndromes.

Mechanism of Action: tetidine works by inhibiting the gastric H+/K+ ATPase enzyme system, suppressing gastric acid production.

Pharmacokinetics: Subject to significant first-pass metabolism resulting in reduced bioavailability. Distribution limited primarily to the vascular compartment. Extensively metabolized in the liver via CYP450 enzymes, primarily CYP3A4. Excreted in urine as metabolites.

Contraindications: Active gastrointestinal bleeding; Hypersensitivity to the active substance or any of the excipients; Inflammatory bowel disease in acute phase; Severe renal impairment; Severe hepatic impairment.

Common Adverse Effects: Vomiting, Abdominal pain, Constipation, Dyspepsia.",,418
946,Ratidine,Cipratidine,Cipla,Gastrointestinal,H2 Antagonist,31711-522-88,150.97,Ophthalmic Ointment,"150 mg/g Ophthalmic Ointment, 50 g tube. Typical dosing: twice daily.","ratidine helps manage symptoms and promote healing in patients with inflammatory bowel conditions.

Mechanism of Action: ratidine works by stimulating gastrointestinal motility through acetylcholine-like effects.

Pharmacokinetics: Absorption is reduced when taken with food. Widely distributed throughout body tissues. Metabolized through multiple pathways with no single dominant route. Short half-life of 2-4 hours requiring multiple daily dosing.

Contraindications: Severe hepatic impairment; Active gastrointestinal bleeding; Inflammatory bowel disease in acute phase; Severe renal impairment; Pregnancy and lactation.

Common Adverse Effects: Increased appetite, Vomiting, Dyspepsia, Nausea, Constipation.",,481
947,Qucaine,qucaine,Cipla,Antiparasitic,Antiprotozoal,63395-910-37,100.25,Sublingual Tablet,"10 mg Sublingual Tablet, 28 Sublingual Tablets per bottle. Typical dosing: three times daily.","qucaine is used in the treatment of conditions requiring antiparasitic therapy.

Mechanism of Action: qucaine works by modulating biochemical pathways involved in the disease process.

Pharmacokinetics: Absorption is enhanced when taken with food. Highly protein-bound (approximately 90-95%). Primarily metabolized by CYP2D6 with genetic polymorphisms affecting rate of metabolism. Elimination rate depends on hepatic function.

Contraindications: Severe hepatic impairment; Severe renal impairment; Hypersensitivity to the active substance or any of the excipients; Pregnancy and lactation.

Common Adverse Effects: Vomiting, Dizziness, Nausea, Abdominal pain, Headache.",,493
948,Raglinide,raglinide Sulfate SR,Bristol-Myers Squibb,Antidiabetic,SGLT2 Inhibitor,46627-287-31,238.73,Topical Cream,"10.0 % Topical Cream, 50 g tube. Typical dosing: twice daily.","raglinide improves insulin sensitivity and reduces hepatic glucose production, leading to better glycemic control.

Mechanism of Action: raglinide works by enhancing incretin effect by inhibiting dipeptidyl peptidase-4 (DPP-4).

Pharmacokinetics: Absorption is pH-dependent, optimized in acidic environment. Distribution limited primarily to the vascular compartment. Metabolized via non-CYP450 pathways. Clearance is reduced in patients with renal impairment.

Contraindications: Pregnancy and lactation; Severe hepatic impairment; Acute or chronic metabolic acidosis.

Common Adverse Effects: Genital mycotic infections, Pruritus, Hypoglycemia, Vomiting, Abdominal pain.",,257
949,Enlizid,enlizid,Sun Pharmaceutical,Cardiovascular,Beta Blocker,57707-839-72,64.52,Intravenous Solution,"5 mcg/mL Intravenous Solution, 100 mL bottle. Typical dosing: once daily.","enlizid is a beta blocker used in the management of heart failure, hypertension, and related cardiovascular conditions.

Mechanism of Action: enlizid works by selectively blocking beta-adrenergic receptors, reducing the effects of epinephrine.

Pharmacokinetics: Slowly absorbed after oral administration. Accumulates in adipose tissue due to lipophilic properties. Metabolized via non-CYP450 pathways. Excreted in urine as metabolites.

Contraindications: Bilateral renal artery stenosis; Severe hepatic impairment; Hypersensitivity to the active substance or any of the excipients; Pregnancy and lactation; Severe bradycardia.

Common Adverse Effects: Edema, Syncope, Palpitations, Flushing, Bradycardia, Abdominal pain.","CYP2D6,ABCG2,TPMT",495
950,Deafil,deafil,Baxter International,Gastrointestinal,Antiemetic,54184-879-30,30.27,Dispersible Tablet,"300 mg Dispersible Tablet, 60 Dispersible Tablets per bottle. Typical dosing: as directed by physician.","deafil helps manage symptoms and promote healing in patients with inflammatory bowel conditions.

Mechanism of Action: deafil works by stimulating gastrointestinal motility through acetylcholine-like effects.

Pharmacokinetics: Well absorbed through transdermal application. Accumulates in adipose tissue due to lipophilic properties. Primarily metabolized by CYP2D6 with genetic polymorphisms affecting rate of metabolism. Excreted in urine as metabolites.

Contraindications: Gastrointestinal obstruction; Inflammatory bowel disease in acute phase; Severe renal impairment.

Common Adverse Effects: Dizziness, Constipation, Fatigue, Increased appetite, Flatulence, Rash, Pruritus.",CYP3A4,424
951,Eslizid,Abbeslizid,AbbVie,Dermatological,Antipsoriatic,51442-328-26,82.54,Orally Disintegrating Tablet,"2.0 mg Orally Disintegrating Tablet, 60 Orally Disintegrating Tablets per bottle. Typical dosing: as directed by physician.","eslizid is used in the treatment of conditions requiring dermatological therapy.

Mechanism of Action: eslizid works by inhibiting key enzymes in pathological processes.

Pharmacokinetics: Absorption is reduced when taken with food. Low protein binding (<30%). Metabolized to active metabolites that contribute to the therapeutic effect. Excreted in urine as metabolites.

Contraindications: Severe renal impairment; Pregnancy and lactation; Severe hepatic impairment; Hypersensitivity to the active substance or any of the excipients.

Common Adverse Effects: Abdominal pain, Headache, Dizziness, Fatigue, Vomiting, Rash, Pruritus.",,513
952,Lociclovir,lociclovir,Mylan,Gastrointestinal,Prokinetic,80386-442-33,144.5,Film-Coated Tablet,"40 mg Film-Coated Tablet, 10 Film-Coated Tablets per bottle. Typical dosing: three times daily.","lociclovir provides relief from symptoms associated with gastroesophageal reflux disease (GERD) and peptic ulcer disease.

Mechanism of Action: lociclovir works by blocking dopamine D2 receptors in the chemoreceptor trigger zone, providing antiemetic effects.

Pharmacokinetics: Rapidly absorbed from the gastrointestinal tract. Moderately protein-bound (approximately 60-80%). Subject to minimal metabolism, with most of the drug excreted unchanged. Eliminated through both renal and biliary routes.

Contraindications: Inflammatory bowel disease in acute phase; Gastrointestinal obstruction; Hypersensitivity to the active substance or any of the excipients; Pregnancy and lactation.

Common Adverse Effects: Dry mouth, Increased appetite, Abdominal pain, Dyspepsia, Dizziness, Altered taste.",,571
953,Fezepam,Cipfezepam HCT,Cipla,Central Nervous System,Antipyretic,24870-678-88,99.74,Topical Ointment,"10.0 mg/g Topical Ointment, 30 g tube. Typical dosing: at bedtime.","fezepam is a antipyretic that acts on the central nervous system to treat conditions such as depression, anxiety, or seizures.

Mechanism of Action: fezepam works by enhancing GABAergic neurotransmission, producing anxiolytic and sedative effects.

Pharmacokinetics: Rapidly absorbed from the gastrointestinal tract. Accumulates in adipose tissue due to lipophilic properties. Metabolism shows significant inter-individual variability. Clearance is reduced in patients with renal impairment.

Contraindications: Seizure disorders; Severe hepatic impairment; Recent myocardial infarction.

Common Adverse Effects: Dizziness, Pruritus, Confusion, Somnolence, Fatigue, Headache.",,372
954,Ablukast,ablukast,Cipla,Respiratory,Mucolytic,73981-498-87,261.53,Inhalation Solution,"20 mcg/mL Inhalation Solution, 150 mL bottle. Typical dosing: every 4-6 hours as needed.","ablukast helps reduce inflammation and bronchospasm in the airways, improving breathing in patients with respiratory conditions.

Mechanism of Action: ablukast works by antagonizing histamine H1 receptors, reducing allergic responses.

Pharmacokinetics: Absorption is enhanced when taken with food. Distribution limited primarily to the vascular compartment. Primarily metabolized by CYP2D6 with genetic polymorphisms affecting rate of metabolism. Prolonged half-life allowing once-daily dosing.

Contraindications: Severe hepatic impairment; Hypersensitivity to the active substance or any of the excipients; Pregnancy and lactation.

Common Adverse Effects: Headache, Vomiting, Rash, Dyspnea.",,298
955,Tozepam,tozepam,Bayer,Central Nervous System,Antimigraine,97520-484-98,90.59,Topical Gel,"10.0 % Topical Gel, 50 g tube. Typical dosing: twice daily.","tozepam helps restore the balance of certain natural substances in the brain, improving mood, thoughts, and behavior.

Mechanism of Action: tozepam works by inhibiting monoamine oxidase, increasing levels of monoamine neurotransmitters.

Pharmacokinetics: Bioavailability is approximately 60-80% after oral administration. Crosses the blood-brain barrier. Metabolism shows significant inter-individual variability. Excreted in urine as metabolites.

Contraindications: Recent myocardial infarction; Severe hepatic impairment; Seizure disorders.

Common Adverse Effects: Rash, Somnolence, Diarrhea, Confusion.",,411
956,Loracil,MP-loracil Calcium HCT,Mankind Pharma,Nutritional,Electrolyte,60732-606-18,92.96,Intravenous Solution,"10.0 mg/mL Intravenous Solution, 480 mL bottle. Typical dosing: once daily.","loracil is a electrolyte medication classified under nutritional drugs.

Mechanism of Action: loracil works by enhancing physiological defense mechanisms.

Pharmacokinetics: Slowly absorbed after oral administration. Accumulates in adipose tissue due to lipophilic properties. Metabolized through multiple pathways with no single dominant route. Prolonged half-life allowing once-daily dosing.

Contraindications: Pregnancy and lactation; Hypersensitivity to the active substance or any of the excipients; Severe hepatic impairment; Severe renal impairment.

Common Adverse Effects: Dizziness, Pruritus, Fatigue, Diarrhea, Headache.",DPYD,252
957,Azmethasone,azmethasone Plus,Biocon,Nutritional,Vitamin,24610-704-87,39.48,Syrup,"2.0 % Syrup, 240 mL bottle. Typical dosing: as directed by physician.","azmethasone belongs to the class of vitamin agents within the nutritional category.

Mechanism of Action: azmethasone works by enhancing physiological defense mechanisms.

Pharmacokinetics: Well absorbed through transdermal application. Crosses the blood-brain barrier. Undergoes conjugation reactions in the liver. Excreted in urine as metabolites.

Contraindications: Severe renal impairment; Hypersensitivity to the active substance or any of the excipients; Severe hepatic impairment; Pregnancy and lactation.

Common Adverse Effects: Rash, Dizziness, Fatigue, Headache, Vomiting, Abdominal pain, Diarrhea.",,680
958,Hydronate,hydronate,Bristol-Myers Squibb,Antiparasitic,Antihelminthic,66409-882-12,116.88,Vaginal Tablet,"100 mg Vaginal Tablet, 10 Vaginal Tablets per bottle. Typical dosing: three times daily.","hydronate is used in the treatment of conditions requiring antiparasitic therapy.

Mechanism of Action: hydronate works by enhancing physiological defense mechanisms.

Pharmacokinetics: Rapidly absorbed from the gastrointestinal tract. Widely distributed throughout body tissues. Metabolized through multiple pathways with no single dominant route. Excreted in urine as metabolites.

Contraindications: Hypersensitivity to the active substance or any of the excipients; Severe hepatic impairment; Pregnancy and lactation; Severe renal impairment.

Common Adverse Effects: Vomiting, Rash, Abdominal pain, Diarrhea, Headache.","CYP2E1,CYP2D6",225
959,Tevir,tevir Calcium,Gilead Sciences,Immunological,Immunosuppressant,78708-820-22,410.09,Syrup,"5.0 % Syrup, 240 mL bottle. Typical dosing: twice daily.","tevir belongs to the class of immunosuppressant agents within the immunological category.

Mechanism of Action: tevir works by modulating biochemical pathways involved in the disease process.

Pharmacokinetics: Subject to significant first-pass metabolism resulting in reduced bioavailability. Widely distributed throughout body tissues. Metabolized via non-CYP450 pathways. Elimination rate depends on hepatic function.

Contraindications: Severe renal impairment; Severe hepatic impairment; Pregnancy and lactation; Hypersensitivity to the active substance or any of the excipients.

Common Adverse Effects: Dizziness, Fatigue, Diarrhea, Headache, Vomiting, Pruritus.",,446
960,Meolol,meolol Forte,Bristol-Myers Squibb,Cardiovascular,Diuretic,19102-343-29,226.17,Intravenous Solution,"4.0 mEq/mL Intravenous Solution, 480 mL bottle. Typical dosing: three times daily.","meolol is a diuretic used in the management of heart failure, hypertension, and related cardiovascular conditions.

Mechanism of Action: meolol works by blocking calcium channels in vascular smooth muscle and cardiac muscle.

Pharmacokinetics: Slowly absorbed after oral administration. Moderately protein-bound (approximately 60-80%). Metabolized via non-CYP450 pathways. Eliminated through both renal and biliary routes.

Contraindications: Severe hepatic impairment; Bilateral renal artery stenosis; Cardiogenic shock; Pregnancy and lactation.

Common Adverse Effects: Chest pain, Pruritus, Palpitations, Vomiting, Bradycardia, Rash.","SLCO1B1,COMT",609
961,Teantine,NN-teantine,Novo Nordisk,Immunological,Antirheumatic,79060-863-88,125.66,Rectal Suppository,"50 mg Rectal Suppository, 20 units per package. Typical dosing: as directed by physician.","teantine is indicated for therapeutic applications related to immunological conditions.

Mechanism of Action: teantine works by enhancing physiological defense mechanisms.

Pharmacokinetics: Absorption is reduced when taken with food. Accumulates in adipose tissue due to lipophilic properties. Metabolized through multiple pathways with no single dominant route. Prolonged half-life allowing once-daily dosing.

Contraindications: Pregnancy and lactation; Hypersensitivity to the active substance or any of the excipients; Severe renal impairment.

Common Adverse Effects: Fatigue, Diarrhea, Pruritus, Rash, Abdominal pain, Headache.",,524
962,Tastatin,tastatin,Aurobindo Pharma,Anticancer,Cytotoxic Antibiotic,63586-846-60,592.65,Otic Solution,"0.025 % Otic Solution, 100 mL bottle. Typical dosing: twice daily.","tastatin is indicated for therapeutic applications related to anticancer conditions.

Mechanism of Action: tastatin works by inhibiting key enzymes in pathological processes.

Pharmacokinetics: Absorption is pH-dependent, optimized in acidic environment. Distribution limited primarily to the vascular compartment. Extensively metabolized in the liver via CYP450 enzymes, primarily CYP3A4. Short half-life of 2-4 hours requiring multiple daily dosing.

Contraindications: Severe hepatic impairment; Pregnancy and lactation; Hypersensitivity to the active substance or any of the excipients.

Common Adverse Effects: Abdominal pain, Diarrhea, Nausea, Headache.",,361
963,Ketinib,BI-ketinib,Baxter International,Nutritional,Caloric Agent,82940-860-49,34.81,Buccal Tablet,"5 mg Buccal Tablet, 50 Buccal Tablets per bottle. Typical dosing: once daily.","ketinib belongs to the class of caloric agent agents within the nutritional category.

Mechanism of Action: ketinib works by enhancing physiological defense mechanisms.

Pharmacokinetics: Absorption is reduced when taken with food. Accumulates in adipose tissue due to lipophilic properties. Metabolized through multiple pathways with no single dominant route. Terminal half-life of approximately 12-24 hours.

Contraindications: Severe hepatic impairment; Severe renal impairment; Hypersensitivity to the active substance or any of the excipients.

Common Adverse Effects: Abdominal pain, Nausea, Pruritus, Vomiting, Rash, Headache, Dizziness.",,315
964,Noantine,J&J-noantine Sulfate,Johnson & Johnson,Musculoskeletal,Antigout,48170-669-52,65.77,Extended-Release Tablet,"5 mcg Extended-Release Tablet, 10 Extended-Release Tablets per bottle. Typical dosing: once daily.","noantine is a antigout medication classified under musculoskeletal drugs.

Mechanism of Action: noantine works by binding to specific receptors in target tissues.

Pharmacokinetics: Bioavailability is approximately 60-80% after oral administration. Moderately protein-bound (approximately 60-80%). Subject to minimal metabolism, with most of the drug excreted unchanged. Eliminated through both renal and biliary routes.

Contraindications: Severe renal impairment; Severe hepatic impairment; Hypersensitivity to the active substance or any of the excipients.

Common Adverse Effects: Dizziness, Vomiting, Diarrhea, Pruritus, Fatigue, Rash, Abdominal pain.",,765
965,Flunavir,GS-flunavir,Gilead Sciences,Antiparasitic,Antimalarial,35944-203-93,26.54,Drops,"200 mg Drops, 30 units per package. Typical dosing: as directed by physician.","flunavir is used in the treatment of conditions requiring antiparasitic therapy.

Mechanism of Action: flunavir works by counteracting pathological changes in tissue function.

Pharmacokinetics: Well absorbed through transdermal application. Distribution limited primarily to the vascular compartment. Metabolized through multiple pathways with no single dominant route. Eliminated primarily via renal excretion of unchanged drug.

Contraindications: Pregnancy and lactation; Severe renal impairment; Severe hepatic impairment; Hypersensitivity to the active substance or any of the excipients.

Common Adverse Effects: Abdominal pain, Dizziness, Vomiting, Fatigue, Diarrhea.",,381
966,Papril,papril Sulfate,Celgene,Cardiovascular,Vasodilator,95768-855-92,75.87,Tablet,"0.5 g Tablet, 180 Tablets per bottle. Typical dosing: twice daily.","papril belongs to the class of vasodilator medications and is used to treat various cardiovascular disorders including coronary artery disease.

Mechanism of Action: papril works by selectively blocking beta-adrenergic receptors, reducing the effects of epinephrine.

Pharmacokinetics: Absorption is enhanced when taken with food. Moderately protein-bound (approximately 60-80%). Metabolism shows significant inter-individual variability. Elimination rate depends on hepatic function.

Contraindications: Bilateral renal artery stenosis; Severe renal impairment; Second or third-degree heart block; Acute heart failure.

Common Adverse Effects: Hypotension, Fatigue, Vomiting, Pruritus.",,651
967,Fedipine,fedipine HCl,Mankind Pharma,Cardiovascular,Antianginal,75285-967-68,68.56,Topical Gel,"1.0 % Topical Gel, 5 g tube. Typical dosing: twice daily.","fedipine is primarily used to reduce the risk of cardiovascular events in patients with established cardiovascular disease or multiple risk factors.

Mechanism of Action: fedipine works by reducing the activity of the renin-angiotensin-aldosterone system.

Pharmacokinetics: Absorption is enhanced when taken with food. Does not significantly penetrate the blood-brain barrier. Metabolism shows significant inter-individual variability. Eliminated primarily via renal excretion of unchanged drug.

Contraindications: Severe bradycardia; Pregnancy and lactation; Cardiogenic shock; Hypersensitivity to the active substance or any of the excipients; Acute heart failure.

Common Adverse Effects: Syncope, Edema, Palpitations, Vomiting, Chest pain.",,469
968,Pethiazide,Cippethiazide Plus,Cipla,Cardiovascular,Beta Blocker,31401-111-79,84.53,Ophthalmic Solution,"5.0 % Ophthalmic Solution, 240 mL bottle. Typical dosing: once daily.","pethiazide belongs to the class of beta blocker medications and is used to treat various cardiovascular disorders including coronary artery disease.

Mechanism of Action: pethiazide works by selectively blocking beta-adrenergic receptors, reducing the effects of epinephrine.

Pharmacokinetics: Absorption is pH-dependent, optimized in acidic environment. Distribution limited primarily to the vascular compartment. Metabolized via non-CYP450 pathways. Short half-life of 2-4 hours requiring multiple daily dosing.

Contraindications: Hypersensitivity to the active substance or any of the excipients; Bilateral renal artery stenosis; Cardiogenic shock.

Common Adverse Effects: Bradycardia, Chest pain, Syncope, Rash.",,723
969,Ficaine,ficaine CR,Sun Pharmaceutical,Antiviral,CCR5 Antagonist,88556-682-16,328.65,Oral Suspension,"2.0 % Oral Suspension, 15 mL bottle. Typical dosing: once daily.","ficaine is used in the treatment of conditions requiring antiviral therapy.

Mechanism of Action: ficaine works by inhibiting key enzymes in pathological processes.

Pharmacokinetics: Well absorbed through transdermal application. Distribution limited primarily to the vascular compartment. Metabolism shows significant inter-individual variability. Prolonged half-life allowing once-daily dosing.

Contraindications: Pregnancy and lactation; Severe hepatic impairment; Hypersensitivity to the active substance or any of the excipients.

Common Adverse Effects: Dizziness, Diarrhea, Headache, Vomiting, Abdominal pain, Rash, Nausea.","CYP3A4,CYP2C19,ABCG2",529
970,Clocycline,Cipclocycline Sodium Plus,Cipla,Antibiotic,Penicillin,71040-849-95,83.56,Extended-Release Capsule,"750 mg Extended-Release Capsule, 28 Extended-Release Capsules per bottle. Typical dosing: three times daily.","clocycline is indicated for the treatment of infections caused by susceptible strains of designated microorganisms.

Mechanism of Action: clocycline works by binding to the 30S ribosomal subunit, inhibiting bacterial protein synthesis.

Pharmacokinetics: Well absorbed through transdermal application. Moderately protein-bound (approximately 60-80%). Metabolized to active metabolites that contribute to the therapeutic effect. Eliminated through both renal and biliary routes.

Contraindications: Myasthenia gravis (for certain antibiotic classes); Hypersensitivity to the active substance or any of the excipients; Known bacterial resistance; Severe hepatic impairment.

Common Adverse Effects: Photosensitivity, Allergic reactions, Rash, Fatigue.",,640
971,Acpride,Lupacpride D,Lupin,Gastrointestinal,Antiemetic,30156-582-58,139.42,Oral Solution,"20 mcg/mL Oral Solution, 240 mL bottle. Typical dosing: twice daily.","acpride provides relief from symptoms associated with gastroesophageal reflux disease (GERD) and peptic ulcer disease.

Mechanism of Action: acpride works by stimulating gastrointestinal motility through acetylcholine-like effects.

Pharmacokinetics: Absorption is reduced when taken with food. Crosses the blood-brain barrier. Metabolized to active metabolites that contribute to the therapeutic effect. Short half-life of 2-4 hours requiring multiple daily dosing.

Contraindications: Gastrointestinal obstruction; Pregnancy and lactation; Severe renal impairment; Gastrointestinal perforation; Severe hepatic impairment.

Common Adverse Effects: Constipation, Altered taste, Vomiting, Fatigue, Diarrhea, Headache, Rash.",,645
972,Closemide,AP-closemide SR,Aurobindo Pharma,Ophthalmological,Antiglaucoma,87357-998-12,126.61,Oral Solution,"2.5 % Oral Solution, 120 mL bottle. Typical dosing: once daily.","closemide belongs to the class of antiglaucoma agents within the ophthalmological category.

Mechanism of Action: closemide works by modulating biochemical pathways involved in the disease process.

Pharmacokinetics: Bioavailability is approximately 60-80% after oral administration. Widely distributed throughout body tissues. Metabolism shows significant inter-individual variability. Excreted in urine as metabolites.

Contraindications: Hypersensitivity to the active substance or any of the excipients; Pregnancy and lactation; Severe hepatic impairment; Severe renal impairment.

Common Adverse Effects: Headache, Dizziness, Pruritus, Rash.",,579
973,Brolukast,Celbrolukast,Celgene,Otological,Cerumenolytic,72341-684-85,52.7,Injection,"1000 IU/mL Injection, 1 5 mL vials. Typical dosing: three times daily.","brolukast belongs to the class of cerumenolytic agents within the otological category.

Mechanism of Action: brolukast works by modulating biochemical pathways involved in the disease process.

Pharmacokinetics: Well absorbed through transdermal application. Does not significantly penetrate the blood-brain barrier. Metabolized to active metabolites that contribute to the therapeutic effect. Excreted in urine as metabolites.

Contraindications: Hypersensitivity to the active substance or any of the excipients; Severe renal impairment; Pregnancy and lactation; Severe hepatic impairment.

Common Adverse Effects: Pruritus, Nausea, Diarrhea, Rash, Dizziness, Abdominal pain.",,410
974,Heplatin,MK-heplatin Calcium,Merck KGaA,Anticancer,Immunotherapy,73418-512-31,974.77,Injection,"10 mg Injection, 25 2 mL vials. Typical dosing: once daily.","heplatin belongs to the class of immunotherapy agents within the anticancer category.

Mechanism of Action: heplatin works by binding to specific receptors in target tissues.

Pharmacokinetics: Absorption is pH-dependent, optimized in acidic environment. Moderately protein-bound (approximately 60-80%). Metabolized to active metabolites that contribute to the therapeutic effect. Elimination rate depends on hepatic function.

Contraindications: Hypersensitivity to the active substance or any of the excipients; Severe renal impairment; Severe hepatic impairment; Pregnancy and lactation.

Common Adverse Effects: Headache, Diarrhea, Nausea, Abdominal pain, Pruritus, Fatigue.","ABCB1,CYP2B6,ABCG2",713
975,Tiphylline,TP-tiphylline Forte,Teva Pharmaceutical,Musculoskeletal,Bisphosphonate,39505-381-44,101.99,Topical Gel,"0.1 % Topical Gel, 50 g tube. Typical dosing: as directed by physician.","tiphylline is used in the treatment of conditions requiring musculoskeletal therapy.

Mechanism of Action: tiphylline works by enhancing physiological defense mechanisms.

Pharmacokinetics: Absorption is pH-dependent, optimized in acidic environment. Does not significantly penetrate the blood-brain barrier. Extensively metabolized in the liver via CYP450 enzymes, primarily CYP3A4. Eliminated primarily via renal excretion of unchanged drug.

Contraindications: Pregnancy and lactation; Hypersensitivity to the active substance or any of the excipients; Severe renal impairment; Severe hepatic impairment.

Common Adverse Effects: Pruritus, Headache, Fatigue, Abdominal pain, Rash.",,473
976,Keantine,TP-keantine,Torrent Pharmaceuticals,Antiviral,Protease Inhibitor,15117-794-39,448.41,Topical Gel,"1.0 % Topical Gel, 60 g tube. Typical dosing: twice daily.","keantine is a protease inhibitor medication classified under antiviral drugs.

Mechanism of Action: keantine works by modulating biochemical pathways involved in the disease process.

Pharmacokinetics: Bioavailability is approximately 60-80% after oral administration. Does not significantly penetrate the blood-brain barrier. Extensively metabolized in the liver via CYP450 enzymes, primarily CYP3A4. Eliminated through both renal and biliary routes.

Contraindications: Pregnancy and lactation; Severe renal impairment; Severe hepatic impairment.

Common Adverse Effects: Headache, Vomiting, Abdominal pain, Rash.",,738
977,Sesetron,Pfisesetron Sodium,Pfizer,Gastrointestinal,Antidiarrheal,38617-677-80,64.53,Drops,"30 mg Drops, 100 units per package. Typical dosing: as directed by physician.","sesetron is indicated for the treatment of various gastrointestinal motility disorders and functional gastrointestinal syndromes.

Mechanism of Action: sesetron works by forming a protective barrier over inflamed areas in the gastrointestinal tract.

Pharmacokinetics: Absorption is pH-dependent, optimized in acidic environment. Widely distributed throughout body tissues. Subject to minimal metabolism, with most of the drug excreted unchanged. Eliminated through both renal and biliary routes.

Contraindications: Severe renal impairment; Inflammatory bowel disease in acute phase; Gastrointestinal perforation; Active gastrointestinal bleeding; Severe hepatic impairment.

Common Adverse Effects: Dizziness, Dyspepsia, Nausea, Flatulence, Fatigue, Dry mouth.",TPMT,397
978,Accycline,PH-accycline,Piramal Healthcare,Antiviral,Fusion Inhibitor,36339-989-24,935.47,Inhalation Solution,"2.5 % Inhalation Solution, 15 mL bottle. Typical dosing: twice daily.","accycline is a fusion inhibitor medication classified under antiviral drugs.

Mechanism of Action: accycline works by inhibiting key enzymes in pathological processes.

Pharmacokinetics: Bioavailability is approximately 60-80% after oral administration. Distribution limited primarily to the vascular compartment. Primarily metabolized by CYP2D6 with genetic polymorphisms affecting rate of metabolism. Elimination rate depends on hepatic function.

Contraindications: Severe renal impairment; Hypersensitivity to the active substance or any of the excipients; Pregnancy and lactation; Severe hepatic impairment.

Common Adverse Effects: Rash, Fatigue, Pruritus, Nausea, Abdominal pain.",,410
979,Azmycin,azmycin,Eli Lilly,Cardiovascular,Anticoagulant,35606-604-43,77.42,Topical Gel,"2.5 % Topical Gel, 45 g tube. Typical dosing: twice daily.","azmycin belongs to the class of anticoagulant medications and is used to treat various cardiovascular disorders including coronary artery disease.

Mechanism of Action: azmycin works by selectively blocking beta-adrenergic receptors, reducing the effects of epinephrine.

Pharmacokinetics: Absorption is enhanced when taken with food. Does not significantly penetrate the blood-brain barrier. Metabolized to active metabolites that contribute to the therapeutic effect. Terminal half-life of approximately 12-24 hours.

Contraindications: Pregnancy and lactation; Severe hepatic impairment; Severe bradycardia; Hypersensitivity to the active substance or any of the excipients.

Common Adverse Effects: Chest pain, Dizziness, Flushing, Rash, Nausea, Headache.",,446
980,Toracil,toracil Plus,Celgene,Antidiabetic,Alpha-Glucosidase Inhibitor,64465-628-36,68.28,Transdermal Patch,"2.5 mg/24h Transdermal Patch, 4 patches per box. Typical dosing: once daily.","toracil stimulates insulin secretion from pancreatic beta cells, helping to lower blood glucose levels in diabetic patients.

Mechanism of Action: toracil works by inhibiting sodium-glucose cotransporter 2 (SGLT2) in the kidneys, increasing urinary glucose excretion.

Pharmacokinetics: Bioavailability is approximately 60-80% after oral administration. Low protein binding (<30%). Metabolized through multiple pathways with no single dominant route. Short half-life of 2-4 hours requiring multiple daily dosing.

Contraindications: Type 1 diabetes mellitus (for certain antidiabetic classes); Diabetic ketoacidosis; Severe hepatic impairment; Severe renal impairment (GFR < 30 mL/min); Pregnancy and lactation.

Common Adverse Effects: Fatigue, Pruritus, Weight gain, Peripheral edema, Dizziness.",,427
981,Namustine,namustine HCT,Biocon,Otological,Anti-Infective,16535-694-76,61.71,Extended-Release Tablet,"500 mg Extended-Release Tablet, 120 Extended-Release Tablets per bottle. Typical dosing: twice daily.","namustine is a anti-infective medication classified under otological drugs.

Mechanism of Action: namustine works by enhancing physiological defense mechanisms.

Pharmacokinetics: Well absorbed through transdermal application. Moderately protein-bound (approximately 60-80%). Primarily metabolized by CYP2D6 with genetic polymorphisms affecting rate of metabolism. Eliminated primarily via renal excretion of unchanged drug.

Contraindications: Hypersensitivity to the active substance or any of the excipients; Severe renal impairment; Severe hepatic impairment; Pregnancy and lactation.

Common Adverse Effects: Dizziness, Abdominal pain, Fatigue, Diarrhea, Vomiting, Rash.",,581
982,Cadipine,cadipine,Novartis,Hormonal,Androgen,69467-111-86,149.24,Inhalation Powder,"10 mcg/dose Inhalation Powder, 120 doses per inhaler. Typical dosing: once daily.","cadipine belongs to the class of androgen agents within the hormonal category.

Mechanism of Action: cadipine works by enhancing physiological defense mechanisms.

Pharmacokinetics: Absorption is enhanced when taken with food. Crosses the blood-brain barrier. Metabolism shows significant inter-individual variability. Excreted in urine as metabolites.

Contraindications: Hypersensitivity to the active substance or any of the excipients; Severe hepatic impairment; Pregnancy and lactation; Severe renal impairment.

Common Adverse Effects: Pruritus, Dizziness, Vomiting, Nausea, Headache, Fatigue, Diarrhea.",,627
983,Tamab,tamab Potassium CR,Amgen,Anticancer,Hormone Therapy,51107-960-97,1118.44,Buccal Tablet,"50 mg Buccal Tablet, 50 Buccal Tablets per bottle. Typical dosing: as directed by physician.","tamab is used in the treatment of conditions requiring anticancer therapy.

Mechanism of Action: tamab works by enhancing physiological defense mechanisms.

Pharmacokinetics: Absorption is pH-dependent, optimized in acidic environment. Highly protein-bound (approximately 90-95%). Metabolized to active metabolites that contribute to the therapeutic effect. Terminal half-life of approximately 12-24 hours.

Contraindications: Severe renal impairment; Pregnancy and lactation; Severe hepatic impairment.

Common Adverse Effects: Rash, Pruritus, Headache, Abdominal pain, Vomiting, Dizziness.","CYP2E1,COMT,IFNL3",574
984,Lacycline,BI-lacycline,Boehringer Ingelheim,Nutritional,Caloric Agent,27905-241-25,6.25,Buccal Tablet,"500 mg Buccal Tablet, 90 Buccal Tablets per bottle. Typical dosing: once daily.","lacycline is a caloric agent medication classified under nutritional drugs.

Mechanism of Action: lacycline works by inhibiting key enzymes in pathological processes.

Pharmacokinetics: Absorption is pH-dependent, optimized in acidic environment. Moderately protein-bound (approximately 60-80%). Metabolized to active metabolites that contribute to the therapeutic effect. Eliminated through both renal and biliary routes.

Contraindications: Severe hepatic impairment; Severe renal impairment; Pregnancy and lactation.

Common Adverse Effects: Headache, Fatigue, Diarrhea, Abdominal pain, Rash.",,460
985,Tevir,tevir,Strides Pharma,Nutritional,Amino Acid,42047-589-95,21.09,Inhalation Powder,"200 mcg/dose Inhalation Powder, 120 doses per inhaler. Typical dosing: twice daily.","tevir is a amino acid medication classified under nutritional drugs.

Mechanism of Action: tevir works by inhibiting key enzymes in pathological processes.

Pharmacokinetics: Rapidly absorbed from the gastrointestinal tract. Highly protein-bound (approximately 90-95%). Extensively metabolized in the liver via CYP450 enzymes, primarily CYP3A4. Short half-life of 2-4 hours requiring multiple daily dosing.

Contraindications: Severe hepatic impairment; Severe renal impairment; Hypersensitivity to the active substance or any of the excipients.

Common Adverse Effects: Headache, Dizziness, Nausea, Abdominal pain, Pruritus, Fatigue.","VKORC1,OPRM1",358
986,Reglitazone,reglitazone Hydrochloride,GlaxoSmithKline,Immunological,Immunosuppressant,40507-593-40,570.92,Inhalation Solution,"5.0 % Inhalation Solution, 150 mL bottle. Typical dosing: once daily.","reglitazone is indicated for therapeutic applications related to immunological conditions.

Mechanism of Action: reglitazone works by modulating biochemical pathways involved in the disease process.

Pharmacokinetics: Absorption is reduced when taken with food. Low protein binding (<30%). Metabolized via non-CYP450 pathways. Excreted in urine as metabolites.

Contraindications: Severe renal impairment; Hypersensitivity to the active substance or any of the excipients; Pregnancy and lactation; Severe hepatic impairment.

Common Adverse Effects: Pruritus, Abdominal pain, Rash, Nausea, Headache, Dizziness, Vomiting.",CYP2C9,562
987,Tezolam,tezolam SR,Sanofi,Ophthalmological,Mydriatic,63552-314-84,47.91,Tablet,"500 mcg Tablet, 120 Tablets per bottle. Typical dosing: once daily.","tezolam is indicated for therapeutic applications related to ophthalmological conditions.

Mechanism of Action: tezolam works by inhibiting key enzymes in pathological processes.

Pharmacokinetics: Subject to significant first-pass metabolism resulting in reduced bioavailability. Accumulates in adipose tissue due to lipophilic properties. Undergoes conjugation reactions in the liver. Terminal half-life of approximately 12-24 hours.

Contraindications: Severe renal impairment; Severe hepatic impairment; Hypersensitivity to the active substance or any of the excipients; Pregnancy and lactation.

Common Adverse Effects: Rash, Pruritus, Nausea, Abdominal pain, Dizziness, Diarrhea, Headache.",G6PD,506
988,Natoin,natoin,Boehringer Ingelheim,Anticancer,Antimetabolite,31299-161-16,639.44,Orally Disintegrating Tablet,"25 mg Orally Disintegrating Tablet, 10 Orally Disintegrating Tablets per bottle. Typical dosing: as directed by physician.","natoin is used in the treatment of conditions requiring anticancer therapy.

Mechanism of Action: natoin works by inhibiting key enzymes in pathological processes.

Pharmacokinetics: Absorption is enhanced when taken with food. Widely distributed throughout body tissues. Metabolized through multiple pathways with no single dominant route. Short half-life of 2-4 hours requiring multiple daily dosing.

Contraindications: Severe renal impairment; Severe hepatic impairment; Hypersensitivity to the active substance or any of the excipients; Pregnancy and lactation.

Common Adverse Effects: Diarrhea, Pruritus, Headache, Dizziness.",,630
989,Naglitazone,naglitazone,Amgen,Antidiabetic,SGLT2 Inhibitor,97031-404-74,76.47,Oral Suspension,"1000 mcg/mL Oral Suspension, 480 mL bottle. Typical dosing: twice daily.","naglitazone improves insulin sensitivity and reduces hepatic glucose production, leading to better glycemic control.

Mechanism of Action: naglitazone works by inhibiting sodium-glucose cotransporter 2 (SGLT2) in the kidneys, increasing urinary glucose excretion.

Pharmacokinetics: Bioavailability is approximately 60-80% after oral administration. Moderately protein-bound (approximately 60-80%). Metabolism shows significant inter-individual variability. Elimination rate depends on hepatic function.

Contraindications: Acute or chronic metabolic acidosis; Severe renal impairment; Hypersensitivity to the active substance or any of the excipients.

Common Adverse Effects: Abdominal pain, Diarrhea, Vomiting, Lactic acidosis, Headache.",,552
990,Inpril,inpril,Merck KGaA,Cardiovascular,Beta Blocker,94965-111-18,129.12,Ophthalmic Solution,"10.0 mg/mL Ophthalmic Solution, 30 mL bottle. Typical dosing: twice daily.","inpril is indicated for the treatment of hypertension, either alone or in combination with other antihypertensive agents.

Mechanism of Action: inpril works by reducing the activity of the renin-angiotensin-aldosterone system.

Pharmacokinetics: Subject to significant first-pass metabolism resulting in reduced bioavailability. Moderately protein-bound (approximately 60-80%). Metabolized to active metabolites that contribute to the therapeutic effect. Elimination rate depends on hepatic function.

Contraindications: Severe hepatic impairment; Bilateral renal artery stenosis; Severe renal impairment; Pregnancy and lactation; Acute heart failure.

Common Adverse Effects: Headache, Abdominal pain, Pruritus, Nausea.","SLCO1B1,CYP2D6",416
991,Hedronate,hedronate,AstraZeneca,Dermatological,Antipruritic,66667-681-13,68.66,Extended-Release Capsule,"10 mcg Extended-Release Capsule, 60 Extended-Release Capsules per bottle. Typical dosing: once daily.","hedronate is indicated for therapeutic applications related to dermatological conditions.

Mechanism of Action: hedronate works by enhancing physiological defense mechanisms.

Pharmacokinetics: Rapidly absorbed from the gastrointestinal tract. Distribution limited primarily to the vascular compartment. Subject to minimal metabolism, with most of the drug excreted unchanged. Prolonged half-life allowing once-daily dosing.

Contraindications: Severe hepatic impairment; Pregnancy and lactation; Hypersensitivity to the active substance or any of the excipients; Severe renal impairment.

Common Adverse Effects: Headache, Dizziness, Fatigue, Vomiting.",,606
992,Nedipine,nedipine HCT,Lupin,Cardiovascular,ACE Inhibitor,61722-717-34,87.06,Extended-Release Tablet,"75 mcg Extended-Release Tablet, 10 Extended-Release Tablets per bottle. Typical dosing: twice daily.","nedipine is primarily used to reduce the risk of cardiovascular events in patients with established cardiovascular disease or multiple risk factors.

Mechanism of Action: nedipine works by promoting sodium and water excretion by inhibiting sodium reabsorption in the distal tubule.

Pharmacokinetics: Bioavailability is approximately 60-80% after oral administration. Highly protein-bound (approximately 90-95%). Metabolized through multiple pathways with no single dominant route. Prolonged half-life allowing once-daily dosing.

Contraindications: Severe hepatic impairment; Severe bradycardia; Acute heart failure; Pregnancy and lactation; Bilateral renal artery stenosis.

Common Adverse Effects: Rash, Pruritus, Vomiting, Syncope.",,591
993,Fimycin,TP-fimycin Citrate,Torrent Pharmaceuticals,Musculoskeletal,Antirheumatic,53709-239-10,79.78,Vaginal Suppository,"20 mg Vaginal Suppository, 50 units per package. Typical dosing: three times daily.","fimycin is a antirheumatic medication classified under musculoskeletal drugs.

Mechanism of Action: fimycin works by modulating biochemical pathways involved in the disease process.

Pharmacokinetics: Absorption is enhanced when taken with food. Distribution limited primarily to the vascular compartment. Undergoes conjugation reactions in the liver. Excreted in urine as metabolites.

Contraindications: Severe renal impairment; Pregnancy and lactation; Severe hepatic impairment; Hypersensitivity to the active substance or any of the excipients.

Common Adverse Effects: Diarrhea, Fatigue, Abdominal pain, Rash.",DPYD,529
994,Fifloxacin,TP-fifloxacin,Teva Pharmaceutical,Dermatological,Keratolytic,91936-680-55,51.66,Rectal Suppository,"15.0 mg Rectal Suppository, 100 units per package. Typical dosing: three times daily.","fifloxacin is indicated for therapeutic applications related to dermatological conditions.

Mechanism of Action: fifloxacin works by enhancing physiological defense mechanisms.

Pharmacokinetics: Absorption is enhanced when taken with food. Crosses the blood-brain barrier. Metabolized to active metabolites that contribute to the therapeutic effect. Elimination rate depends on hepatic function.

Contraindications: Hypersensitivity to the active substance or any of the excipients; Severe hepatic impairment; Pregnancy and lactation; Severe renal impairment.

Common Adverse Effects: Diarrhea, Dizziness, Pruritus, Abdominal pain, Headache, Nausea, Vomiting.",,642
995,Ficycline,BS-ficycline Maleate,Bristol-Myers Squibb,Antibiotic,Tetracycline,96426-315-35,16.11,Rectal Suppository,"500 mg Rectal Suppository, 50 units per package. Typical dosing: three times daily.","ficycline demonstrates bactericidal activity against a wide spectrum of pathogens commonly associated with respiratory, skin, and urinary tract infections.

Mechanism of Action: ficycline works by interfering with bacterial folate synthesis, inhibiting DNA and RNA production.

Pharmacokinetics: Slowly absorbed after oral administration. Low protein binding (<30%). Metabolism shows significant inter-individual variability. Terminal half-life of approximately 12-24 hours.

Contraindications: Hypersensitivity to the active substance or any of the excipients; Severe hepatic impairment; Pregnancy and lactation; Known bacterial resistance.

Common Adverse Effects: Tooth discoloration, Allergic reactions, Vomiting, Candidiasis, Headache.",,302
996,Rocitabine,rocitabine Oral,Amgen,Antiviral,CCR5 Antagonist,40967-275-42,537.94,Effervescent Tablet,"20 mg Effervescent Tablet, 14 Effervescent Tablets per bottle. Typical dosing: once daily.","rocitabine belongs to the class of ccr5 antagonist agents within the antiviral category.

Mechanism of Action: rocitabine works by counteracting pathological changes in tissue function.

Pharmacokinetics: Rapidly absorbed from the gastrointestinal tract. Low protein binding (<30%). Undergoes conjugation reactions in the liver. Eliminated through both renal and biliary routes.

Contraindications: Severe hepatic impairment; Hypersensitivity to the active substance or any of the excipients; Pregnancy and lactation; Severe renal impairment.

Common Adverse Effects: Vomiting, Rash, Dizziness, Abdominal pain.",,477
997,Viplatin,Amgviplatin,Amgen,Otological,Cerumenolytic,45068-422-33,58.8,Injection,"1000 mcg/mL Injection, 50 50 mL vials. Typical dosing: twice daily.","viplatin is a cerumenolytic medication classified under otological drugs.

Mechanism of Action: viplatin works by counteracting pathological changes in tissue function.

Pharmacokinetics: Absorption is reduced when taken with food. Does not significantly penetrate the blood-brain barrier. Undergoes conjugation reactions in the liver. Short half-life of 2-4 hours requiring multiple daily dosing.

Contraindications: Severe renal impairment; Pregnancy and lactation; Severe hepatic impairment; Hypersensitivity to the active substance or any of the excipients.

Common Adverse Effects: Vomiting, Rash, Fatigue, Pruritus, Diarrhea, Abdominal pain.",,575
998,Tophylline,BI-tophylline,Baxter International,Respiratory,Decongestant,74957-144-90,104.65,Inhalation Solution,"1.0 mg/mL Inhalation Solution, 60 mL bottle. Typical dosing: every 4-6 hours as needed.","tophylline is a decongestant indicated for the treatment of asthma and chronic obstructive pulmonary disease (COPD).

Mechanism of Action: tophylline works by stimulating beta-2 adrenergic receptors in bronchial smooth muscle, causing bronchodilation.

Pharmacokinetics: Slowly absorbed after oral administration. Crosses the blood-brain barrier. Metabolized through multiple pathways with no single dominant route. Clearance is reduced in patients with renal impairment.

Contraindications: Status asthmaticus; Severe renal impairment; Known hypersensitivity to adrenergic compounds.

Common Adverse Effects: Pruritus, Bronchospasm, Diarrhea, Dizziness, Abdominal pain.",,498
999,Fluphylline,fluphylline Hydrochloride HCT,Boehringer Ingelheim,Respiratory,Bronchodilator,29507-462-95,133.26,Syrup,"50.0 mg/mL Syrup, 15 mL bottle. Typical dosing: once daily.","fluphylline is used for symptomatic relief of respiratory tract disorders characterized by congestion and inflammation.

Mechanism of Action: fluphylline works by reducing mucus production and improving mucociliary clearance.

Pharmacokinetics: Absorption is reduced when taken with food. Low protein binding (<30%). Metabolized to active metabolites that contribute to the therapeutic effect. Terminal half-life of approximately 12-24 hours.

Contraindications: Severe COPD with respiratory insufficiency; Hypersensitivity to the active substance or any of the excipients; Pregnancy and lactation; Severe hepatic impairment.

Common Adverse Effects: Headache, Nausea, Vomiting, Dizziness, Cough, Pharyngitis.",,691
1000,Doparib,Biodoparib,Biocon,Antiviral,Nucleoside Analog,68528-639-53,848.8,Rectal Suppository,"20 mg Rectal Suppository, 30 units per package. Typical dosing: once daily.","doparib is used in the treatment of conditions requiring antiviral therapy.

Mechanism of Action: doparib works by counteracting pathological changes in tissue function.

Pharmacokinetics: Slowly absorbed after oral administration. Crosses the blood-brain barrier. Metabolized to active metabolites that contribute to the therapeutic effect. Eliminated through both renal and biliary routes.

Contraindications: Hypersensitivity to the active substance or any of the excipients; Severe hepatic impairment; Severe renal impairment; Pregnancy and lactation.

Common Adverse Effects: Headache, Rash, Abdominal pain, Fatigue, Nausea, Dizziness, Pruritus.",,402
